unique_id,task_desc,obj_type,verbs,goal_phase,issue_text,learning_text,valid_level,issue_task_id,issue_trial_num,issue_step_range,evidence_task_id,evidence_trial_num,evidence_step_range
1,Find the average age of losers and winners of all matches.,"matches table, winner_age column, loser_age column","SELECT, AVG",QUERY,"Attempted to directly average 'winner_age' and 'loser_age' columns, but they contained no data.",Verify column data presence using COUNT before attempting aggregation on potentially empty columns.,VALID_SAME_TRIAL,sql_9,1,13-14,sql_9,1,15-16
2,Find the average age of losers and winners of all matches.,"SQL syntax, STRFTIME function","SELECT, STRFTIME, YEAR",QUERY,"Used `STRFTIME` function, which is not supported in MySQL, leading to a syntax error.",Use `YEAR()` function for extracting the year from dates in MySQL instead of `STRFTIME`.,VALID_SAME_TRIAL,sql_9,1,39-40,sql_9,1,41-42
3,Find the average age of losers and winners of all matches.,"matches table, players table, tourney_date column, birth_date column","SELECT, AVG, YEAR, JOIN",QUERY,Calculated age using `YEAR(tourney_date) - YEAR(birth_date)` but resulted in NULL averages.,"Verify the presence of non-NULL values in joined date columns (`tourney_date`, `birth_date`) using `COUNT()` to confirm data availability for calculation.",VALID_SAME_TRIAL,sql_9,1,37-38,sql_9,1,47-48
4,Find the average age of losers and winners of all matches.,"SQL syntax, CAST, STRFTIME","SELECT, AVG, CAST, STRFTIME, YEAR",QUERY,"Used `STRFTIME` and `CAST(... AS INTEGER)` for age calculation, which are invalid MySQL syntax.","Use `YEAR()` function for extracting the year from dates in MySQL, avoiding `STRFTIME` and explicit `CAST` to INTEGER.",VALID_SAME_TRIAL,sql_9,4,2-3,sql_9,4,4-5
5,Find the average age of losers and winners of all matches.,"matches table, players table, tourney_date column, birth_date column","SELECT, AVG, YEAR, JOIN",QUERY,Calculated age using `YEAR(tourney_date) - YEAR(birth_date)` but resulted in NULL averages.,"Before calculating averages, confirm that joined tables contain non-NULL values in relevant date columns (`tourney_date`, `birth_date`) using `COUNT()` to ensure data availability.",VALID_SAME_TRIAL,sql_9,4,4-5,sql_9,4,6-7
6,Find the average age of losers and winners of all matches.,"matches table, players table, tourney_date column, birth_date column","SELECT, AVG, YEAR, JOIN",QUERY,Attempted to calculate average age from `tourney_date` and `birth_date` but received NULLs due to missing data.,"When data is confirmed unavailable for calculation, explicitly return NULL values as the answer.",VALID_SAME_TRIAL,sql_9,6,10-11,sql_9,6,13-14
7,Give the mean GNP and total population of nations which are considered US territory.,"country table, Region column","SELECT, WHERE",QUERY,Incorrect filtering logic: 'US Territory' not found in Region column.,Explore distinct values in relevant columns to understand data representation.,VALID_SAME_TRIAL,sql_26,1,6-6,sql_26,1,10-10
8,Give the mean GNP and total population of nations which are considered US territory.,"country table, Name column","SELECT, WHERE",QUERY,Incorrect filtering logic: 'United States Minor Outlying Islands' has zero GNP/Population.,Identify US territories by common names when direct schema identification is not possible.,VALID_NEXT_TRIAL,sql_26,1,16-16,sql_26,2,2-2
9,Give the mean GNP and total population of nations which are considered US territory.,SQL CAST function,CAST,REFINE,Incorrect data type for CAST function: 'INTEGER' is not valid in MySQL.,"Use MySQL-specific data types for CAST, such as FLOAT for decimals and SIGNED for integers.",VALID_SAME_TRIAL,sql_26,4,2-2,sql_26,4,4-4
10,How many times at most can a course enrollment result show in different transcripts? Also show the course enrollment id.,"student_enrolment_courses table, transcript_contents table, student_course_id column, transcript_id column","SELECT, COUNT, JOIN, GROUP BY, ORDER BY, LIMIT",QUERY,SQL syntax error: Unknown table alias 'T1' or 'T2' in SELECT clause without FROM/JOIN.,Always include FROM and JOIN clauses with table aliases when referencing columns from multiple tables.,VALID_SAME_TRIAL,sql_33,1,16-17,sql_33,1,22-23
11,How many times at most can a course enrollment result show in different transcripts? Also show the course enrollment id.,SQL query structure,SELECT,QUERY,"Incomplete SQL query, only providing 'SELECT' without further clauses.","Construct a complete SQL query including SELECT, FROM, JOIN, GROUP BY, ORDER BY, and LIMIT clauses.",VALID_SAME_TRIAL,sql_33,5,6-7,sql_33,5,54-55
12,How many times at most can a course enrollment result show in different transcripts? Also show the course enrollment id.,SQL query structure,"SELECT, FROM, JOIN",QUERY,"Referencing table aliases (T1, T2) in SELECT without defining them in FROM/JOIN.",Ensure table aliases are correctly defined in the FROM and JOIN clauses before being used in SELECT.,VALID_SAME_TRIAL,sql_33,5,50-51,sql_33,5,54-55
13,How many times at most can a course enrollment result show in different transcripts? Also show the course enrollment id.,SQL query structure,"SELECT, FROM, JOIN",QUERY,"Referencing table aliases (T1, T2) in SELECT without defining them in FROM/JOIN.",Ensure table aliases are correctly defined in the FROM and JOIN clauses before being used in SELECT.,VALID_SAME_TRIAL,sql_33,6,38-39,sql_33,6,44-45
14,"Show the names of high schoolers who have likes, and numbers of likes for each.","highschooler table, likes table, ID column, student_id column, liked_id column","SELECT, JOIN, COUNT, GROUP BY",QUERY,Incorrect interpretation of 'who have likes' leading to wrong JOIN condition.,"Correctly interpret 'who have likes' as high schoolers who are doing the liking, joining highschooler.ID with likes.student_id.",VALID_NEXT_TRIAL,sql_34,1,12-13,sql_34,2,12-13
15,"Show the names of high schoolers who have likes, and numbers of likes for each.","SQL query structure, table aliases","SELECT, FROM, JOIN",QUERY,SQL syntax error: using table aliases before defining them in the FROM clause.,Always define table aliases in the FROM clause before using them in SELECT or JOIN conditions.,VALID_SAME_TRIAL,sql_34,2,14-15,sql_34,2,16-17
16,"Show the names of high schoolers who have likes, and numbers of likes for each.","highschooler table, likes table, ID column, student_id column, liked_id column","SELECT, JOIN, COUNT, GROUP BY",QUERY,Incorrect interpretation of 'who have likes' leading to wrong JOIN condition.,"Correctly interpret 'who have likes' as high schoolers who are doing the liking, joining highschooler.ID with likes.student_id.",VALID_NEXT_TRIAL,sql_34,3,12-13,sql_34,2,12-13
17,"Show the names of high schoolers who have likes, and numbers of likes for each.","highschooler table, likes table, ID column, student_id column, liked_id column","SELECT, JOIN, COUNT, GROUP BY",QUERY,Incorrect interpretation of 'who have likes' leading to wrong JOIN condition.,"Correctly interpret 'who have likes' as high schoolers who are doing the liking, joining highschooler.ID with likes.student_id.",VALID_NEXT_TRIAL,sql_34,4,10-11,sql_34,2,12-13
18,"Show the names of high schoolers who have likes, and numbers of likes for each.","highschooler table, likes table, ID column, student_id column, liked_id column","SELECT, JOIN, COUNT, GROUP BY",QUERY,Incorrect interpretation of 'who have likes' leading to wrong JOIN condition.,"Correctly interpret 'who have likes' as high schoolers who are doing the liking, joining highschooler.ID with likes.student_id.",VALID_NEXT_TRIAL,sql_34,5,10-11,sql_34,2,12-13
19,"Show the names of high schoolers who have likes, and numbers of likes for each.","highschooler table, likes table, ID column, student_id column, liked_id column","SELECT, JOIN, COUNT, GROUP BY",QUERY,Incorrect interpretation of 'who have likes' leading to wrong JOIN condition.,"Correctly interpret 'who have likes' as high schoolers who are doing the liking, joining highschooler.ID with likes.student_id.",VALID_NEXT_TRIAL,sql_34,6,10-11,sql_34,2,12-13
20,"Show the names of high schoolers who have likes, and numbers of likes for each.","highschooler table, likes table, ID column, student_id column, liked_id column","SELECT, JOIN, COUNT, GROUP BY",QUERY,Incorrect interpretation of 'who have likes' leading to wrong JOIN condition.,"Correctly interpret 'who have likes' as high schoolers who are doing the liking, joining highschooler.ID with likes.student_id.",VALID_NEXT_TRIAL,sql_34,7,10-11,sql_34,2,12-13
21,Show the names of high school students and their corresponding number of friends.,"friend table, highschooler table, student_id column, friend_id column","SELECT, COUNT, JOIN, GROUP BY",REFINE,"Incorrectly assumed friendship is unidirectional, leading to an undercount of friends.",Recognize that friendship is symmetric; use UNION ALL to combine both directions of friendship for a complete count.,VALID_NEXT_TRIAL,sql_35,1,14-14,sql_35,3,28-28
22,Show the names of high school students and their corresponding number of friends.,SQL syntax,SELECT,QUERY,Attempted to execute an incomplete SQL query (only SELECT clause).,"Always provide a complete SQL query including SELECT, FROM, JOIN, and GROUP BY clauses in one action.",VALID_SAME_TRIAL,sql_35,3,14-14,sql_35,3,28-28
23,Show the names of high school students and their corresponding number of friends.,Table aliases,"SELECT, JOIN",QUERY,Used undefined table aliases (T1) in SELECT clause before FROM/JOIN.,Ensure all table aliases are defined in the FROM or JOIN clauses before being referenced in SELECT.,VALID_SAME_TRIAL,sql_35,3,16-16,sql_35,3,28-28
24,Show the names of high school students and their corresponding number of friends.,Column names,"SELECT, JOIN",QUERY,"Referenced non-existent columns (T2.ID2, T2.ID1) in the query.",Always verify column names from schema (`SHOW COLUMNS FROM table`) before using them in queries.,VALID_SAME_TRIAL,sql_35,7,2-2,sql_35,7,12-12
25,What is the description of the treatment type that costs the least money in total?,"charges table, treatments table, treatment_types table","JOIN, SELECT, SUM, GROUP BY, ORDER BY",QUERY,Incorrectly joining 'charges' and 'treatment_types' tables directly using 'treatment_type_code'.,Examine schema of related tables to identify correct join keys and relevant cost columns.,VALID_SAME_TRIAL,sql_46,1,10-11,sql_46,1,13-26
26,What is the description of the treatment type that costs the least money in total?,"charges table, treatments table","SELECT, SUM",REFINE,Misunderstanding which table contains the relevant cost information for treatment types.,Identify the correct cost column ('cost_of_treatment' in 'treatments') after schema exploration.,VALID_SAME_TRIAL,sql_46,1,10-11,sql_46,1,22-26
27,What the smallest version number and its template type code?,"templates table, Version_Number column, Template_Type_Code column","SELECT, MIN, GROUP BY, ORDER BY, LIMIT",QUERY,Incorrect use of aggregate function MIN() without GROUP BY for non-aggregated columns.,"To find the corresponding non-aggregated column for a minimum value, use ORDER BY and LIMIT 1 instead of MIN() with SELECT.",VALID_SAME_TRIAL,sql_54,1,6-6,sql_54,1,9-9
28,Show the student IDs and numbers of friends corresponding to each.,"friend table, student_id, friend_id columns","SELECT, COUNT, GROUP BY",QUERY,Incorrectly joining tables and referencing non-existent columns.,Verify column names and table structure before constructing JOIN clauses to avoid 'Unknown column' errors.,VALID_SAME_TRIAL,sql_59,1,10-10,sql_59,1,12-12
29,Show the student IDs and numbers of friends corresponding to each.,"friend table, student_id, friend_id columns","SELECT, COUNT, GROUP BY",REFINE,"Misinterpreting the `friend` table schema for mutual friendships, leading to overcomplication.",Re-evaluate schema interpretation based on initial query results and task description to simplify the query.,VALID_SAME_TRIAL,sql_59,1,6-6,sql_59,1,14-14
30,What are the names of tournaments that have more than 10 matches?,matches table,"SELECT, COUNT, GROUP BY, HAVING",QUERY,"Querying an empty table leads to empty result sets, preventing task completion.",Always verify table contents with COUNT(*) or SELECT * LIMIT N before complex queries.,VALID_SAME_TRIAL,sql_75,1,10-11,sql_75,1,12-13
31,What are the names of tournaments that have more than 10 matches?,submission format,submit,VERIFY,Incorrectly submitting natural language explanations with the 'submit' command.,"When data is insufficient, submit a concise string like 'Insufficient data' as the answer, potentially via SELECT.",VALID_NEXT_TRIAL,sql_75,2,10-11,sql_75,4,10-11
32,"What are the first names of all players, and their average rankings?","players table, rankings table","SELECT, FROM, JOIN",QUERY,"Missing FROM clause in SELECT statement, leading to 'Unknown table' error.",Always include the FROM clause with table aliases when referencing columns from multiple tables.,VALID_SAME_TRIAL,sql_80,1,14-14,sql_80,1,17-17
33,"What are the first names of all players, and their average rankings?","players table, rankings table","SELECT, JOIN, COUNT",REFINE,"Query returned empty result set, indicating potential data absence.",Verify table data presence using COUNT(*) when queries return unexpected empty results.,VALID_SAME_TRIAL,sql_80,1,18-18,sql_80,1,20-24
34,Return the codes of countries for which Spanish is the predominantly spoken language.,"countrylanguage table, Percentage column, IsOfficial column","SELECT, WHERE, AND, JOIN, GROUP BY, MAX",REFINE,Misinterpretation of 'predominantly spoken language' as 'official language'.,"Interpret 'predominantly spoken language' as the language with the highest percentage in a country, not just the official language.",VALID_NEXT_TRIAL,sql_85,2,5-6,sql_85,4,7-8
35,Return the codes of countries for which Spanish is the predominantly spoken language.,"countrylanguage table, Percentage column","SELECT, WHERE, AND, JOIN, GROUP BY, MAX",REFINE,Incorrectly assuming 'predominantly spoken' means the highest percentage across all Spanish-speaking countries.,"To find the predominant language per country, use a subquery to find MAX(Percentage) grouped by CountryCode and join.",VALID_SAME_TRIAL,sql_85,4,3-4,sql_85,4,7-8
36,Return the codes of countries for which Spanish is the predominantly spoken language.,"countrylanguage table, Percentage column","SELECT, WHERE, ORDER BY, LIMIT",REFINE,"Incorrectly using LIMIT 1 to find 'predominantly spoken', returning only one country.",Avoid LIMIT 1 when the question implies multiple results. Consider a percentage threshold for 'predominantly spoken'.,VALID_SAME_TRIAL,sql_85,5,3-4,sql_85,5,9-10
37,Return the codes of countries for which Spanish is the predominantly spoken language.,"countrylanguage table, Percentage column","SELECT, WHERE",REFINE,"Ambiguity in 'predominantly spoken language' definition, leading to a broad result set.","Define 'predominantly spoken' using a clear percentage threshold (e.g., > 50%) when the task is ambiguous.",VALID_SAME_TRIAL,sql_85,5,7-8,sql_85,5,9-10
38,What is the name of the winner with the most rank points who participated in the Australian Open tournament?,matches table,"SELECT, COUNT",EXPLORE,"The 'matches' table is empty, preventing any queries from returning results.",Always verify table contents with COUNT(*) before complex queries to avoid empty result sets.,VALID_SAME_TRIAL,sql_94,1,14-15,sql_94,1,16-17
39,What is the name of the winner with the most rank points who participated in the Australian Open tournament?,"SQL syntax, submit command",submit,VERIFY,Incorrect syntax when using the 'submit' command by including text on the same line.,"The 'submit' command must be on its own line, with the explanation provided as the final answer.",VALID_NEXT_TRIAL,sql_94,1,46-47,sql_94,3,18-19
40,What is the name of the winner with the most rank points who participated in the Australian Open tournament?,"SQL query, table alias","SELECT, JOIN",QUERY,Attempted to select columns using a table alias (T1) before defining it in the FROM clause.,Ensure all table aliases are defined in the FROM or JOIN clauses before being used in SELECT.,VALID_SAME_TRIAL,sql_94,2,14-15,sql_94,2,18-19
41,What is the name of the winner with the most rank points who participated in the Australian Open tournament?,"matches table, tourney_name column","SELECT, WHERE",REFINE,"Initial query for 'Australian Open' returned empty, indicating potential data mismatch or empty table.",Verify the existence and exact spelling of string literals in WHERE clauses by checking distinct values or counting rows.,VALID_SAME_TRIAL,sql_94,2,20-21,sql_94,2,22-23
42,What is the name of the winner with the most rank points who participated in the Australian Open tournament?,qualifying_matches table,"SELECT, COUNT",EXPLORE,"Both 'matches' and 'qualifying_matches' tables were found to be empty, indicating no relevant data.","When primary tables are empty, check related tables for alternative data sources before concluding data unavailability.",VALID_SAME_TRIAL,sql_94,5,20-21,sql_94,5,22-23
43,What are the codes of the countries that do not speak English and whose government forms are not Republic?,"country, countrylanguage tables, Code, Language, GovernmentForm columns","SELECT, JOIN, WHERE, NOT IN, Subquery",REFINE,Query returned duplicate country codes and did not correctly exclude countries speaking English.,Use a subquery with NOT IN to exclude countries that speak English and select distinct country codes.,VALID_SAME_TRIAL,sql_102,1,11-11,sql_102,1,13-13
44,What is the average transcript date?,transcript_date column,"SELECT, AVG, UNIX_TIMESTAMP, FROM_UNIXTIME",REFINE,Directly averaging a datetime column yields a meaningless numerical value.,"Convert datetime to Unix timestamp, average, then convert back to datetime for meaningful average.",VALID_SAME_TRIAL,sql_104,2,6-7,sql_104,2,12-13
45,List the first and last name of all players who are left / L hand in the order of birth date.,players table,"SELECT, COUNT",EXPLORE,"The 'players' table is empty, preventing any data retrieval.",Always verify table contents with COUNT(*) before attempting complex queries.,CANDIDATE,sql_106,1,12-13,sql_106,1,14-15
46,List the first and last name of all players who are left / L hand in the order of birth date.,hand column,"SELECT, WHERE",QUERY,"Initial query for 'L' or 'Left' hand returned empty, indicating incorrect filter value.","Check distinct values of categorical columns (e.g., 'hand') to ensure correct filtering criteria.",CANDIDATE,sql_106,1,6-7,sql_106,1,8-9
47,Find the distinct breed type and size type combinations for dogs.,"breeds table, dogs table, sizes table, breed_name column, size_description column","SELECT, DISTINCT, JOIN",QUERY,Incomplete SELECT statement caused a SQL syntax error.,"Always complete SQL statements, especially SELECT, with columns or expressions before execution.",VALID_SAME_TRIAL,sql_119,6,23-23,sql_119,6,26-26
48,List the first name of all the professionals along with the description of the treatment they have done.,SQL query,SELECT,QUERY,"Incomplete SQL query, resulting in syntax error.","Always write a complete SQL query, including SELECT, FROM, and JOIN clauses, to avoid syntax errors.",VALID_SAME_TRIAL,sql_122,4,20-20,sql_122,4,40-40
49,What other details can you tell me about students in reverse alphabetical order?,SQL query syntax,SELECT,QUERY,Incomplete SELECT statement caused a syntax error.,Always complete the SELECT statement with columns and a FROM clause.,VALID_SAME_TRIAL,sql_125,1,6-7,sql_125,1,8-9
50,What other details can you tell me about students in reverse alphabetical order?,SQL query syntax,SELECT,QUERY,Incomplete SELECT statement caused a syntax error.,Ensure the SELECT statement includes all necessary clauses like FROM and column names.,VALID_SAME_TRIAL,sql_125,2,6-7,sql_125,2,9-10
51,What other details can you tell me about students in reverse alphabetical order?,SQL query syntax,SELECT,QUERY,Incomplete SELECT statement caused a syntax error.,Always specify columns and the FROM clause in a SELECT statement.,VALID_SAME_TRIAL,sql_125,6,10-11,sql_125,6,16-17
52,What other details can you tell me about students in reverse alphabetical order?,Ordering logic,ORDER BY,REFINE,"Incorrect ordering by only first_name, not full alphabetical order.","For full alphabetical order, sort by last_name then first_name.",VALID_NEXT_TRIAL,sql_125,4,6-7,sql_125,7,9-10
53,What other details can you tell me about students in reverse alphabetical order?,Column selection,SELECT,QUERY,"Selected all columns including IDs, which are not 'other details'.","Carefully select only relevant columns, excluding IDs for 'other details'.",VALID_NEXT_TRIAL,sql_125,4,6-7,sql_125,5,6-7
54,What is the total number of countries where Spanish is spoken by the largest percentage of people?,"countrylanguage table, Percentage column","SELECT, JOIN, GROUP BY, MAX",QUERY,Incorrectly identifying the country with the highest percentage of Spanish speakers.,Use a subquery to find the maximum percentage for each country and filter by that.,VALID_SAME_TRIAL,sql_126,2,6-7,sql_126,2,10-11
55,What is the total number of countries where Spanish is spoken by the largest percentage of people?,SQL query syntax,SELECT,QUERY,Incomplete SQL query leading to syntax error.,Always provide a complete SQL query statement to avoid syntax errors.,VALID_SAME_TRIAL,sql_126,2,2-3,sql_126,2,6-7
56,What's the name of the course with most number of enrollments?,"student_enrolment_courses table, student_enrolment_id column, student_course_id column",COUNT,QUERY,Incorrect column used for counting enrollments in GROUP BY.,Use the primary key of the enrollment table (student_course_id) for accurate counting of enrollments.,VALID_NEXT_TRIAL,sql_129,1,14-14,sql_129,2,14-14
57,"What are the names of countries that speak more than 2 languages, as well as how many languages they speak?","country table, countrylanguage table","SELECT, COUNT, JOIN, GROUP BY, HAVING",QUERY,SQL syntax error: Missing FROM clause when using table aliases.,Always include the FROM clause with table names and aliases before referencing columns with aliases in SELECT.,VALID_SAME_TRIAL,sql_134,3,14-14,sql_134,3,17-17
58,"What are the names of countries that speak more than 2 languages, as well as how many languages they speak?","country table, countrylanguage table","SELECT, COUNT, JOIN, GROUP BY, HAVING",QUERY,SQL syntax error: Missing FROM clause when using table aliases.,Ensure table aliases are defined in the FROM/JOIN clause before being used in SELECT.,VALID_SAME_TRIAL,sql_134,7,12-12,sql_134,7,15-15
59,Show names of all high school students who do not have any friends.,"highschooler table, friend table, ID column, student_id column, friend_id column","SELECT, JOIN, WHERE, IS NULL",QUERY,Incorrect use of LEFT JOIN and WHERE conditions to identify non-friends.,Avoid using OR in LEFT JOIN ON clause with IS NULL checks for non-existence; use NOT IN or NOT EXISTS.,VALID_SAME_TRIAL,sql_137,1,15-15,sql_137,1,21-21
60,Show names of all high school students who do not have any friends.,"highschooler table, friend table, ID column, student_id column, friend_id column","SELECT, WHERE, NOT IN, UNION",QUERY,Incorrect subquery logic using UNION for identifying non-friends.,"To find students with no friends, ensure ID is not in student_id AND not in friend_id, rather than using UNION.",VALID_SAME_TRIAL,sql_137,1,21-21,sql_137,1,33-33
61,Show names of all high school students who do not have any friends.,"highschooler table, friend table, ID column, student_id column, friend_id column","SELECT, WHERE, NOT IN, AND",QUERY,"Initial assumption that an empty result set indicates a query error, not data state.","If a logically sound query returns an empty set, consider that the data might not contain matching records.",VALID_SAME_TRIAL,sql_137,1,33-33,sql_137,1,35-35
62,Show names of all high school students who do not have any friends.,"highschooler table, friend table, ID column, student_id column, friend_id column","SELECT, WHERE, NOT EXISTS, OR",QUERY,Repeatedly trying different SQL constructs for the same logic despite consistent empty results.,Trust the logical correctness of the query; an empty result set can be the correct answer if no data matches.,VALID_SAME_TRIAL,sql_137,5,2-2,sql_137,5,4-4
63,How many different winners both participated in the WTA Championships and were left handed?,"matches table, tourney_name column","SELECT, WHERE, LIKE",REFINE,Incorrect assumption about the existence of 'WTA Championships' in tourney_name.,Verify specific string values in columns using SELECT DISTINCT and LIKE before filtering.,VALID_SAME_TRIAL,sql_138,1,12-12,sql_138,1,14-14
64,How many different winners both participated in the WTA Championships and were left handed?,matches table,"SELECT, COUNT",EXPLORE,"Assuming table contains data without prior verification, leading to empty results.",Always check if a table contains data using COUNT(*) before complex queries.,VALID_SAME_TRIAL,sql_138,1,16-16,sql_138,1,20-20
65,What is the department description for the one whose name has the word computer?,"departments table, department_description column","SELECT, LIKE",QUERY,Querying 'department_description' column consistently returns a generic 'error'.,"When a specific column consistently errors, attempt to retrieve other columns to isolate the problem. If the requested column remains inaccessible, provide the closest available information.",CANDIDATE,sql_140,1,6-7,sql_140,1,14-15
66,What is the department description for the one whose name has the word computer?,submit command,submit,VERIFY,Incorrect usage of 'submit' command by including explanatory text or SQL query.,"The 'submit' command must be on its own line, immediately following the final SQL query whose result is the answer.",VALID_NEXT_TRIAL,sql_140,2,12-13,sql_140,4,10-11
67,Tell me the owner id and last name of the owner who spent the most on treatments of his or her dogs.,SQL query syntax,SELECT,QUERY,Incomplete SELECT statement leading to syntax error.,Always write the full SQL query in one action to avoid syntax errors.,VALID_SAME_TRIAL,sql_151,2,20-21,sql_151,2,36-37
68,Tell me the owner id and last name of the owner who spent the most on treatments of his or her dogs.,SQL query syntax,"SELECT, JOIN",QUERY,Referencing table aliases (T1) before FROM/JOIN clauses are defined.,Ensure FROM and JOIN clauses are present before using table aliases in SELECT.,VALID_SAME_TRIAL,sql_151,2,24-25,sql_151,2,36-37
69,Tell me the owner id and last name of the owner who spent the most on treatments of his or her dogs.,"Table/Column references, JOIN conditions","JOIN, SUM",QUERY,Incorrectly joining `treatments` and `charges` tables on `treatment_id`.,"Verify table schemas to identify correct join keys and relevant cost columns (e.g., `cost_of_treatment` in `treatments`).",VALID_SAME_TRIAL,sql_151,6,36-37,sql_151,6,46-47
70,Tell me the owner id and last name of the owner who spent the most on treatments of his or her dogs.,"Schema understanding, Column selection",SUM,REFINE,Confusion between `cost_of_treatment` in `treatments` and `charge_amount` in `charges`.,"Prioritize direct cost columns (e.g., `cost_of_treatment`) over potentially indirect charge tables when question specifies 'cost of treatments'.",VALID_SAME_TRIAL,sql_151,6,42-43,sql_151,6,46-47
71,Show paragraph details for paragraph with text 'Korea ' .,"paragraphs table, Paragraph_Text column","SELECT, WHERE",REFINE,Incorrect string literal matching due to trailing space in query vs. data.,"Analyze query results to identify discrepancies between literal in query and actual data, then adjust the query literal.",CANDIDATE,sql_154,1,6-7,sql_154,5,9-10
72,How many countries have a republic as their form of government?,"country table, GovernmentForm column","SELECT, COUNT, WHERE, LIKE",REFINE,Incorrectly using LIKE '%Republic%' instead of '=' 'Republic' for exact match.,Use the '=' operator for exact string matching when the entire column value is known.,VALID_NEXT_TRIAL,sql_155,1,6-6,sql_155,2,6-6
73,How many matches were played in 2013 or 2016?,"matches table, year column, tourney_date column","SELECT, COUNT, WHERE, YEAR",QUERY,Incorrectly assumed 'year' column was populated for filtering.,"Verify column data (e.g., using SELECT DISTINCT) before relying on it for filtering.",VALID_SAME_TRIAL,sql_166,1,6-6,sql_166,1,12-12
74,How many matches were played in 2013 or 2016?,tourney_date column,"STRFTIME, YEAR",QUERY,Used incorrect SQL function (STRFTIME) for year extraction in MySQL.,Use the correct database-specific function (YEAR() for MySQL) to extract year from a date.,VALID_SAME_TRIAL,sql_166,1,8-8,sql_166,1,10-10
75,How many matches were played in 2013 or 2016?,matches table,COUNT,REFINE,"Assumed table contained data when it was empty, leading to incorrect query results.","Always verify table contents (e.g., with COUNT(*)) if queries return unexpected empty results.",VALID_SAME_TRIAL,sql_166,1,10-10,sql_166,1,16-16
76,What is the average grade of students who have friends?,"friend table, highschooler table","JOIN, SELECT, AVG",QUERY,Incorrect JOIN condition using OR with non-existent columns.,"Use a subquery with UNION to get all relevant IDs for filtering, instead of complex JOIN conditions.",VALID_SAME_TRIAL,sql_169,1,10-10,sql_169,1,13-13
77,What is the average grade of students who have friends?,"friend table, columns","SELECT, UNION",QUERY,"Referencing incorrect column names (ID1, ID2) in subquery.",Always verify table schema using SHOW COLUMNS FROM before constructing queries.,VALID_SAME_TRIAL,sql_169,1,13-13,sql_169,1,16-17
78,What is the average grade of students who have friends?,"friend table, highschooler table","JOIN, SELECT, AVG",QUERY,Incorrectly identifying all students with friends using only student_id in JOIN.,"To find all students with friends, consider both student_id and friend_id columns using UNION in a subquery.",VALID_NEXT_TRIAL,sql_169,2,10-10,sql_169,4,2-2
79,How many degrees does the engineering department offer?,"departments table, department_name column","SELECT, WHERE",REFINE,Incorrect department name used in WHERE clause ('Engineering' instead of 'engineer').,Always verify exact string values from the database using SELECT DISTINCT or by querying the table directly.,VALID_SAME_TRIAL,sql_171,1,15-15,sql_171,1,19-21
80,How many degrees does the engineering department offer?,"departments table, department_name column","SELECT, WHERE",REFINE,Incorrect department name used in WHERE clause ('engineering' instead of 'engineer').,Verify exact string values from the database by listing all distinct values in the relevant column.,VALID_SAME_TRIAL,sql_171,2,5-5,sql_171,2,9-11
81,What are each professional's first name and description of the treatment they have performed?,SQL query,SELECT,QUERY,Incomplete SQL query causing syntax error.,Construct a complete SQL SELECT statement with all necessary clauses.,VALID_NEXT_TRIAL,sql_175,2,19-20,sql_175,3,2-3
82,Find the last name of the students who currently live in the state of North Carolina but have not registered in any degree program.,"student_enrolment table, degree_program_id column","SELECT, NOT IN, IS NOT NULL",REFINE,Incorrectly assumed `degree_program_id IS NOT NULL` for 'registered in any degree program'.,Consult schema to understand column constraints; 'not registered' means student_id not in student_enrolment.,VALID_SAME_TRIAL,sql_177,1,16-16,sql_177,1,20-20
83,Find the last name of the students who currently live in the state of North Carolina but have not registered in any degree program.,"addresses table, state_province_county column","SELECT, JOIN, WHERE",REFINE,"Initial query returned empty result, indicating potential data absence for 'North Carolina'.","Verify intermediate conditions (e.g., existence of students in NC) to debug empty result sets.",VALID_SAME_TRIAL,sql_177,1,22-22,sql_177,1,24-24
84,How many countries speak both English and Dutch?,"countrylanguage table, CountryCode column, Language column","SELECT, COUNT, JOIN, WHERE",QUERY,"Incorrectly counting CountryCode without DISTINCT, leading to potential overcounting.",Use COUNT(DISTINCT column_name) to count unique values when aggregating results from a self-join.,VALID_NEXT_TRIAL,sql_178,1,2-2,sql_178,5,2-2
85,What are the last name of the students who live in North Carolina but have not registered in any degree programs?,"addresses table, state_province_county column","SELECT, WHERE",REFINE,Incorrect state name used in WHERE clause ('NC' instead of 'NorthCarolina').,Verify exact string values in database columns using SELECT DISTINCT before filtering.,VALID_NEXT_TRIAL,sql_179,1,15-15,sql_179,2,23-23
86,What are the last name of the students who live in North Carolina but have not registered in any degree programs?,SQL syntax,N/A,QUERY,"Attempted to execute natural language as a SQL query, resulting in a syntax error.","Ensure all actions are valid SQL queries or specific environment commands (e.g., SHOW TABLES).",VALID_SAME_TRIAL,sql_179,2,2-2,sql_179,2,4-4
87,"Who is enrolled in a Bachelor degree program? List the first name, middle name, last name.",SQL query,SELECT,QUERY,"Incomplete SQL query, only 'SELECT' was provided.","Always provide a complete SQL query, including FROM, JOIN, and WHERE clauses.",VALID_SAME_TRIAL,sql_182,4,26-26,sql_182,4,50-50
88,Which professionals have done at least two types of treatments? List the professional id and cell phone.,SQL query,SELECT,QUERY,"Incomplete SQL query, resulting in syntax error.",Always provide a complete SQL query statement to avoid syntax errors.,VALID_SAME_TRIAL,sql_187,1,6-6,sql_187,1,10-10
89,Which professionals have done at least two types of treatments? List the professional id and cell phone.,Table aliases,"SELECT, FROM",QUERY,Using table aliases (T1) without defining them in the FROM clause.,"Define table aliases in the FROM clause (e.g., `FROM table_name AS T1`) before using them.",VALID_SAME_TRIAL,sql_187,1,10-10,sql_187,1,18-18
90,Which professionals have done at least two types of treatments? List the professional id and cell phone.,"Join condition, Column name","JOIN, ON",REFINE,Incorrect column name (`treatment_type_id` instead of `treatment_type_code`) in JOIN condition.,Verify column names using `SHOW COLUMNS FROM table_name` before constructing JOIN conditions.,VALID_SAME_TRIAL,sql_187,1,18-18,sql_187,1,30-30
91,Which professionals have done at least two types of treatments? List the professional id and cell phone.,Column name,SELECT,REFINE,Incorrect column name `cell_phone` instead of `cell_number` in SELECT and GROUP BY.,Always verify column names using `SHOW COLUMNS FROM table_name` to prevent 'Unknown column' errors.,VALID_SAME_TRIAL,sql_187,4,22-22,sql_187,4,28-28
92,Which professionals have done at least two types of treatments? List the professional id and cell phone.,Column name,"COUNT, HAVING",REFINE,Incorrect column name `treatment_type_id` instead of `treatment_type_code` in HAVING clause.,Confirm column names for aggregation functions using `SHOW COLUMNS FROM table_name` to avoid errors.,VALID_SAME_TRIAL,sql_187,4,28-28,sql_187,4,34-34
93,Show the names of high schoolers who have at least 3 friends.,"friend table, highschooler table","JOIN, GROUP BY, COUNT",QUERY,Incorrect column reference in JOIN condition for 'friend' table.,Always inspect table schema (SHOW COLUMNS FROM table) before assuming column names for JOINs.,VALID_SAME_TRIAL,sql_189,1,6-6,sql_189,1,10-10
94,Show the names of high schoolers who have at least 3 friends.,"friend table, highschooler table","JOIN, GROUP BY, COUNT, UNION ALL",REFINE,Incomplete friend count due to only considering one side of the friendship relation.,"Use UNION ALL on both sides of a symmetric relationship (student_id, friend_id) to get a complete count.",VALID_SAME_TRIAL,sql_189,1,14-14,sql_189,1,18-18
95,Show the names of high schoolers who have at least 3 friends.,"friend table, highschooler table","JOIN, GROUP BY, COUNT",QUERY,"Incorrectly counting friends by only joining on student_id, missing friend_id.","Ensure all relevant columns are considered when counting relationships, especially in symmetric tables.",VALID_NEXT_TRIAL,sql_189,2,14-14,sql_189,1,18-18
96,Find the highest rank of losers in all matches.,"matches table, loser_rank column","SELECT, MAX, WHERE",QUERY,"Attempted to find MAX(loser_rank) from matches, but column was entirely NULL.",Verify column data integrity with COUNT(*) WHERE IS NOT NULL before assuming data exists for aggregation.,VALID_SAME_TRIAL,sql_199,1,8-13,sql_199,1,14-15
97,Find the highest rank of losers in all matches.,"matches table, rankings table, loser_id column, player_id column","SELECT, MAX, JOIN",QUERY,"Attempted to join matches and rankings on loser_id and player_id, but no matching records found.","Before joining, check for common keys using COUNT(DISTINCT) to ensure join will yield results.",VALID_SAME_TRIAL,sql_199,1,20-21,sql_199,1,22-23
98,Find the highest rank of losers in all matches.,"rankings table, ranking column","SELECT, MAX, WHERE",QUERY,"Attempted to find MAX(ranking) from rankings, but column was entirely NULL.",Verify column data integrity with COUNT(*) WHERE IS NOT NULL before assuming data exists for aggregation.,VALID_SAME_TRIAL,sql_199,1,26-27,sql_199,1,28-29
99,Find the highest rank of losers in all matches.,"matches table, rankings table, loser_id column, player_id column, ranking column","SELECT, MAX, JOIN, WHERE",REFINE,Initial attempts to find loser ranks failed due to NULL columns and no join matches.,"If direct data is unavailable, consider if the question can be reinterpreted or if the data is truly insufficient.",VALID_NEXT_TRIAL,sql_199,1,8-31,sql_199,2,14-15
100,Find the number of players for each hand type.,players table,"SELECT, COUNT, GROUP BY",QUERY,"Initial query returned an empty result set, leading to confusion about table emptiness.",Verify table emptiness with COUNT(*) before assuming an empty result set is the final answer.,VALID_SAME_TRIAL,sql_210,1,6-7,sql_210,1,10-11
101,Find the number of players for each hand type.,players table,"SELECT, COUNT",VERIFY,Incorrectly submitting a custom message instead of the actual empty result for an empty table.,"When a table is empty and the query yields an empty result, submit the empty result directly.",VALID_NEXT_TRIAL,sql_210,1,14-15,sql_210,4,10-11
102,What is the most populace city that speaks English?,SQL query,SELECT,QUERY,Incomplete SELECT statement causing syntax error.,"Always provide a complete SQL statement, including columns and tables, when executing a SELECT query.",VALID_SAME_TRIAL,sql_221,5,17-17,sql_221,5,23-23
103,What is the most populace city that speaks English?,"SQL query, table aliases",SELECT,QUERY,Referencing table alias 'T1' before defining it in FROM clause.,Define table aliases in the FROM clause before referencing them in SELECT or WHERE clauses.,VALID_SAME_TRIAL,sql_221,5,19-19,sql_221,5,23-23
104,What is the most populace city that speaks English?,"JOIN condition, WHERE clause","JOIN, WHERE",REFINE,Initial query did not consider 'IsOfficial' status for English speakers.,Refine filtering conditions by considering additional relevant columns like 'IsOfficial' for more accurate results.,VALID_NEXT_TRIAL,sql_221,1,14-14,sql_221,2,17-17
105,What are the ids of templates with template type code PP or PPT?,"templates table, Template_Type_Code column",JOIN,EXPLORE,Incorrectly assumed a JOIN was needed to access Template_Type_Code.,Always inspect table schema (SHOW COLUMNS FROM) to confirm column availability before planning JOINs.,VALID_SAME_TRIAL,sql_231,1,0-1,sql_231,1,2-5
106,"What are each owner's first name, last name, and the size of their dog?",SQL query,SELECT,QUERY,Incomplete SELECT statement causing SQL syntax error.,"Always provide a complete SQL query, including columns, tables, and join conditions, when executing a SELECT statement.",VALID_NEXT_TRIAL,sql_247,1,18-19,sql_247,2,18-18
107,"What are each owner's first name, last name, and the size of their dog?",SQL query,SELECT,QUERY,Repeatedly submitting incomplete SELECT statements.,"After schema exploration, construct the full SQL query with all necessary clauses before execution.",VALID_SAME_TRIAL,sql_247,6,18-25,sql_247,6,26-26
108,What is the id of the semester that had both Masters and Bachelors students enrolled?,"degree_programs table, degree_summary_name column","SELECT, JOIN, INTERSECT, LIKE",REFINE,"Incorrect use of LIKE operator with degree names ('%Masters%', '%Bachelors%').","Query the schema to verify exact column values, then use precise string matching (e.g., '=') or correct LIKE patterns.",VALID_SAME_TRIAL,sql_253,1,20-20,sql_253,1,26-29
109,What is the id of the semester that had both Masters and Bachelors students enrolled?,SQL query structure,"SELECT, GROUP BY, HAVING, INTERSECT",REFINE,"Initial attempt to use INTERSECT returned empty, leading to complex GROUP BY/HAVING.","When INTERSECT returns empty, first verify data values before switching to more complex aggregation logic.",VALID_SAME_TRIAL,sql_253,1,20-20,sql_253,1,26-29
110,What is the id of the semester that had both Masters and Bachelors students enrolled?,SQL syntax,SELECT,QUERY,"Attempted to execute partial SQL query, resulting in 'Unknown table' error.",Always construct and execute complete SQL queries to avoid syntax errors related to incomplete statements.,VALID_SAME_TRIAL,sql_253,1,22-22,sql_253,1,24-24
111,Compute the average age of all the dogs.,"dogs table, age column","SELECT, AVG, CAST",QUERY,"The 'age' column is of type VARCHAR, which prevents direct AVG calculation.",Cast the VARCHAR 'age' column to a numeric type (UNSIGNED) before applying the AVG function.,CANDIDATE,sql_254,1,4-4,sql_254,1,6-6
112,Find the total number of tours for each ranking date.,"rankings table, ranking_date column, tours column","SELECT, SUM, GROUP BY",QUERY,"Initial query returned an empty result set, leading to confusion about data presence.",Verify table content with SELECT * LIMIT to confirm if data exists before assuming query error.,VALID_SAME_TRIAL,sql_258,1,6-7,sql_258,1,10-11
113,Find the total number of tours for each ranking date.,rankings table,SELECT,REFINE,Misinterpretation of an empty result set as a query error rather than a valid answer.,Recognize that an empty result set can be the correct answer if the underlying data is empty.,VALID_NEXT_TRIAL,sql_258,1,8-9,sql_258,2,8-9
114,What is the average life expectancy in African countries that are republics?,"country table, GovernmentForm column","SELECT, AVG, WHERE, LIKE",REFINE,Incorrectly used LIKE '%Republic%' instead of exact match 'Republic' for GovernmentForm.,"Use exact string matching with '=' when the government form is a precise 'Republic', not a partial match.",VALID_NEXT_TRIAL,sql_270,1,6-6,sql_270,2,6-6
115,Find the name and rank points of the winner who won the most times.,"matches table, winner_name, winner_rank_points, winner_id columns","SELECT, GROUP BY, ORDER BY, COUNT",QUERY,Incorrect GROUP BY clause for non-aggregated SELECT columns.,"When using GROUP BY, all non-aggregated columns in SELECT must be in the GROUP BY clause or functionally dependent.",VALID_NEXT_TRIAL,sql_271,1,10-10,sql_271,4,12-12
116,Find the name and rank points of the winner who won the most times.,matches table,"SELECT, COUNT",EXPLORE,Assuming table contains data without prior verification.,Always verify if a table contains data using COUNT(*) before attempting complex queries.,VALID_NEXT_TRIAL,sql_271,1,14-14,sql_271,2,6-6
117,Find the name and rank points of the winner who won the most times.,SQL syntax,N/A,VERIFY,Attempting to submit natural language as a SQL query.,Only valid SQL queries can be executed; natural language explanations are not accepted as queries.,VALID_SAME_TRIAL,sql_271,4,15-15,sql_271,4,17-17
118,What is the date and id of the transcript with at least 2 courses listed?,"transcripts table, transcript_contents table, transcript_id column, student_course_id column","SELECT, JOIN, GROUP BY, COUNT, HAVING",QUERY,The submitted query returns the correct data but is marked as incorrect by the evaluation system.,"The query logic is correct, but the evaluation system might have a specific expected output format or order. No further learning can be extracted from these trials as the agent consistently produces the same correct output.",CANDIDATE,sql_272,1,15-19,sql_272,1,15-19
119,Find the government form name and total population for each government form whose average life expectancy is longer than 72.,"country table, GovernmentForm column",SELECT,QUERY,Query failed with 'Unknown column' error when selecting a valid column.,Ensure the full SELECT statement including FROM and GROUP BY clauses is provided to avoid 'Unknown column' errors.,VALID_SAME_TRIAL,sql_274,5,6-6,sql_274,5,14-14
120,Find the government form name and total population for each government form whose average life expectancy is longer than 72.,"country table, GovernmentForm column",SELECT,QUERY,"Repeated 'Unknown column' error despite column existence, suggesting incomplete query.",Always include the FROM clause when selecting columns to specify the table context.,VALID_SAME_TRIAL,sql_274,6,6-6,sql_274,6,12-12
121,What languages are only used by a single country with a republic government?,"country, countrylanguage tables, GovernmentForm, Code, Language, CountryCode columns","SELECT, JOIN, WHERE, GROUP BY, HAVING, COUNT",REFINE,Incorrect aggregation logic for counting distinct countries per language.,Use COUNT(T2.CountryCode) instead of COUNT(DISTINCT T1.Code) in HAVING clause for correct language-country count.,VALID_NEXT_TRIAL,sql_275,1,17-17,sql_275,2,13-13
122,What languages are only used by a single country with a republic government?,SQL syntax,N/A,QUERY,Attempted to execute natural language as SQL query.,"Ensure all actions are valid SQL queries or commands, not natural language instructions.",VALID_SAME_TRIAL,sql_275,2,9-9,sql_275,2,13-13
123,"Find the id, last name and cell phone of the professionals who live in the state of Indiana or have performed more than two treatments.",SQL query,SELECT,QUERY,Attempted to execute natural language as SQL query.,Formulate a valid SQL query instead of natural language statements.,VALID_SAME_TRIAL,sql_277,1,2-3,sql_277,1,8-9
124,"Find the id, last name and cell phone of the professionals who live in the state of Indiana or have performed more than two treatments.",professionals table,SELECT,QUERY,Attempted to select columns without specifying the FROM clause.,Always include the FROM clause to specify the table when selecting columns.,VALID_SAME_TRIAL,sql_277,1,20-21,sql_277,1,24-25
125,"Find the id, last name and cell phone of the professionals who live in the state of Indiana or have performed more than two treatments.",SQL query,"JOIN, GROUP BY, HAVING, UNION",REFINE,Constructed a convoluted query with redundant conditions and complex joins.,Simplify complex OR conditions by using IN with a subquery for aggregated counts.,VALID_SAME_TRIAL,sql_277,2,8-9,sql_277,2,12-13
126,"Find the id, last name and cell phone of the professionals who live in the state of Indiana or have performed more than two treatments.",SQL query,SELECT,QUERY,Used table alias 'T1' without defining it in the FROM clause.,Define table aliases in the FROM clause before using them in SELECT or WHERE.,VALID_SAME_TRIAL,sql_277,4,16-17,sql_277,4,22-23
127,What is the description of the department whose name has the substring the computer?,department_name column,LIKE,REFINE,"Incorrect substring used in LIKE clause, leading to empty result.",Verify actual data in the table to refine search criteria for LIKE clause.,VALID_SAME_TRIAL,sql_292,1,6-6,sql_292,1,10-10
128,What is the description of the department whose name has the substring the computer?,department_description column,SELECT,VERIFY,Misinterpreting 'error' observation as a system error instead of data value.,"When an unexpected 'error' is returned, query all columns to distinguish system errors from data values.",VALID_SAME_TRIAL,sql_292,1,14-14,sql_292,1,18-18
129,What are the first name and last name of the professionals who have done treatment with cost below average?,"professionals table, treatments table, cost_of_treatment column","SELECT, JOIN, WHERE, AVG, DISTINCT",REFINE,Query returned duplicate professional names due to multiple treatments.,Use the DISTINCT keyword in the SELECT clause to ensure unique professional names.,VALID_NEXT_TRIAL,sql_295,1,15-15,sql_295,2,15-15
130,What are the first name and last name of the professionals who have done treatment with cost below average?,SQL syntax,SELECT,QUERY,Incomplete SQL query leading to syntax error.,"Always write a complete SQL statement, including FROM and JOIN clauses.",VALID_SAME_TRIAL,sql_295,5,15-15,sql_295,5,21-21
131,What are the first name and last name of the professionals who have done treatment with cost below average?,Table alias,SELECT,QUERY,Referencing table alias (T1) before defining it in FROM clause.,Ensure table aliases are defined in the FROM clause before being used in SELECT.,VALID_SAME_TRIAL,sql_295,5,17-17,sql_295,5,21-21
132,What are the first name and last name of the professionals who have done treatment with cost below average?,Table alias,SELECT,QUERY,Referencing table alias (T1) before defining it in FROM clause.,Ensure table aliases are defined in the FROM clause before being used in SELECT.,VALID_SAME_TRIAL,sql_295,5,19-19,sql_295,5,21-21
133,What are the first name and last name of the professionals who have done treatment with cost below average?,"professionals table, treatments table, cost_of_treatment column","SELECT, JOIN, WHERE, AVG, DISTINCT",REFINE,Query returned duplicate professional names due to multiple treatments.,Use the DISTINCT keyword in the SELECT clause to ensure unique professional names.,VALID_SAME_TRIAL,sql_295,5,21-21,sql_295,5,23-23
134,"What are the first, middle, and last names for everybody enrolled in a Bachelors program?","degree_programs table, degree_summary_name column","SELECT, WHERE, LIKE",REFINE,"Incorrect filtering condition for 'Bachelors' program, leading to empty result set.",Verify exact string values in columns using SELECT DISTINCT to correct WHERE clause conditions.,VALID_SAME_TRIAL,sql_300,1,19-19,sql_300,1,21-25
135,"What are the first, middle, and last names for everybody enrolled in a Bachelors program?",SQL syntax,SELECT,QUERY,Incomplete SELECT statement caused a SQL syntax error.,Always provide a complete and syntactically correct SQL statement for execution.,VALID_SAME_TRIAL,sql_300,4,7-7,sql_300,4,9-9
136,"What are the first, middle, and last names for everybody enrolled in a Bachelors program?","degree_programs table, column name","SELECT, WHERE",QUERY,Used incorrect column name 'degree_program_name' instead of 'degree_summary_name'.,Use SHOW COLUMNS FROM <table_name> to verify correct column names before querying.,VALID_SAME_TRIAL,sql_300,4,9-9,sql_300,4,11-15
137,Which address holds the most number of students currently? List the address id and all lines.,SQL query,SELECT,QUERY,Incomplete SQL query leading to syntax error.,Construct a complete SQL query before execution to avoid syntax errors.,VALID_SAME_TRIAL,sql_305,1,14-14,sql_305,1,16-16
138,Which address holds the most number of students currently? List the address id and all lines.,Table alias,"SELECT, FROM",QUERY,Using table alias 'T1' without defining it in the FROM clause.,"Define table aliases in the FROM clause (e.g., FROM addresses AS T1) before using them.",VALID_SAME_TRIAL,sql_305,1,16-16,sql_305,1,18-18
139,Show ids of all students who do not have any friends.,"friend table, highschooler table, student_id column, friend_id column, ID column","SELECT, JOIN, WHERE, IS NULL",QUERY,Incorrect use of LEFT JOIN with OR and IS NULL to find students without friends.,Avoid complex JOIN conditions for NOT IN logic; use NOT IN with a UNIONed subquery of all involved IDs.,VALID_SAME_TRIAL,sql_307,1,14-14,sql_307,1,20-20
140,Show ids of all students who do not have any friends.,"friend table, highschooler table, student_id column, friend_id column, ID column","SELECT, WHERE, NOT IN, UNION",QUERY,"Initial `NOT IN` subquery with `UNION` returned empty, leading to re-evaluation.","Confirm database content (e.g., `COUNT(*)`) to validate empty result sets and avoid misinterpreting correct answers.",VALID_NEXT_TRIAL,sql_307,1,20-20,sql_307,2,14-14
141,Show ids of all students who do not have any friends.,"friend table, highschooler table, student_id column, friend_id column, ID column","SELECT, WHERE, NOT EXISTS",QUERY,Using two `NOT EXISTS` subqueries for `student_id` and `friend_id` separately.,Consolidate `NOT EXISTS` conditions into a single `NOT IN` with a `UNION` subquery for clarity and efficiency.,VALID_SAME_TRIAL,sql_307,1,32-32,sql_307,1,20-20
142,Show the ids of high schoolers who have friends and are also liked by someone else.,SQL syntax,N/A,QUERY,Agent attempted to execute natural language as a SQL query.,Only provide valid SQL queries as actions; natural language should be in 'think' steps.,VALID_SAME_TRIAL,sql_308,2,2-3,sql_308,2,4-5
143,Show the ids of high schoolers who have friends and are also liked by someone else.,table alias,SELECT,QUERY,Used an alias 'H' without defining it in the FROM clause.,Define table aliases in the FROM clause using 'AS' keyword before referencing them.,VALID_SAME_TRIAL,sql_308,2,6-7,sql_308,2,10-11
144,Show the ids of high schoolers who have friends and are also liked by someone else.,"JOIN condition, column names",JOIN,REFINE,"Incorrect column names (ID1, ID2) used in JOIN conditions for 'friend' and 'likes' tables.",Always inspect table schemas using 'SHOW COLUMNS FROM <table>' to identify correct join keys.,VALID_SAME_TRIAL,sql_308,2,10-11,sql_308,2,14-23
145,"What is the id, line 1, and line 2 of the address with the most students?","addresses table, students table, address_id, line_1, line_2, current_address_id, permanent_address_id","SELECT, COUNT, JOIN, GROUP BY, ORDER BY, LIMIT, UNION ALL",QUERY,"Repeatedly submitting incomplete SQL queries, resulting in syntax errors.","Construct a complete SQL query before execution, including SELECT, FROM, and other clauses.",VALID_SAME_TRIAL,sql_316,1,14-28,sql_316,1,40-41
146,"What is the id, line 1, and line 2 of the address with the most students?","addresses table, students table","SELECT, JOIN",QUERY,Referencing an unknown table alias 'T1' in the SELECT clause without a FROM clause.,Define table aliases in the FROM or JOIN clause before using them in SELECT.,VALID_SAME_TRIAL,sql_316,1,30-31,sql_316,1,40-41
147,"What is the id, line 1, and line 2 of the address with the most students?","students table, addresses table, current_address_id, permanent_address_id","COUNT, GROUP BY, UNION ALL",QUERY,"Incorrectly counting students by only one address ID, missing the other address type.",Combine counts from both `current_address_id` and `permanent_address_id` using UNION ALL for a comprehensive student count per address.,VALID_SAME_TRIAL,sql_316,1,12-13,sql_316,1,40-41
148,"Which professionals have done at least two treatments? List the professional's id, role, and first name.",SQL syntax,SELECT,QUERY,Incomplete SQL query leading to syntax error.,Always provide a complete SQL statement for execution.,VALID_SAME_TRIAL,sql_331,1,2-3,sql_331,1,6-7
149,"Which professionals have done at least two treatments? List the professional's id, role, and first name.","professionals table, Role column",SELECT,QUERY,Referenced a non-existent column 'Role' in the 'professionals' table.,Verify column names by exploring the schema (SHOW COLUMNS FROM table_name) before querying.,VALID_SAME_TRIAL,sql_331,1,6-7,sql_331,1,14-15
150,Find the minimum grade of students who have no friends.,"highschooler table, friend table, ID column, grade column, student_id column, friend_id column","SELECT, MIN, NOT IN, UNION",QUERY,"The query to find students without friends returned an empty set, leading to a None result for MIN(grade).","The initial query correctly identified that no students exist without friends, thus `None` is the correct answer.",VALID_SAME_TRIAL,sql_338,1,15-15,sql_338,1,25-25
151,How many players are there for each hand type?,players table,"SELECT, COUNT, GROUP BY",QUERY,"Querying an empty table resulted in an empty result set, preventing the task from being answered.","Verify table data presence before attempting to aggregate or filter, especially if initial queries return empty sets.",VALID_SAME_TRIAL,sql_344,1,6-7,sql_344,1,14-15
152,Which countries have greater area than that of any country in Europe?,"country table, SurfaceArea column, Continent column","SELECT, MAX, WHERE",QUERY,"Misunderstanding of 'any' in the question, leading to an empty result set.",The query `SELECT Name FROM country WHERE SurfaceArea > (SELECT MAX(SurfaceArea) FROM country WHERE Continent = 'Europe')` correctly interprets 'greater than any' as 'greater than the maximum'.,CANDIDATE,sql_350,1,2-3,sql_350,1,2-3
153,Which countries have greater area than that of any country in Europe?,Submission format,submit,VERIFY,"Incorrect submission format for an empty result set, attempting natural language.","The `submit` action expects the actual query result, not a natural language explanation of an empty result.",CANDIDATE,sql_350,2,6-7,sql_350,2,6-7
154,Which countries have greater area than that of any country in Europe?,Submission format,submit,VERIFY,Repeated attempts to submit natural language or empty string for an empty result set.,"The system expects the actual data returned by the query. For an empty result, the correct submission is simply `submit` without any further text.",CANDIDATE,sql_350,2,10-11,sql_350,2,10-11
155,Find the arriving date and the departing date of the dogs that received a treatment.,"dogs table, date_arrived column, date_departed column",SELECT,QUERY,Incorrect column names 'Arriving_Date' and 'Departing_Date' used in SELECT statement.,Always verify column names using SHOW COLUMNS FROM <table> before querying to avoid 'Unknown column' errors.,VALID_SAME_TRIAL,sql_356,4,6-7,sql_356,4,10-14
156,What are the names and ids of every course with less than 2 sections?,"courses table, sections table, course_id column, section_id column","SELECT, JOIN, GROUP BY, HAVING, COUNT",REFINE,"Incorrect aggregation logic: COUNT(*) includes NULLs from JOIN, leading to incorrect results.",Use COUNT(column_name) instead of COUNT(*) in HAVING clause to count non-NULL values for accurate filtering.,CANDIDATE,sql_357,1,10-10,sql_357,2,10-10
157,What are the names of players who won in both 2013 and 2016?,"matches table, year column","SELECT, COUNT, WHERE",EXPLORE,Assuming data exists for specific years without prior verification.,"Always verify data existence for specific conditions (e.g., years) using COUNT(*) before complex queries.",VALID_SAME_TRIAL,sql_359,1,16-17,sql_359,1,60-61
158,What are the names of players who won in both 2013 and 2016?,SQL INTERSECT operator,INTERSECT,QUERY,Using INTERSECT operator which is not universally supported in MySQL.,Replace INTERSECT with JOINs or IN clauses for broader MySQL compatibility.,VALID_SAME_TRIAL,sql_359,1,16-17,sql_359,1,30-31
159,What are the names of players who won in both 2013 and 2016?,"players table, name column",SELECT,QUERY,Referencing a non-existent 'name' column in the 'players' table.,Consult schema (SHOW COLUMNS FROM table) to confirm column names before querying.,VALID_SAME_TRIAL,sql_359,3,14-15,sql_359,3,18-19
160,What are the names of players who won in both 2013 and 2016?,"players table, matches table, winner_name column","SELECT, JOIN",REFINE,Unnecessarily joining 'players' table when 'winner_name' is available in 'matches'.,"Optimize queries by selecting directly from tables that contain necessary information, avoiding unnecessary joins.",VALID_SAME_TRIAL,sql_359,4,22-23,sql_359,4,26-27
161,Give me the description of the treatment type whose total cost is the lowest.,"charges table, treatments table","JOIN, SUM",REFINE,"Incorrect table used for cost aggregation, leading to empty result set.",Explore schema to identify the correct table (`treatments`) containing cost information (`cost_of_treatment`) for treatment types.,VALID_SAME_TRIAL,sql_370,1,14-22,sql_370,1,23-28
162,Which year had the most matches?,"matches table, year column, tourney_date column","SELECT, GROUP BY, COUNT, ORDER BY, LIMIT, STRFTIME, YEAR",QUERY,"Initial query using 'year' column returned empty result set, suggesting data issues or empty table.","When a query returns an empty result unexpectedly, verify table contents and alternative relevant columns (e.g., 'tourney_date').",VALID_SAME_TRIAL,sql_371,1,6-6,sql_371,1,8-8
163,Which year had the most matches?,SQL functions,"STRFTIME, YEAR",QUERY,"Used `STRFTIME` function, which is not supported in MySQL, resulting in an error.","Use `YEAR()` function to extract the year from a date column in MySQL, instead of `STRFTIME`.",VALID_SAME_TRIAL,sql_371,1,9-9,sql_371,1,11-11
164,Which year had the most matches?,matches table,"SELECT, COUNT",EXPLORE,"Queries returned empty results, indicating a potential empty table.",Always verify if a table contains data using `SELECT COUNT(*)` when queries return empty results.,VALID_SAME_TRIAL,sql_371,1,12-12,sql_371,1,14-14
165,Which year had the most matches?,Submission mechanism,submit,VERIFY,"Attempted to submit descriptive text instead of the actual answer, causing syntax errors.","The `submit` action expects the final answer value, not descriptive text or explanations.",VALID_NEXT_TRIAL,sql_371,1,16-16,sql_371,2,6-6
166,What are the ids of high school students who do not have friends?,"friend table, highschooler table","SELECT, JOIN, WHERE",QUERY,Incorrect WHERE clause logic with LEFT JOIN for finding non-friends.,Use NOT IN with a subquery or NOT EXISTS to correctly filter for non-existent relationships.,VALID_SAME_TRIAL,sql_373,1,6-6,sql_373,1,10-10
167,What are the ids of high school students who do not have friends?,"friend table, columns","SELECT, SHOW COLUMNS",EXPLORE,"Assuming column names (ID1, ID2) without schema exploration.",Always use SHOW COLUMNS FROM <table> to verify table schema before querying.,VALID_SAME_TRIAL,sql_373,1,10-10,sql_373,1,14-14
168,What are the ids of high school students who do not have friends?,"friend table, highschooler table","SELECT, NOT IN, UNION",QUERY,Incorrectly combining friend IDs for NOT IN clause.,"Combine all relevant ID columns (student_id, friend_id) using UNION for a comprehensive NOT IN subquery.",VALID_NEXT_TRIAL,sql_373,1,18-18,sql_373,2,14-14
169,Find the first names that are used for professionals or owners but are not used as dog names.,"Owners table, Professionals table, Dogs table, Fname column, first_name column, name column","SELECT, UNION, EXCEPT",QUERY,Incorrect column name 'Fname' used in SELECT statement.,Always verify column names using SHOW COLUMNS FROM <table_name> before querying.,VALID_SAME_TRIAL,sql_374,1,2-2,sql_374,1,6-16
170,find the code of the country where has the greatest number of players.,"players table, country_code column","SELECT, COUNT, GROUP BY, ORDER BY, LIMIT",REFINE,Initial query returned an empty result set due to an empty 'players' table.,Verify table content with COUNT(*) before complex queries to avoid empty results.,VALID_SAME_TRIAL,sql_387,1,9-9,sql_387,1,12-12
171,find the code of the country where has the greatest number of players.,players table,SUBMIT,VERIFY,Incorrectly submitted the count of players instead of an empty string for no data.,Submit an empty string or empty result set when no data matches the query criteria.,VALID_NEXT_TRIAL,sql_387,1,16-16,sql_387,3,10-10
172,What are the different government forms and what is the total population of each for government forms that have an average life expectancy greater than 72?,"country table, GovernmentForm column","SELECT, SUM, GROUP BY",QUERY,Attempted to select a column without specifying the table.,Always specify the table name in the FROM clause when selecting columns.,VALID_SAME_TRIAL,sql_388,1,6-6,sql_388,1,12-12
173,What are the different government forms and what is the total population of each for government forms that have an average life expectancy greater than 72?,SQL syntax,N/A,QUERY,Entered natural language instructions instead of a SQL query.,Only provide valid SQL queries as actions; natural language instructions are for thinking.,VALID_SAME_TRIAL,sql_388,2,6-6,sql_388,2,10-10
174,Find the average rank of winners in all matches.,"matches table, winner_rank column","SELECT, AVG",QUERY,"Attempted to calculate average winner_rank directly from matches table, but column was entirely NULL.","Always verify column data content (e.g., using COUNT(col) WHERE col IS NOT NULL) before relying on it for calculations.",VALID_SAME_TRIAL,sql_394,1,10-11,sql_394,1,20-21
175,Find the average rank of winners in all matches.,"matches table, rankings table, winner_id column, player_id column","JOIN, SELECT, COUNT",QUERY,Failed to join matches and rankings tables due to no common winner_id/player_id values.,"Before joining, verify common key existence using COUNT(DISTINCT T1.id) JOIN T2 ON T1.id = T2.id to check for data integrity.",VALID_SAME_TRIAL,sql_394,1,30-31,sql_394,1,32-33
176,Find the average rank of winners in all matches.,"matches table, players table, winner_id column, player_id column","JOIN, SELECT, COUNT",QUERY,Failed to join matches and players tables due to no common winner_id/player_id values.,Verify foreign key relationships and data consistency across tables before attempting joins.,VALID_SAME_TRIAL,sql_394,1,36-37,sql_394,1,38-39
177,List the number of all matches who played in years of 2013 or 2016.,"matches table, year column, tourney_date column","SELECT, COUNT, WHERE, YEAR",REFINE,"Incorrectly assumed 'year' column contained data, leading to empty results.",Verify column data with `SELECT DISTINCT column` or `SELECT COUNT(*)` before filtering.,VALID_SAME_TRIAL,sql_400,1,6-10,sql_400,1,11-12
178,List the number of all matches who played in years of 2013 or 2016.,tourney_date column,"STRFTIME, YEAR",REFINE,"Used `STRFTIME` function, which is not supported in MySQL.",Use `YEAR()` function to extract the year from a date column in MySQL.,VALID_SAME_TRIAL,sql_400,1,15-16,sql_400,1,17-18
179,List the number of all matches who played in years of 2013 or 2016.,matches table,"SELECT, COUNT",VERIFY,"Queries returned 0, indicating a potential data issue or empty table.",Confirm table population with `SELECT COUNT(*) FROM table_name` when unexpected empty results occur.,VALID_SAME_TRIAL,sql_400,1,18-22,sql_400,1,23-24
180,What are the names of the dogs for which the owner has not spend more than 1000 for treatment ?,"dogs table, owners table, treatments table, cost_of_treatment column, owner_id column, name column","SELECT, JOIN, GROUP BY, HAVING, SUM",REFINE,Incorrect GROUP BY clause for selecting dog names when aggregating by owner.,"Use a subquery to first aggregate treatment costs by owner, then join back to dogs to select names.",VALID_SAME_TRIAL,sql_413,1,20-20,sql_413,1,26-26
181,What are the names of the dogs for which the owner has not spend more than 1000 for treatment ?,SQL syntax,WITH,REFINE,Attempted to use CTE syntax incorrectly by not providing a full query.,"Ensure complete SQL statements are provided, especially when using advanced features like CTEs.",VALID_SAME_TRIAL,sql_413,1,24-24,sql_413,1,26-26
182,What are the names of the dogs for which the owner has not spend more than 1000 for treatment ?,"dogs table, treatments table, owner_id column, dog_id column, cost_of_treatment column","SELECT, JOIN, GROUP BY, HAVING, SUM",REFINE,Incorrect GROUP BY clause for selecting dog names when aggregating by owner.,"When grouping by owner_id to sum costs, include dog_id and name in GROUP BY to select dog names.",VALID_SAME_TRIAL,sql_413,2,16-16,sql_413,2,19-19
183,What are the names of the dogs for which the owner has not spend more than 1000 for treatment ?,"dogs table, treatments table, owner_id column, dog_id column, cost_of_treatment column","SELECT, JOIN, GROUP BY, HAVING, SUM",REFINE,Incorrect grouping by dog_id instead of owner_id for total treatment cost.,"To filter by owner's total spending, group by owner_id, not dog_id, when summing treatment costs.",VALID_NEXT_TRIAL,sql_413,4,16-16,sql_413,1,26-26
184,"Who are enrolled in 2 degree programs in one semester? List the first name, middle name and last name and the id.",SQL query,SELECT,QUERY,"Attempted to execute an incomplete SELECT statement, resulting in a syntax error.","Construct the full SQL query before execution, including SELECT, FROM, JOIN, GROUP BY, and HAVING clauses.",VALID_NEXT_TRIAL,sql_417,1,16-17,sql_417,3,2-2
185,"Who are enrolled in 2 degree programs in one semester? List the first name, middle name and last name and the id.",SQL query,"SELECT, JOIN, GROUP BY, HAVING, COUNT",QUERY,Initial query plan did not fully specify the aggregation and filtering logic for distinct degree programs.,Use COUNT(DISTINCT column) in the HAVING clause to filter groups based on the count of unique values.,VALID_NEXT_TRIAL,sql_417,1,14-15,sql_417,3,2-2
186,What is the code of the country with the most players?,players table,"SELECT, COUNT, GROUP BY, ORDER BY, LIMIT",QUERY,Query returned empty result set due to empty table.,Always verify if a table contains data using COUNT(*) before complex queries.,VALID_SAME_TRIAL,sql_418,1,9-9,sql_418,1,11-11
187,What is the code of the country with the most players?,submission format,submit,VERIFY,Incorrect submission format for textual answer.,"The 'submit' command should be on its own line, without additional text.",VALID_NEXT_TRIAL,sql_418,2,15-15,sql_418,3,6-6
188,"What are the names of high schoolers who have likes, and how many likes does each have?","highschooler table, likes table","SELECT, JOIN, GROUP BY, COUNT",QUERY,SQL syntax error: Unknown table alias 'T1' in SELECT clause without FROM/JOIN.,Always specify tables and their aliases in the FROM/JOIN clauses before using them in SELECT.,VALID_SAME_TRIAL,sql_421,1,14-15,sql_421,1,18-19
189,"What are the names of high schoolers who have likes, and how many likes does each have?","highschooler table, likes table, ID column, name column","SELECT, JOIN, GROUP BY, COUNT",REFINE,Incorrect GROUP BY clause leading to incorrect aggregation results.,"When grouping by name, ensure the GROUP BY clause only includes the name column to avoid splitting groups by ID.",VALID_NEXT_TRIAL,sql_421,1,18-19,sql_421,4,12-13
190,"What are the names of high schoolers who have likes, and how many likes does each have?","likes table, student_id column, liked_id column",COUNT,QUERY,Ambiguity in counting: COUNT(T2.student_id) vs COUNT(T2.liked_id) for 'number of likes'.,"Count `liked_id` to accurately represent the number of likes received by a student, not `student_id`.",VALID_NEXT_TRIAL,sql_421,1,18-19,sql_421,2,14-15
191,"What are the full names of all players, sorted by birth date?","players table, first_name, last_name, birth_date columns","SELECT, CONCAT, ORDER BY",QUERY,Used incorrect string concatenation operator '||' for MySQL.,Use the CONCAT() function for string concatenation in MySQL.,VALID_SAME_TRIAL,sql_428,1,10-11,sql_428,1,14-15
192,"What are the full names of all players, sorted by birth date?",players table,"SELECT, COUNT",REFINE,Assumed table was not empty despite empty result sets.,Verify table content with SELECT COUNT(*) when queries return empty results unexpectedly.,VALID_NEXT_TRIAL,sql_428,1,6-7,sql_428,2,10-11
193,"What are the full names of all players, sorted by birth date?",SQL syntax,SELECT,QUERY,Incomplete SELECT statement leading to syntax errors.,Ensure SELECT statements are fully constructed before execution to avoid syntax errors.,VALID_SAME_TRIAL,sql_428,7,6-7,sql_428,7,26-27
194,"Return the different document ids along with the number of paragraphs corresponding to each, ordered by id.","documents table, paragraphs table, Document_ID column, Paragraph_ID column","SELECT, COUNT, JOIN, GROUP BY, ORDER BY",QUERY,Incorrect column name 'Doc_ID' used in SELECT and JOIN clauses.,Always inspect schema using SHOW COLUMNS FROM <table_name> to verify correct column names before querying.,VALID_SAME_TRIAL,sql_433,1,2-3,sql_433,1,6-13
195,Give the average life expectancy for countries in Africa which are republics?,"country table, GovernmentForm column","SELECT, AVG, WHERE, LIKE",REFINE,Incorrectly using LIKE '%Republic%' instead of exact match for GovernmentForm.,"Use exact string matching with '=' when the column value is known to be precise, instead of LIKE for filtering.",VALID_NEXT_TRIAL,sql_435,1,6-6,sql_435,2,6-6
196,List the first and last name of all players in the order of birth date.,players table,"SELECT, ORDER BY",QUERY,"Attempted to query an empty table, resulting in an empty set.","Verify table contents with COUNT(*) before attempting to retrieve data, especially when an empty result is unexpected.",VALID_SAME_TRIAL,sql_436,1,6-6,sql_436,1,8-8
197,List the first and last name of all players in the order of birth date.,players table,"SELECT, COUNT",VERIFY,Incorrectly submitted a count of 0 instead of an empty result set for an empty table.,"When a query for data on an empty table yields an empty result, submit an empty result set, not a count of zero.",VALID_NEXT_TRIAL,sql_436,1,14-14,sql_436,5,10-10
198,How many degrees does the engineering department have?,"departments table, department_name column","WHERE clause, string comparison",REFINE,Incorrect department name used in WHERE clause ('engineering' instead of 'engineer').,Always verify exact string values in the database using SELECT before filtering.,VALID_SAME_TRIAL,sql_437,1,16-16,sql_437,1,19-19
199,Find the number of left handed winners who participated in the WTA Championships.,"matches table, tourney_name column","SELECT, WHERE",QUERY,Incorrect assumption about the existence of 'WTA Championships' in tourney_name.,Verify column values using LIKE and DISTINCT before filtering directly.,VALID_SAME_TRIAL,sql_444,1,12-12,sql_444,1,14-14
200,Find the number of left handed winners who participated in the WTA Championships.,matches table,"SELECT, COUNT",EXPLORE,Assuming data exists in a table without prior verification.,Always check if a table contains data using COUNT(*) before querying its contents.,VALID_SAME_TRIAL,sql_444,1,14-14,sql_444,1,20-20
201,Which dogs have not cost their owner more than 1000 for treatment ? List the dog names .,"charges table, treatments table, treatment_id column, charge_amount column, cost_of_treatment column","JOIN, SUM",QUERY,Incorrectly joining `charges` table using `treatment_id` which does not exist.,Explore schema to identify correct columns for joins and aggregation. Use `cost_of_treatment` from `treatments` table directly.,VALID_SAME_TRIAL,sql_447,4,6-6,sql_447,4,16-16
202,Give the country codes for countries in which people speak langauges that are not English.,"countrylanguage table, CountryCode column",SELECT,REFINE,Query returned duplicate country codes.,Use the DISTINCT keyword to retrieve unique values from a column.,VALID_SAME_TRIAL,sql_452,1,6-7,sql_452,1,9-10
203,Find the number of matches happened in each year.,"matches table, year column, tourney_date column","SELECT, COUNT, GROUP BY",QUERY,"Incorrectly assumed `year` column in `matches` table contained data, leading to empty result.",Always verify table content with `COUNT(*)` before querying for specific data.,VALID_SAME_TRIAL,sql_463,1,6-6,sql_463,1,12-12
204,Find the number of matches happened in each year.,tourney_date column,STRFTIME,QUERY,Used `STRFTIME` function which is not supported in MySQL.,Use `YEAR()` function to extract the year from a date column in MySQL.,VALID_SAME_TRIAL,sql_463,1,8-8,sql_463,1,10-10
205,Find the number of matches happened in each year.,"matches table, qualifying_matches table","SELECT, COUNT",EXPLORE,Failed to identify that both `matches` and `qualifying_matches` tables were empty.,Thoroughly check all relevant tables for data using `COUNT(*)` before attempting complex queries.,VALID_NEXT_TRIAL,sql_463,1,6-6,sql_463,3,2-8
206,Find the number of matches happened in each year.,N/A,submit,VERIFY,"Attempted to submit a textual answer directly, causing SQL syntax errors.","When no data is available, submit a valid SQL query that returns an empty result set.",VALID_SAME_TRIAL,sql_463,3,10-10,sql_463,3,30-30
207,Find the number of matches happened in each year.,"matches table, match_date column","SELECT, YEAR, COUNT, GROUP BY",QUERY,Referenced non-existent column `match_date` in `matches` table.,Always verify column names using `SHOW COLUMNS FROM <table>` before including them in queries.,VALID_SAME_TRIAL,sql_463,3,26-26,sql_463,3,28-28
208,What is the semester which most student registered in? Show both the name and the id.,"semesters table, student_enrolment table","SELECT, FROM, JOIN, GROUP BY, ORDER BY, COUNT, LIMIT",QUERY,SQL syntax error: Unknown table alias 'T1' in SELECT clause before FROM.,Ensure all table aliases are defined in the FROM/JOIN clauses before being used in SELECT.,VALID_SAME_TRIAL,sql_464,1,15-15,sql_464,1,19-19
209,Which owner has paid the largest amount of money in total for their dogs? Show the owner id and zip code.,"charges table, treatments table, dog_id column",JOIN,QUERY,Incorrectly assumed 'charges' table contains 'dog_id' for joining.,Explore schema (SHOW COLUMNS) to identify correct linking tables and columns (treatments.dog_id).,VALID_SAME_TRIAL,sql_465,1,2-3,sql_465,1,6-15
210,Which owner has paid the largest amount of money in total for their dogs? Show the owner id and zip code.,"charges table, treatments table, charge_amount column, cost_of_treatment column",SUM,QUERY,Used 'charge_amount' from 'charges' instead of 'cost_of_treatment' from 'treatments'.,Identify the correct column for aggregation ('cost_of_treatment') after schema exploration.,VALID_SAME_TRIAL,sql_465,1,2-3,sql_465,1,12-15
211,Which department offers the most number of degrees? List department name and id.,"departments table, degree_programs table, department_name column, department_id column","SELECT, JOIN, GROUP BY, ORDER BY, COUNT",QUERY,Incorrect column names used in SELECT and JOIN clauses.,"Explore schema using SHOW COLUMNS to identify correct column names (department_name, department_id).",VALID_SAME_TRIAL,sql_469,1,2-3,sql_469,1,6-14
212,What is the feature type name of feature AirCon?,"ref_feature_types table, other_available_features table","SELECT, WHERE, JOIN",QUERY,Incorrectly assumed 'AirCon' was a feature_type_code in ref_feature_types.,Explore related tables (other_available_features) to find the correct column (feature_name) for the given value and join tables to link information.,VALID_SAME_TRIAL,sql_470,1,6-6,sql_470,1,14-14
213,Find the semester when both Master students and Bachelor students got enrolled in.,"degree_programs table, degree_summary_name column","WHERE, LIKE",REFINE,Incorrectly using LIKE '%Master%' instead of exact match for degree_summary_name.,Use exact string matching with '=' for specific degree program names instead of LIKE for precision.,VALID_NEXT_TRIAL,sql_471,1,21-21,sql_471,2,21-21
214,What are the African countries that have a  population less than any country in Asia?,"country table, Population column","SELECT, WHERE, MIN, ANY",QUERY,Misinterpreted 'less than any' as 'less than minimum' population.,Use the 'ANY' operator with a subquery to correctly compare against any value in a set.,VALID_NEXT_TRIAL,sql_477,1,6-6,sql_477,2,2-2
215,Which owner has paid for the most treatments on his or her dogs? List the owner id and last name.,"owners, dogs, treatments tables","SELECT, JOIN, GROUP BY, COUNT, ORDER BY, LIMIT",QUERY,Attempted to select from aliased tables without a FROM clause.,Construct the full SQL query including FROM and JOIN clauses before selecting columns.,VALID_SAME_TRIAL,sql_480,1,20-20,sql_480,1,24-24
216,Return the country codes for countries that do not speak English.,"countrylanguage table, CountryCode column, Language column, country table, Code column","SELECT, WHERE, EXCEPT, NOT IN",QUERY,"Incorrect filtering logic: `Language != 'English'` returns countries where *any* language is not English, not countries where *no* language is English.","To find countries that do not speak English at all, use `EXCEPT` or `NOT IN` with a subquery to exclude countries where English is spoken.",VALID_SAME_TRIAL,sql_482,1,6-6,sql_482,1,8-8
217,Return the country codes for countries that do not speak English.,"countrylanguage table, CountryCode column, Language column, country table, Code column","SELECT, WHERE, NOT IN, EXCEPT",QUERY,"Incorrect filtering logic: `Language != 'English'` returns countries where *any* language is not English, not countries where *no* language is English.","To find countries that do not speak English, use `NOT IN` with a subquery to exclude countries where English is spoken.",VALID_SAME_TRIAL,sql_482,2,6-6,sql_482,2,8-8
218,Return the country codes for countries that do not speak English.,"countrylanguage table, CountryCode column, Language column, country table, Code column","SELECT, WHERE, EXCEPT",QUERY,"Incorrect filtering logic: `Language != 'English'` returns countries where *any* language is not English, not countries where *no* language is English.","To find countries that do not speak English at all, use `EXCEPT` to subtract countries that speak English from all countries.",VALID_SAME_TRIAL,sql_482,3,6-6,sql_482,3,8-8
219,Return the country codes for countries that do not speak English.,"countrylanguage table, CountryCode column, Language column","SELECT, WHERE, EXCEPT",QUERY,"Incorrect use of `EXCEPT` with two subqueries from the same table, leading to an incomplete result.","When using `EXCEPT` to find countries not speaking a language, the first SELECT should be from the `country` table to get all countries.",CANDIDATE,sql_482,4,10-10,sql_482,4,10-10
220,What is the date and id of the transcript with the least number of results?,"transcripts table, transcript_contents table","SELECT, JOIN, GROUP BY, COUNT, ORDER BY, LIMIT",QUERY,Attempted to select from aliased tables without a FROM clause.,Always include a FROM clause with table aliases when selecting columns from them.,VALID_SAME_TRIAL,sql_484,1,15-15,sql_484,1,19-19
221,Find the average grade of all students who have some friends.,"friend table, highschooler table, ID column, student_id column, friend_id column","JOIN, SELECT, AVG",QUERY,"Incorrect column names (ID1, ID2) used in JOIN condition for the 'friend' table.",Always inspect table schema (SHOW COLUMNS FROM table_name) before constructing JOIN conditions to ensure correct column references.,VALID_SAME_TRIAL,sql_486,1,10-10,sql_486,1,14-14
222,Find the average grade of all students who have some friends.,"friend table, highschooler table, ID column, student_id column, friend_id column","JOIN, SELECT, AVG",QUERY,"Incomplete JOIN condition: only considering 'student_id' for friends, missing 'friend_id'.","When identifying friends, ensure the JOIN condition covers both `student_id` and `friend_id` columns in the `friend` table.",VALID_NEXT_TRIAL,sql_486,2,14-14,sql_486,1,18-18
223,"What are the first names of all players, and their total ranking points?","players table, rankings table","SELECT, JOIN, SUM, GROUP BY",QUERY,Query returned an empty result set due to empty 'players' table.,Verify table contents with COUNT(*) before complex joins to diagnose empty results.,VALID_SAME_TRIAL,sql_509,1,14-15,sql_509,1,18-19
224,What is the age of the oldest dog?,"dogs table, age column","SELECT, MAX, CAST",QUERY,"The `age` column is `varchar`, leading to incorrect MAX aggregation.",Cast `varchar` age column to `UNSIGNED` integer before applying MAX aggregate function.,CANDIDATE,sql_511,1,4-5,sql_511,1,6-7
225,"Which student has enrolled for the most times in any program? List the id, first name, middle name, last name, the number of enrollments and student id.",SQL query structure,"SELECT, FROM, JOIN, GROUP BY, ORDER BY, LIMIT",QUERY,"Incomplete SQL query, missing FROM and JOIN clauses.",Always include FROM and JOIN clauses when selecting from multiple tables.,VALID_SAME_TRIAL,sql_512,2,10-11,sql_512,2,22-23
226,"Which student has enrolled for the most times in any program? List the id, first name, middle name, last name, the number of enrollments and student id.",Column names,"SELECT, JOIN",REFINE,"Incorrect column names used in SELECT, JOIN, and GROUP BY clauses.",Verify column names using SHOW COLUMNS FROM before constructing the query.,VALID_SAME_TRIAL,sql_512,2,22-23,sql_512,2,34-35
227,"Which student has enrolled for the most times in any program? List the id, first name, middle name, last name, the number of enrollments and student id.",SELECT clause,SELECT,REFINE,Missing 'student_id' in the SELECT clause as requested by the task description.,Carefully review the task description to ensure all required columns are selected.,VALID_NEXT_TRIAL,sql_512,2,34-35,sql_512,4,2-3
228,What is the name of the high schooler who has the greatest number of likes?,"likes table, highschooler table, ID column, liked_id column","JOIN, COUNT, GROUP BY, ORDER BY, LIMIT",REFINE,Incorrect column reference in JOIN condition (L.ID2).,Inspect schema to identify correct foreign key for JOIN (highschooler.ID = likes.liked_id).,VALID_SAME_TRIAL,sql_520,6,2-3,sql_520,6,6-10
229,What is the name of the high schooler who has the greatest number of likes?,"likes table, liked_id column",COUNT,REFINE,Incorrect column used for counting likes (T2.student_id instead of T2.liked_id).,Count the 'liked_id' column to correctly tally received likes.,VALID_NEXT_TRIAL,sql_520,5,12-13,sql_520,6,10-11
230,"What are the country codes of the different countries, and what are the languages spoken by the greatest percentage of people for each?","countrylanguage table, CountryCode column, Language column, Percentage column","SELECT, MAX, GROUP BY, JOIN",QUERY,"Incomplete SQL query execution, leading to syntax errors.","Always provide the complete SQL query, including CTE definitions and final SELECT statements, in a single action block.",VALID_NEXT_TRIAL,sql_525,2,6-6,sql_525,3,2-2
231,How many matches were played in each year?,"matches table, year column, tourney_date column","SELECT, COUNT, GROUP BY",QUERY,"The 'year' column in the 'matches' table was empty, leading to empty results.",Verify table content (COUNT(*)) before assuming column data or proceeding with complex queries.,VALID_SAME_TRIAL,sql_534,1,4-7,sql_534,1,10-11
232,How many matches were played in each year?,tourney_date column,"STRFTIME, YEAR",QUERY,Used SQLite's STRFTIME function instead of MySQL's YEAR function for date extraction.,"Use database-specific functions (e.g., YEAR() for MySQL) for date extraction, not generic ones.",VALID_SAME_TRIAL,sql_534,1,8-9,sql_534,1,10-11
233,How many matches were played in each year?,matches table,COUNT,EXPLORE,Proceeded with query logic without confirming if the target table contained any data.,Always check if a table is empty (SELECT COUNT(*) FROM table) before building complex queries.,VALID_NEXT_TRIAL,sql_534,1,4-5,sql_534,5,8-9
234,How many matches were played in each year?,tourney_date column,"STRFTIME, YEAR",QUERY,"Attempted to use STRFTIME for year extraction, which is not supported in MySQL.",Use the YEAR() function for extracting the year from a date column in MySQL.,VALID_NEXT_TRIAL,sql_534,5,6-7,sql_534,1,10-11
235,Find the number of cities in each district whose population is greater than the average population of cities?,"city table, District column","SELECT, COUNT, GROUP BY, WHERE, AVG",REFINE,"Incorrectly assuming 'District' column was not recognized, leading to repeated errors.",Explicitly alias the table and reference columns with the alias to resolve ambiguous column references.,VALID_SAME_TRIAL,sql_542,5,3-3,sql_542,5,21-21
236,What is the maximum number of times that a course shows up in different transcripts and what is that course's enrollment id?,table aliases,"SELECT, FROM",QUERY,Attempted to SELECT from aliased tables without specifying FROM clause.,Always include the FROM clause with table names and aliases when referencing them in SELECT.,VALID_SAME_TRIAL,sql_551,1,11-11,sql_551,1,14-14
237,What is the maximum number of times that a course shows up in different transcripts and what is that course's enrollment id?,"student_course_id, student_enrolment_id","SELECT, JOIN, WHERE",REFINE,"Misunderstood the relationship between student_course_id and enrollment_id, leading to incorrect filtering.",Join `transcript_contents` and `student_enrolment_courses` on `student_course_id` to correctly link enrollment IDs.,VALID_SAME_TRIAL,sql_551,1,19-19,sql_551,1,25-25
238,What is the maximum number of times that a course shows up in different transcripts and what is that course's enrollment id?,SQL syntax,SELECT,QUERY,Attempted to execute an incomplete SELECT statement.,Ensure SELECT statements are syntactically complete with FROM and JOIN clauses before execution.,VALID_SAME_TRIAL,sql_551,2,10-10,sql_551,2,26-26
239,What is the maximum number of times that a course shows up in different transcripts and what is that course's enrollment id?,GROUP BY clause,GROUP BY,REFINE,Incorrectly grouped by both student_enrolment_id and student_course_id when only student_enrolment_id was needed for the final count.,Group by the final desired aggregation key (student_enrolment_id) after joining tables.,VALID_NEXT_TRIAL,sql_551,2,26-26,sql_551,3,16-16
240,What is the maximum number of times that a course shows up in different transcripts and what is that course's enrollment id?,DISTINCT keyword,"COUNT, DISTINCT",REFINE,Failed to use DISTINCT with COUNT for 'different transcripts' requirement.,Use COUNT(DISTINCT column_name) when counting unique occurrences as specified in the question.,VALID_NEXT_TRIAL,sql_551,3,16-16,sql_551,4,9-9
241,What is the maximum number of times that a course shows up in different transcripts and what is that course's enrollment id?,Column mapping,SELECT,REFINE,Incorrectly assumed `student_course_id` was the `enrollment_id` directly.,"Carefully map question's requested output (enrollment ID) to correct database columns, potentially requiring joins.",VALID_NEXT_TRIAL,sql_551,5,14-14,sql_551,1,25-25
242,What is the name of the course with the most students enrolled?,"courses table, student_enrolment_courses table, course_name column, course_id column","SELECT, JOIN, GROUP BY, ORDER BY, COUNT, LIMIT",REFINE,Incorrect column name 'crs_name' in SELECT clause.,Always verify column names using SHOW COLUMNS FROM <table_name> before querying.,VALID_SAME_TRIAL,sql_569,4,2-3,sql_569,4,6-7
243,What is the name of the course with the most students enrolled?,"student_enrolment_courses table, course_id column",JOIN,REFINE,Incorrect column name 'crs_id' in JOIN condition.,Verify join column names using SHOW COLUMNS FROM <table_name> for both tables involved.,VALID_SAME_TRIAL,sql_569,4,9-10,sql_569,4,13-14
244,Who owns the youngest dog? Give me his or her last name.,"dogs table, owners table, owner_id column, date_of_birth column, last_name column","SELECT, JOIN, ORDER BY, LIMIT",REFINE,Incorrect column name 'OwnerID' used in JOIN condition.,Always verify column names using SHOW COLUMNS FROM <table_name> to ensure correct casing and spelling for JOIN conditions.,VALID_SAME_TRIAL,sql_571,4,4-5,sql_571,4,8-16
245,Count the number of documents that use the PPT template type.,"ref_template_types table, Template_Type_Description column","SELECT, WHERE",REFINE,Incorrect filtering value 'PPT' for Template_Type_Description.,Verify filtering values by querying the relevant column to identify correct descriptions.,VALID_SAME_TRIAL,sql_578,1,17-18,sql_578,1,21-22
246,What are the codes of countries where Spanish is spoken by the largest percentage of people?,"countrylanguage table, Percentage column","SELECT, ORDER BY, LIMIT",QUERY,"Incorrectly assumed only one country would have the largest percentage, using LIMIT 1.","Use a subquery with MAX() to find all entries matching the maximum value, not LIMIT 1.",VALID_NEXT_TRIAL,sql_579,1,6-6,sql_579,4,6-6
247,What are the codes of countries where Spanish is spoken by the largest percentage of people?,countrylanguage table,JOIN,QUERY,"Unnecessary self-join in the query, leading to duplicate results.",Simplify queries by avoiding unnecessary joins when a subquery can achieve the same result.,VALID_SAME_TRIAL,sql_579,4,2-2,sql_579,4,6-6
248,What are the codes of countries with more than 50 players?,players table,"SELECT, COUNT",REFINE,"Initial query returned empty result, leading to confusion about data existence.",Verify table content with COUNT(*) before assuming query logic is incorrect.,VALID_SAME_TRIAL,sql_581,1,6-7,sql_581,1,12-13
249,What are the codes of countries with more than 50 players?,players table,"SELECT, COUNT",EXPLORE,Assuming data exists in a table without prior verification.,Always check table emptiness with COUNT(*) early in the process.,VALID_NEXT_TRIAL,sql_581,1,2-3,sql_581,2,6-7
250,Show all template type codes and the number of documents using each type.,"documents, templates, ref_template_types tables","SELECT, COUNT, JOIN, GROUP BY",QUERY,"Attempted to use table aliases (T1, T2) in SELECT before defining them in FROM clause.",Define table aliases in the FROM clause using 'AS' before referencing them in SELECT or JOIN conditions.,VALID_SAME_TRIAL,sql_588,2,19-19,sql_588,2,21-21
251,Show all template type codes and the number of documents using each type.,ref_template_types table,JOIN,QUERY,"Initially omitted joining the `ref_template_types` table, though not strictly necessary for the specific output.","Include all relevant tables in JOINs, even if some columns aren't directly selected, to ensure data integrity and completeness.",VALID_NEXT_TRIAL,sql_588,2,21-21,sql_588,4,3-3
252,How many total tours were there for each ranking date?,rankings table,"SELECT, SUM, GROUP BY",QUERY,Query returned empty result set due to empty table.,Verify table contents with COUNT(*) before complex queries to avoid empty results.,VALID_SAME_TRIAL,sql_596,1,6-6,sql_596,1,8-8
253,How many total tours were there for each ranking date?,tours column,"COUNT, DISTINCT",QUERY,Incorrect aggregation function (COUNT DISTINCT instead of SUM) for 'total tours'.,Use SUM() for 'total' quantities when the column represents a count or value.,VALID_NEXT_TRIAL,sql_596,2,6-6,sql_596,5,6-6
254,How many total tours were there for each ranking date?,rankings table,SELECT,VERIFY,Incorrectly attempting to return a string message for an empty result set.,"For empty tables, return an empty result set as the final answer, not a custom message.",VALID_NEXT_TRIAL,sql_596,4,10-10,sql_596,5,14-14
255,"On average, when were the transcripts printed?","transcript_date column, datetime type","AVG, UNIX_TIMESTAMP, FROM_UNIXTIME",REFINE,Directly averaging a datetime column yields an unreadable decimal.,"Convert datetime to Unix timestamp for averaging, then convert back to datetime.",VALID_SAME_TRIAL,sql_597,1,6-7,sql_597,1,12-13
256,Find the id and cell phone of the professionals who operate two or more types of treatments.,SQL query,SELECT,QUERY,"Incomplete SQL query, only 'SELECT' was provided.",Always provide a complete SQL query statement to avoid syntax errors.,VALID_SAME_TRIAL,sql_600,4,6-7,sql_600,4,18-19
257,Find the id and cell phone of the professionals who operate two or more types of treatments.,"professionals table, cell_number column",SELECT,REFINE,Incorrect column name 'cell_phone' used instead of 'cell_number'.,Verify column names using SHOW COLUMNS FROM <table_name> before writing queries.,VALID_SAME_TRIAL,sql_600,4,18-19,sql_600,4,22-23
258,Find the id and cell phone of the professionals who operate two or more types of treatments.,"treatments table, treatment_type_code column","COUNT, DISTINCT",REFINE,Incorrect column name 'treatment_type_id' used instead of 'treatment_type_code'.,Verify column names using SHOW COLUMNS FROM <table_name> before writing queries.,VALID_SAME_TRIAL,sql_600,4,26-27,sql_600,4,30-31
259,Find the average age of the dogs who went through treatments.,"dogs table, age column","CAST, AVG",REFINE,"Attempted to cast VARCHAR age column to SIGNED for AVG, which is less precise than DECIMAL.",Cast VARCHAR age column to DECIMAL for accurate average calculation.,VALID_NEXT_TRIAL,sql_601,1,14-14,sql_601,2,14-14
260,Count the number of countries for which Spanish is the predominantly spoken language.,"countrylanguage table, Percentage column","SELECT, COUNT, WHERE, MAX",QUERY,Incorrectly assumed 'predominantly spoken' meant >50% or official language.,"To find the 'predominantly spoken language', identify the language with the MAX(Percentage) for each country.",VALID_NEXT_TRIAL,sql_621,1,6-6,sql_621,2,4-4
261,Count the number of countries for which Spanish is the predominantly spoken language.,SQL query structure,"SELECT, FROM, JOIN, GROUP BY",QUERY,"Attempted to execute an incomplete SQL query, leading to a syntax error.","Ensure the entire SQL query is provided as a single, complete statement for execution.",VALID_SAME_TRIAL,sql_621,3,6-6,sql_621,3,10-10
262,Count the number of countries for which Spanish is the predominantly spoken language.,"countrylanguage table, Percentage column","SELECT, COUNT, WHERE, ORDER BY, LIMIT",QUERY,Incorrectly used ORDER BY and LIMIT to find a single country instead of counting all.,"Use a subquery with MAX() to identify the highest percentage per country, then filter and count.",VALID_SAME_TRIAL,sql_621,6,10-10,sql_621,6,14-14
263,What is the average age of all the dogs?,"dogs table, age column","SELECT, AVG, CAST",REFINE,"Attempted to average a VARCHAR column directly, leading to incorrect results.",Cast VARCHAR 'age' column to UNSIGNED integer using CAST(age AS UNSIGNED) before applying AVG() for correct numerical aggregation.,CANDIDATE,sql_627,1,6-6,sql_627,1,6-6
264,Which dogs are owned by someone who lives in Virginia? List the owner's first name and the dog's name.,"owners table, state column","SELECT, WHERE",REFINE,"Incorrect state abbreviation used in WHERE clause, leading to empty result.",Verify correct state name by querying distinct values from the 'state' column in the 'owners' table.,VALID_SAME_TRIAL,sql_628,1,10-10,sql_628,1,13-13
265,What are the arriving date and the departing date of the dogs who have gone through a treatment?,"dogs table, treatments table, date_arrived column, date_departed column, dog_id column","SELECT, JOIN",REFINE,Query returned duplicate rows for dogs with multiple treatments.,Use DISTINCT keyword in SELECT clause to eliminate duplicate rows when a dog has multiple treatments.,VALID_NEXT_TRIAL,sql_632,1,10-10,sql_632,3,13-13
266,What are the names of high schoolers who both have friends and are liked?,"highschooler, friend, likes tables","SELECT, JOIN",REFINE,Query returned duplicate names due to multiple joins.,Use DISTINCT keyword in SELECT clause to retrieve only unique values.,VALID_SAME_TRIAL,sql_637,1,18-18,sql_637,1,20-20
267,Which language is the most popular on the Asian continent?,"countrylanguage.Percentage, country.Population","SELECT, JOIN, WHERE, ORDER BY, LIMIT",QUERY,Incorrectly assuming highest percentage in a single country implies overall popularity.,"To find the most popular language across a continent, aggregate language percentages weighted by country population.",VALID_NEXT_TRIAL,sql_638,1,10-10,sql_638,7,12-12
268,Which language is the most popular on the Asian continent?,countrylanguage.Percentage,"SELECT, JOIN, WHERE, GROUP BY, ORDER BY, SUM",QUERY,Incorrectly summing percentages without considering country population.,"When aggregating language popularity across countries, weight language percentages by each country's population.",VALID_NEXT_TRIAL,sql_638,3,6-6,sql_638,7,12-12
269,Find the year that has the most number of matches.,"matches table, year column, tourney_date column","SELECT, GROUP BY, COUNT, ORDER BY, LIMIT, YEAR()",QUERY,Initial query using `year` column returned empty result set.,"Verify table content with COUNT(*) before complex queries. If a column is empty, try alternative columns like `tourney_date` and `YEAR()` function.",VALID_SAME_TRIAL,sql_641,1,5-6,sql_641,1,9-10
270,Find the year that has the most number of matches.,matches table,"SELECT, COUNT",EXPLORE,"Assuming data exists, but the table is empty.",Always verify if a table contains data using `SELECT COUNT(*) FROM table_name` before attempting to query its contents.,VALID_SAME_TRIAL,sql_641,1,1-2,sql_641,1,11-12
271,What are the countries where either English or Dutch is the official language ?,"countrylanguage table, IsOfficial column","WHERE clause, IN operator",REFINE,Incorrectly using 'OR' instead of 'IN' for multiple language conditions.,Use the 'IN' operator for multiple values in a WHERE clause to simplify conditions.,VALID_NEXT_TRIAL,sql_642,1,6-6,sql_642,4,6-6
272,Find the average ranking for each player and their first name.,"tables, columns","SELECT, FROM, JOIN, GROUP BY, AVG",QUERY,Missing FROM clause for aliased tables T1 and T2.,Always include the FROM clause and JOIN conditions when using table aliases in SELECT statements.,VALID_SAME_TRIAL,sql_655,1,14-14,sql_655,1,17-17
273,Find the average ranking for each player and their first name.,"tables, data","SELECT, COUNT",REFINE,Query returned an empty result set due to empty tables.,Verify table contents with COUNT(*) when queries return unexpected empty results.,VALID_NEXT_TRIAL,sql_655,1,17-17,sql_655,4,22-22
274,What are the first names and country codes for players who won both the WTA Championships and the Australian Open?,"matches table, tourney_name column","SELECT, WHERE, LIKE",REFINE,"Incorrect tournament names used in WHERE clause, leading to empty results.",Verify correct tournament names by querying distinct values from the `tourney_name` column.,CANDIDATE,sql_671,1,9-10,sql_671,1,13-14
275,What are the first names and country codes for players who won both the WTA Championships and the Australian Open?,matches table,SELECT,EXPLORE,"Assuming table contains data, but it was empty, causing all queries to fail.",Always verify if a table contains data using `SELECT * FROM table LIMIT N` before complex queries.,CANDIDATE,sql_671,1,15-16,sql_671,1,19-20
276,What are the first names and country codes for players who won both the WTA Championships and the Australian Open?,submission,submit,VERIFY,Attempted to submit a natural language explanation as a SQL query.,Submit only valid SQL queries or use the 'submit' command without arguments for empty results.,VALID_SAME_TRIAL,sql_671,1,23-24,sql_671,1,29-30
277,What are the different addresses that have students living there?,SQL query,SELECT,QUERY,Incomplete SELECT statement causing a syntax error.,Always ensure the SELECT statement is complete with columns or expressions before execution.,VALID_NEXT_TRIAL,sql_673,1,10-11,sql_673,2,6-7
278,What are the different addresses that have students living there?,SQL query,SELECT,QUERY,Incomplete SELECT statement causing a syntax error.,Construct a complete SQL query with all necessary clauses before execution.,VALID_SAME_TRIAL,sql_673,4,2-3,sql_673,4,6-7
279,What are the different addresses that have students living there?,"tables: students, addresses; columns: current_address_id, permanent_address_id, address_id, line_1, line_2, line_3, city, zip_postcode, state_province_county, country","JOIN, UNION, SELECT DISTINCT",QUERY,Initial query did not correctly combine addresses from both current and permanent address IDs.,"To retrieve distinct addresses from two foreign key columns in one table referencing another, use two JOINs with UNION.",VALID_NEXT_TRIAL,sql_673,1,10-11,sql_673,2,6-7
280,What are the descriptions for all the math courses?,"courses table, course_name column","SELECT, WHERE, LIKE",REFINE,"Initial LIKE '%Math%' filter returned unexpected results, indicating a mismatch in course naming.",Verify filtering conditions by inspecting the actual data in the relevant column before assuming matches.,VALID_SAME_TRIAL,sql_677,1,6-6,sql_677,1,10-10
281,"What are the first, middle, and last names, along with the ids, of all students who enrolled in 2 degree programs in one semester?",SQL query,SELECT,QUERY,Empty SELECT statement caused a SQL syntax error.,Always provide a complete and valid SQL statement after the SELECT keyword.,VALID_NEXT_TRIAL,sql_681,1,14-15,sql_681,2,2-3
282,"What are the first, middle, and last names, along with the ids, of all students who enrolled in 2 degree programs in one semester?",Table aliases,"SELECT, FROM",QUERY,Referenced table alias (T1) in SELECT before defining it in FROM clause.,Ensure table aliases are defined in the FROM clause before being used in SELECT or WHERE.,VALID_SAME_TRIAL,sql_681,4,10-11,sql_681,4,14-15
283,"What are the first, middle, and last names, along with the ids, of all students who enrolled in 2 degree programs in one semester?",Column names,"SELECT, JOIN, GROUP BY, HAVING",REFINE,"Used incorrect column names (StuID, FName, MName, LName, ProgID) in the query.",Verify column names using SHOW COLUMNS FROM <table_name> before constructing the query.,VALID_SAME_TRIAL,sql_681,5,10-11,sql_681,5,20-21
284,"What are the first, middle, and last names, along with the ids, of all students who enrolled in 2 degree programs in one semester?","Column names, JOIN condition",JOIN,REFINE,Incorrect column name 'stu_id' in JOIN condition and SELECT clause.,Double-check column names in both tables involved in a JOIN condition using SHOW COLUMNS.,VALID_SAME_TRIAL,sql_681,6,50-51,sql_681,6,58-59
285,"What is the first name, country code, and birth date of the player with the most winner rank points across all matches?","rankings table, ranking_points column","SELECT, MAX, JOIN, ORDER BY, LIMIT",QUERY,"Initial query on 'rankings' table returned empty result set, indicating no data.",Verify table content with COUNT(*) or MAX() before assuming data presence for queries.,VALID_NEXT_TRIAL,sql_688,1,10-10,sql_688,2,20-20
286,"What is the first name, country code, and birth date of the player with the most winner rank points across all matches?","matches table, winner_rank_points column","SELECT, MAX, JOIN, ORDER BY, LIMIT",QUERY,Query on 'matches' table with 'winner_rank_points' returned empty result set.,Check for NULL values in critical columns using `COUNT(*) WHERE column IS NOT NULL` to confirm data availability.,VALID_NEXT_TRIAL,sql_688,2,4-4,sql_688,4,15-15
287,"What is the first name, country code, and birth date of the player with the most winner rank points across all matches?",SQL syntax,SELECT,QUERY,Incomplete SELECT statement caused a SQL syntax error.,"Always complete SQL statements with necessary clauses (e.g., FROM, WHERE) to avoid syntax errors.",VALID_SAME_TRIAL,sql_688,4,11-11,sql_688,4,13-13
288,"What is the first name, country code, and birth date of the player with the most winner rank points across all matches?",Database content,"SELECT, COUNT",VERIFY,No relevant data found in 'matches' or 'rankings' tables to answer the question.,"When data is missing, explicitly state that the information is unavailable in the database.",VALID_NEXT_TRIAL,sql_688,1,14-14,sql_688,4,25-25
289,What are the names of students who have 2 or more likes?,"likes table, student_id column, liked_id column","SELECT, JOIN, GROUP BY, HAVING, COUNT",REFINE,Misinterpretation of 'students who have 2 or more likes' as 'students who like 2 or more others'.,"Correctly interpret 'students who have 2 or more likes' as students who *are liked* by 2 or more others, joining on `T1.ID = T2.liked_id` and counting `T2.student_id`.",VALID_SAME_TRIAL,sql_692,1,14-14,sql_692,1,19-19
290,What are the names of students who have no friends?,"friend table, student_id column, friend_id column","SELECT, UNION, NOT IN",QUERY,Incorrect column names used in subquery for 'friend' table.,Always inspect table schema (SHOW COLUMNS FROM table_name) before referencing columns in queries.,VALID_SAME_TRIAL,sql_696,1,10-10,sql_696,1,14-14
291,What are the country code and first name of the players who won in both tourney WTA Championships and Australian Open?,matches table,"SELECT, COUNT",EXPLORE,Assuming data exists in the 'matches' table for specific tournament names.,Always verify table content with COUNT(*) or SELECT DISTINCT before complex queries.,VALID_SAME_TRIAL,sql_698,1,10-11,sql_698,1,14-15
292,What are the country code and first name of the players who won in both tourney WTA Championships and Australian Open?,SQL query,SELECT,QUERY,Incomplete SQL query leading to syntax error.,Construct full SQL queries before execution to avoid syntax errors.,VALID_SAME_TRIAL,sql_698,3,11-12,sql_698,3,13-14
293,What are the country code and first name of the players who won in both tourney WTA Championships and Australian Open?,SQL query,SELECT,QUERY,Incomplete SQL query leading to syntax error.,Construct full SQL queries before execution to avoid syntax errors.,VALID_SAME_TRIAL,sql_698,7,11-12,sql_698,7,13-14
294,Return the country name and the numbers of languages spoken for each country that speaks at least 3 languages.,"country, countrylanguage tables","SELECT, COUNT, JOIN, GROUP BY, HAVING",QUERY,Using table aliases in SELECT before defining them in FROM/JOIN clauses.,"Define table aliases in FROM/JOIN clauses before referencing them in SELECT, GROUP BY, or HAVING clauses.",VALID_SAME_TRIAL,sql_700,1,6-6,sql_700,1,10-10
295,What is the lowest grade of students who do not have any friends?,"friend table, student_id column, friend_id column","SELECT, UNION, NOT IN",QUERY,"Incorrect column names (ID1, ID2) used in subquery for friend table.",Always verify column names using SHOW COLUMNS FROM <table_name> before querying.,VALID_SAME_TRIAL,sql_703,3,10-11,sql_703,3,14-15
296,What is the lowest grade of students who do not have any friends?,"highschooler table, friend table","SELECT, MIN, NOT IN, UNION",REFINE,"Query returns None, indicating no students without friends, but the agent is unsure if this is correct.",Verify data existence (COUNT(*)) and subquery logic (DISTINCT IDs) to confirm 'None' is the correct answer.,VALID_SAME_TRIAL,sql_703,1,15-16,sql_703,1,21-22
297,What is the total number of people living in the nations that do not use English?,"country, countrylanguage tables, Population, Language columns","SELECT, SUM, JOIN, WHERE, NOT IN",REFINE,"Incorrect aggregation due to multiple languages per country, leading to inflated population sum.","Use a subquery with NOT IN to filter countries based on language, ensuring each country's population is counted once.",VALID_SAME_TRIAL,sql_708,1,10-11,sql_708,1,13-14
298,Give the name of the student with the most likes.,"likes table, highschooler table, liked_id column, ID column","SELECT, JOIN, GROUP BY, ORDER BY, COUNT, LIMIT",QUERY,Incorrect column reference in JOIN condition (T2.ID2 instead of T2.liked_id).,Always verify column names from schema (SHOW COLUMNS FROM table_name) before using them in queries.,VALID_SAME_TRIAL,sql_713,3,10-10,sql_713,3,14-18
299,Give the name of the student with the most likes.,"likes table, highschooler table, liked_id column","SELECT, JOIN, GROUP BY, ORDER BY, COUNT, LIMIT",QUERY,Incorrect aggregation logic for finding the student with the most likes.,"Use a subquery to find the `liked_id` with the maximum count, then join with the `highschooler` table.",VALID_NEXT_TRIAL,sql_713,1,10-10,sql_713,4,10-10
300,What is the best rank of losers across all matches?,"matches table, loser_rank column","SELECT, MIN, WHERE",QUERY,"Querying MIN(loser_rank) from 'matches' returned NULL, indicating no valid ranks.",Verify column data presence with COUNT(column) WHERE column IS NOT NULL before aggregation.,VALID_SAME_TRIAL,sql_715,1,8-10,sql_715,1,11-12
301,What is the best rank of losers across all matches?,"matches table, rankings table, loser_id, player_id, ranking columns","SELECT, MIN, JOIN, WHERE",QUERY,Joining 'matches' and 'rankings' tables and querying MIN(ranking) returned NULL.,"When joins yield no results, count non-NULL values in the joined column to confirm data absence.",VALID_SAME_TRIAL,sql_715,2,6-7,sql_715,2,9-10
302,What is the best rank of losers across all matches?,"qualifying_matches table, loser_rank column","SELECT, MIN, WHERE",QUERY,Querying MIN(loser_rank) from 'qualifying_matches' returned NULL.,Confirm column data presence with COUNT(column) WHERE column IS NOT NULL before aggregation.,VALID_SAME_TRIAL,sql_715,3,5-6,sql_715,3,8-9
303,What is the best rank of losers across all matches?,"matches, rankings, qualifying_matches tables","SELECT, MIN, JOIN",REFINE,No valid loser rank found across multiple tables and join attempts.,"If no data exists for the requested metric after thorough schema exploration, return NULL.",VALID_NEXT_TRIAL,sql_715,1,8-12,sql_715,3,12-13
304,Which cities are in European countries where English is not the official language?,"city, country, countrylanguage tables","SELECT, JOIN, WHERE, DISTINCT",REFINE,Initial query returned duplicate city names due to multiple non-English official languages.,Use DISTINCT keyword to retrieve unique city names when multiple join conditions can lead to duplicates.,VALID_SAME_TRIAL,sql_736,1,18-18,sql_736,1,21-21
305,Which cities are in European countries where English is not the official language?,"countrylanguage table, Language, IsOfficial columns","SELECT, JOIN, WHERE, NOT IN, Subquery",REFINE,"Incorrect filtering logic: filtering for non-English official languages per country, not countries where English is not official.",Use a subquery with NOT IN to filter countries where a specific condition (English as official language) is not met.,VALID_SAME_TRIAL,sql_736,2,14-14,sql_736,2,17-17
306,Return the different descriptions for templates that have been used in a document.,"templates table, ref_template_types table, Template_Details column, Template_Type_Description column","SELECT, JOIN",QUERY,Incorrectly assumed 'Template_Details' was the description column.,Explore related tables (ref_template_types) to identify the correct description column ('Template_Type_Description').,VALID_SAME_TRIAL,sql_737,1,14-15,sql_737,1,20-21
307,Return the different descriptions for templates that have been used in a document.,"SQL query, table aliases","SELECT, JOIN",QUERY,Used an undefined table alias in the SELECT clause.,Ensure all table aliases used in SELECT are correctly defined in the FROM/JOIN clauses.,VALID_SAME_TRIAL,sql_737,4,18-19,sql_737,4,21-22
308,What are the ids of students who both have friends and are liked?,"highschooler table, friend table, likes table, ID column, student_id column, liked_id column","SELECT, JOIN, DISTINCT",QUERY,Query returned duplicate IDs due to multiple joins without DISTINCT.,Use DISTINCT keyword in SELECT clause to retrieve only unique IDs from joined tables.,VALID_SAME_TRIAL,sql_746,2,18-18,sql_746,2,21-21
309,What are the ids of students who both have friends and are liked?,SQL syntax,N/A,EXPLORE,Attempted to execute natural language as SQL query.,Only valid SQL queries can be executed; natural language thoughts should be in 'think' actions.,VALID_SAME_TRIAL,sql_746,4,2-2,sql_746,4,4-4
310,What are the ids of students who both have friends and are liked?,"likes table, student_id column, liked_id column",JOIN,QUERY,"Incorrect join condition for 'liked' students, using student_id instead of liked_id.",Ensure join conditions accurately reflect the relationship: student ID from highschooler should match liked_id in likes table.,VALID_NEXT_TRIAL,sql_746,5,22-22,sql_746,1,19-19
311,Find the first name and country code of the player who did the most number of tours.,"players table, matches table","SELECT, FROM, JOIN",QUERY,Attempted to SELECT from an undefined table alias (T1).,Always define table aliases in the FROM or JOIN clause before referencing them in SELECT.,VALID_SAME_TRIAL,sql_750,1,13-13,sql_750,1,21-21
312,Find the first name and country code of the player who did the most number of tours.,SQL syntax,WITH,QUERY,Incorrect use of WITH clause (CTE) syntax in MySQL.,Use subqueries or temporary tables instead of WITH clause for complex query structuring in MySQL.,VALID_SAME_TRIAL,sql_750,1,15-15,sql_750,1,21-21
313,Find the first name and country code of the player who did the most number of tours.,database content,"SELECT, COUNT",VERIFY,"Proceeded with complex query without verifying data existence, leading to empty result.",Always check if tables contain data using COUNT(*) before constructing complex queries.,VALID_SAME_TRIAL,sql_750,1,21-21,sql_750,1,23-23
314,Find the first name and country code of the player who did the most number of tours.,SQL syntax,N/A,VERIFY,Attempted to submit natural language as a SQL query.,Only submit valid SQL queries or the 'submit' command. Natural language is not a valid SQL action.,VALID_SAME_TRIAL,sql_750,4,15-15,sql_750,4,17-17
315,"Give the name, year of independence, and surface area of the country that has the lowest population.","country table, Population column","SELECT, ORDER BY, LIMIT",QUERY,The query correctly identifies the country with the lowest population but the expected answer is different.,"The current approach of ordering by population and limiting to 1 is correct for finding the lowest population, but the database might contain entries with 0 population that are not considered valid countries.",CANDIDATE,sql_751,1,6-6,sql_751,1,6-6
316,Show all template type codes that are not used by any document.,"ref_template_types, templates, documents tables","SELECT, EXCEPT, JOIN, NOT IN",QUERY,Initial query using EXCEPT did not consider all relevant tables (documents).,Identify all relevant tables for the query by exploring schema or re-evaluating the question.,VALID_SAME_TRIAL,sql_760,1,2-3,sql_760,1,6-7
317,Show all template type codes that are not used by any document.,"ref_template_types, templates, documents tables","SELECT, LEFT JOIN, WHERE, IS NULL",REFINE,Incorrect JOIN conditions and WHERE clause logic led to duplicate and incorrect results.,Use subqueries with NOT IN to filter based on non-existence in related tables for complex exclusion logic.,VALID_SAME_TRIAL,sql_760,1,10-11,sql_760,1,14-15
318,Find the first names of owners living in Virginia and the names of dogs they own.,"owners table, state column","SELECT, WHERE",REFINE,"Incorrect state abbreviation used in WHERE clause, leading to empty result set.",Verify column values using SELECT DISTINCT to ensure correct filtering criteria.,VALID_SAME_TRIAL,sql_764,1,14-14,sql_764,1,18-18
319,Which countries have either English or Dutch as an official language?,"countrylanguage table, IsOfficial column","SELECT, JOIN, WHERE",REFINE,"Missing filter for official languages, leading to incorrect results.",Add `AND T2.IsOfficial = 'T'` to the WHERE clause to filter for official languages.,VALID_NEXT_TRIAL,sql_767,5,2-2,sql_767,6,2-2
320,Find the total ranking points for each player and their first name.,"players table, rankings table","SELECT, JOIN, SUM, GROUP BY",QUERY,SQL syntax error: 'Unknown table 'T1' in field list' due to incomplete query.,Always include the FROM and JOIN clauses when referencing aliased tables in the SELECT statement.,VALID_SAME_TRIAL,sql_770,1,14-14,sql_770,1,17-17
321,Find the total ranking points for each player and their first name.,"players table, rankings table","SELECT, JOIN, SUM, GROUP BY",REFINE,"Query returned empty result set due to empty tables, not incorrect logic.","Verify table data (e.g., using COUNT(*)) when queries return unexpected empty results.",VALID_SAME_TRIAL,sql_770,1,18-18,sql_770,1,21-21
322,Find the total ranking points for each player and their first name.,players table,SUBMIT,VERIFY,Attempted to submit a natural language explanation instead of a SQL query.,"When data is missing, submit a valid SQL query that returns an empty set to indicate unanswerable.",VALID_NEXT_TRIAL,sql_770,3,22-22,sql_770,4,20-20
323,How many players are from each country?,players table,"SELECT, COUNT, GROUP BY",QUERY,Querying an empty 'players' table resulted in an empty result set.,Verify table content with COUNT(*) before complex queries to avoid empty results.,VALID_SAME_TRIAL,sql_771,1,6-7,sql_771,1,10-11
324,How many players are from each country?,"matches table, winner_ioc, loser_ioc, winner_id, loser_id columns","SELECT, UNION ALL, GROUP BY, COUNT, DISTINCT",QUERY,Incorrectly referencing aliased columns 'country_code' and 'player_id' outside of subquery.,"Construct subquery first, aliasing columns, then select from the subquery using the aliases.",VALID_SAME_TRIAL,sql_771,2,14-15,sql_771,2,46-47
325,How many players are from each country?,"matches table, qualifying_matches table","SELECT, UNION ALL, GROUP BY, COUNT, DISTINCT",REFINE,Initial queries on 'players' and 'matches' tables returned empty results.,"Explore all relevant tables (e.g., 'qualifying_matches') for data if primary tables are empty.",VALID_NEXT_TRIAL,sql_771,2,6-7,sql_771,3,14-15
326,"Who is the earliest graduate of the school? List the first name, middle name and last name.","students, transcripts, student_id, transcript_id",JOIN,QUERY,Incorrect join condition between students and transcripts tables.,Do not assume direct foreign key relationships; verify schema for linking tables.,VALID_NEXT_TRIAL,sql_772,1,9-9,sql_772,4,39-39
327,"Who is the earliest graduate of the school? List the first name, middle name and last name.",SQL syntax,SELECT,QUERY,Incomplete SQL query (only 'SELECT').,Always provide a complete SQL statement for execution.,VALID_SAME_TRIAL,sql_772,4,14-14,sql_772,4,39-39
328,"Who is the earliest graduate of the school? List the first name, middle name and last name.","student_enrolment, student_enrolment_courses, enrolment_id",JOIN,QUERY,Incorrect join column 'enrolment_id' between student_enrolment and student_enrolment_courses.,Verify join columns using SHOW COLUMNS FROM to ensure correct foreign key usage.,VALID_SAME_TRIAL,sql_772,7,6-6,sql_772,7,10-10
329,"What is the first, middle, and last name, along with the id and number of enrollments, for the student who enrolled the most in any program?",SQL query,SELECT,QUERY,Attempted to execute an incomplete SQL SELECT statement.,"Always construct and execute a complete SQL query, including all necessary clauses (SELECT, FROM, JOIN, GROUP BY, ORDER BY, LIMIT).",VALID_NEXT_TRIAL,sql_776,1,10-11,sql_776,2,18-18
330,"What is the first, middle, and last name, along with the id and number of enrollments, for the student who enrolled the most in any program?",Table aliases,"SELECT, FROM",QUERY,"Referenced table aliases (T1, T2) without defining them in the FROM clause.","Define table aliases in the FROM clause (e.g., `students AS T1`) before using them in SELECT or WHERE clauses.",VALID_SAME_TRIAL,sql_776,2,12-12,sql_776,2,18-18
331,"What is the first, middle, and last name, along with the id and number of enrollments, for the student who enrolled the most in any program?",Column name,"SELECT, JOIN, GROUP BY",QUERY,Used incorrect column name 'stu_ID' instead of 'student_id'.,Verify column names using `SHOW COLUMNS FROM <table>` before constructing the query to avoid 'Unknown column' errors.,VALID_SAME_TRIAL,sql_776,4,16-16,sql_776,4,28-28
332,How many cities in each district have a population that is above the average population across all cities?,"city table, Population column, District column, Name column","SELECT, COUNT, AVG, GROUP BY, WHERE",QUERY,The initial query correctly identifies cities with above-average population but fails to group them by district.,"To count cities per district with above-average population, use a subquery for AVG(Population) in the WHERE clause and GROUP BY District.",CANDIDATE,sql_781,1,6-6,sql_781,1,6-6
333,What are the names of cities in Europe for which English is not the official language?,"countrylanguage table, IsOfficial column","JOIN, WHERE",REFINE,Incorrectly joining countrylanguage table and filtering for IsOfficial = 'T' and Language != 'English'.,Use a subquery with NOT IN to exclude countries where English is an official language.,VALID_NEXT_TRIAL,sql_782,1,18-18,sql_782,4,20-20
334,What are the names of cities in Europe for which English is not the official language?,SQL syntax,SELECT,QUERY,Incomplete SELECT statement leading to a syntax error.,Ensure SELECT statements are complete with columns and FROM clause.,VALID_SAME_TRIAL,sql_782,4,16-16,sql_782,4,20-20
335,What are the names of the singers who are not French citizens?,"singer table, Citizenship column","SELECT, WHERE",QUERY,Incorrect filtering logic for 'not French' citizenship.,The query `SELECT Name FROM singer WHERE Citizenship != 'French'` does not correctly identify non-French citizens if 'French' is not the exact string in the database or if NULL values exist. Need to verify exact string or use `NOT LIKE` or `NOT IN` with possible variations.,CANDIDATE,sql_785,1,6-7,sql_785,1,6-7
336,What is the first name and country code of the player with the most tours?,"matches table, players table, tourney_id column, winner_id column, loser_id column","SELECT, COUNT, DISTINCT, UNION ALL, GROUP BY, ORDER BY, LIMIT, JOIN",QUERY,"Incorrectly combining winner and loser tour counts, leading to empty result.","Use UNION ALL to combine player_id and tourney_id from both winner and loser roles, then count distinct tourney_id for each player.",CANDIDATE,sql_787,1,10-11,sql_787,1,12-13
337,What is the first name and country code of the player with the most tours?,"matches table, players table, rankings table","SELECT, COUNT",EXPLORE,"Assuming tables contain data without verification, leading to empty results.",Always verify if tables contain data using COUNT(*) before constructing complex queries.,VALID_SAME_TRIAL,sql_787,1,12-13,sql_787,1,14-15
338,What is the first name and country code of the player with the most tours?,submit command,submit,VERIFY,Attempting to submit descriptive text instead of a query result or specific answer format.,"The 'submit' command expects a query result or a specific answer format, not descriptive text.",CANDIDATE,sql_787,2,20-21,sql_787,2,22-23
339,What is the first name and country code of the player with the most tours?,Common Table Expression (CTE),"WITH, SELECT",QUERY,"Attempting to define a CTE in multiple, incomplete steps, causing syntax errors.","Provide the entire SQL query, including CTE definition and final SELECT statement, as a single action.",CANDIDATE,sql_787,2,14-15,sql_787,6,2-3
340,What is the official language used in the country the name of whose head of state is Beatrix.,"countrylanguage table, Language column","SELECT, DISTINCT",REFINE,"Query returned duplicate languages, not distinct official languages.",Use DISTINCT to retrieve unique values when multiple rows might contain the same data.,VALID_SAME_TRIAL,sql_788,1,10-11,sql_788,1,14-15
341,What is the official language used in the country the name of whose head of state is Beatrix.,"countrylanguage table, Language column",SELECT,VERIFY,Misinterpretation of 'the official language' when multiple official languages exist.,"When a question asks for 'the' singular but multiple valid answers exist, consider the most frequent or primary one if context allows.",VALID_NEXT_TRIAL,sql_788,1,16-19,sql_788,2,12-15
342,What are the countries that have greater surface area than any country in Europe?,"country table, SurfaceArea column, Continent column","SELECT, WHERE, MAX, Subquery",REFINE,"Misinterpretation of 'any' in the question, leading to an empty result set.",Interpret 'greater than any' as 'greater than the maximum' when comparing against a set.,CANDIDATE,sql_805,1,6-6,sql_805,6,4-4
343,How is the math course described?,submit command,submit,VERIFY,"Incorrect usage of the `submit` command, leading to SQL syntax errors.","The `submit` command should be used without an argument if the answer is already the last observation, or with the exact answer as a direct argument.",VALID_NEXT_TRIAL,sql_808,1,16-48,sql_808,4,9-10
344,What are the cost and treatment type description of each treatment?,SQL query,SELECT,QUERY,Incomplete SQL query leading to syntax error.,"Construct a complete SELECT statement with columns, FROM, and JOIN clauses.",VALID_NEXT_TRIAL,sql_821,1,10-13,sql_821,2,14-14
345,Which first names are used for professionals or owners but are not used as dog names?,"owners table, professionals table, dogs table, first_name column, name column","SELECT, UNION, EXCEPT, NOT IN",QUERY,Used incorrect column alias 'fname' instead of 'first_name' for owners/professionals tables.,Always verify column names using SHOW COLUMNS FROM <table_name> before querying to avoid 'Unknown column' errors.,VALID_SAME_TRIAL,sql_822,2,2-2,sql_822,2,6-13
346,find the names of loser and winner who played in the match with greatest number of minutes.,matches table,"SELECT, COUNT",EXPLORE,"The `matches` table is empty, preventing query execution.",Always verify table population with COUNT(*) before attempting complex queries.,VALID_SAME_TRIAL,sql_824,1,6-7,sql_824,1,8-9
347,find the names of loser and winner who played in the match with greatest number of minutes.,submit command,submit,VERIFY,Incorrectly using 'submit: [string]' as an SQL query.,"The 'submit' command expects the final answer string directly, not as an SQL statement.",CANDIDATE,sql_824,2,6-7,sql_824,4,10-11
348,What is the program id and the summary of the degree that has the most students enrolled?,"degree_programs table, student_enrolment table","SELECT, JOIN, GROUP BY, COUNT, ORDER BY, LIMIT",QUERY,Incomplete SQL query leading to 'Unknown table' error.,Construct complete SQL queries including FROM and JOIN clauses before execution.,VALID_SAME_TRIAL,sql_833,1,11-12,sql_833,1,17-18
349,Find the name of tourney that has more than 10 matches.,matches table,"SELECT, COUNT, GROUP BY, HAVING",REFINE,"Query returned empty result set due to empty table, not query logic.",Always check if a table is empty using `SELECT COUNT(*) FROM <table_name>` before complex queries.,VALID_SAME_TRIAL,sql_834,1,5-6,sql_834,1,11-12
350,Find the name of tourney that has more than 10 matches.,submission,submit,VERIFY,Attempted to submit natural language instead of a valid SQL command or 'submit'.,Only use 'submit' keyword or a valid SQL query for submission.,VALID_SAME_TRIAL,sql_834,3,17-18,sql_834,3,23-24
351,"What are the population, name and leader of the country with the largest area?","country table, HeadOfState column",SELECT,REFINE,The 'leader' column was not explicitly identified in the schema.,Infer the meaning of columns like 'HeadOfState' to match natural language questions.,CANDIDATE,sql_837,1,4-4,sql_837,1,6-6
352,What is the language spoken by the largest percentage of people in each country?,"country, countrylanguage tables","SELECT, JOIN, Subquery",QUERY,SQL syntax error: 'Unknown table 'T1' in field list' due to missing FROM clause.,Always include the FROM clause with table aliases when referencing columns from multiple tables in SELECT.,CANDIDATE,sql_850,1,10-11,sql_850,1,12-13
353,What is the language spoken by the largest percentage of people in each country?,SQL syntax,"SELECT, WITH",QUERY,SQL syntax error: 'You have an error in your SQL syntax' when attempting to use CTE (WITH clause).,Avoid CTEs if not supported; use subqueries in WHERE clause for complex filtering.,CANDIDATE,sql_850,1,14-15,sql_850,1,16-17
354,What is the language spoken by the largest percentage of people in each country?,SQL query structure,SELECT,QUERY,Repeated SQL syntax error: 'You have an error in your SQL syntax' by only typing 'SELECT'.,"Always provide a complete SQL query, including FROM, WHERE, and JOIN clauses, after planning.",CANDIDATE,sql_850,1,18-19,sql_850,2,8-9
355,"Which owner owns the most dogs? List the owner id, first name and last name.",SQL query,SELECT,QUERY,Incomplete SQL query leading to syntax error.,"Construct a complete SQL query including SELECT, FROM, JOIN, GROUP BY, ORDER BY, and LIMIT clauses.",VALID_NEXT_TRIAL,sql_852,1,10-11,sql_852,2,10-11
356,What is average life expectancy in the countries where English is not the official language?,"countrylanguage table, IsOfficial column","SELECT, AVG, WHERE, JOIN",REFINE,Incorrect WHERE clause logic for 'not official language'.,Use a subquery with NOT IN to exclude countries where English is an official language.,VALID_NEXT_TRIAL,sql_857,1,6-6,sql_857,2,12-12
357,What is the official language spoken in the country whose head of state is Beatrix?,"countrylanguage table, Language column","SELECT, DISTINCT",REFINE,Query returned duplicate languages for official languages.,Use DISTINCT keyword to retrieve unique values when multiple rows match the criteria.,VALID_SAME_TRIAL,sql_862,1,11-11,sql_862,1,14-14
358,What are the names of properties that are either houses or apartments with more than 1 room?,"properties table, ref_property_types table, property_name column, property_type_code column, property_type_description column, room_count column","SELECT, JOIN, WHERE, IN",QUERY,Incorrectly referencing table alias 'T1' before defining it in the FROM clause.,Always define table aliases in the FROM clause before using them in SELECT or WHERE clauses.,VALID_SAME_TRIAL,sql_865,1,12-12,sql_865,1,16-16
359,What are the names of properties that are either houses or apartments with more than 1 room?,"ref_property_types table, property_type_description column","SELECT, JOIN, WHERE, IN",REFINE,Using incorrect or partial string values for property types in the WHERE clause.,Verify exact string values for filtering by querying distinct values from the relevant column.,VALID_SAME_TRIAL,sql_865,1,16-16,sql_865,1,20-20
360,What is the average rank for winners in all matches?,"matches table, winner_rank column, rankings table, ranking column","SELECT, AVG, JOIN, COUNT, IS NOT NULL",QUERY,Initial query `SELECT AVG(winner_rank) FROM matches` returned `None` due to all `winner_rank` values being NULL.,Verify column data for non-NULL values using `COUNT(column) WHERE column IS NOT NULL` before aggregation.,VALID_SAME_TRIAL,sql_868,1,9-10,sql_868,1,15-16
361,What is the average rank for winners in all matches?,"matches table, rankings table, winner_id, player_id, tourney_date, ranking_date","SELECT, AVG, JOIN, WHERE",QUERY,"Attempted complex join between `matches` and `rankings` tables to find winner rank, but it also returned `None`.","When complex joins yield no results, verify the existence of non-NULL data in relevant columns of joined tables.",VALID_SAME_TRIAL,sql_868,1,13-14,sql_868,1,17-18
362,What is the average rank for winners in all matches?,"rankings table, ranking column","SELECT, COUNT, IS NOT NULL",EXPLORE,Discovered that the `ranking` column in the `rankings` table also contains no non-NULL values.,Thoroughly inspect all potential data sources for non-NULL values when initial queries return empty results.,VALID_SAME_TRIAL,sql_868,1,17-18,sql_868,1,17-18
363,What is the average rank for winners in all matches?,submit command,submit,VERIFY,"Repeatedly attempted to submit '0' as a SQL query, resulting in syntax errors.","Understand that 'submit' is a special command for providing the final answer, not an SQL query.",VALID_NEXT_TRIAL,sql_868,2,13-14,sql_868,4,13-14
364,What are the country codes for countries that do not speak English?,"countrylanguage table, Language column, CountryCode column, country table, Code column","SELECT, WHERE, NOT IN",QUERY,"Incorrect filtering logic: selecting countries where *any* language is not English, instead of countries where *no* language is English.","To find countries that do not speak a specific language, use a subquery with NOT IN to exclude countries where that language is spoken.",VALID_SAME_TRIAL,sql_872,1,6-6,sql_872,1,8-8
365,What are the country codes for countries that do not speak English?,"country table, Code column",SELECT,QUERY,"Incorrect column reference: attempting to select 'CountryCode' from the 'country' table, which does not exist.","Always verify column names against the schema (e.g., using SHOW COLUMNS FROM <table>) before querying.",VALID_SAME_TRIAL,sql_872,2,8-8,sql_872,2,10-10
366,What are the Asian countries which have a population larger than that of any country in Africa?,"country table, Population column, Continent column","SELECT, WHERE, MAX, Subquery",QUERY,"The initial query incorrectly uses MAX to compare against 'any' country, leading to an incomplete result.","To find countries with population larger than 'any' country in a group, use a subquery with the ALL operator or compare against the MIN of the group.",CANDIDATE,sql_886,1,6-7,sql_886,1,6-7
367,Which professionals have operated a treatment that costs less than the average? Give me theor first names and last names.,"professionals table, treatments table, cost_of_treatment column","SELECT, JOIN, WHERE, AVG",REFINE,"The initial query did not use DISTINCT, leading to duplicate professional names.",Use the DISTINCT keyword in the SELECT clause to retrieve unique rows when duplicates are not desired.,VALID_NEXT_TRIAL,sql_888,1,16-16,sql_888,2,14-14
368,Which professionals have operated a treatment that costs less than the average? Give me theor first names and last names.,"treatments table, cost_of_treatment column","SELECT, WHERE",REFINE,Incorrect column name 'cost' used instead of 'cost_of_treatment' in the WHERE clause.,Always verify column names against the schema using SHOW COLUMNS FROM <table> to prevent 'Unknown column' errors.,VALID_SAME_TRIAL,sql_888,5,6-6,sql_888,5,12-12
369,Find the name and rank of the 3 youngest winners across all matches.,SQL syntax,SELECT,QUERY,Incomplete SELECT statement causing SQL syntax error.,Construct a complete SELECT statement before execution to avoid syntax errors.,VALID_NEXT_TRIAL,sql_892,1,6-9,sql_892,2,14-15
370,Find the name and rank of the 3 youngest winners across all matches.,SQL function,"STRFTIME, YEAR, CURDATE",QUERY,Using `STRFTIME` function which is not supported in MySQL.,Use MySQL-compatible functions like `YEAR(CURDATE()) - YEAR(birth_date)` for age calculation.,VALID_SAME_TRIAL,sql_892,2,16-17,sql_892,2,18-19
371,Find the name and rank of the 3 youngest winners across all matches.,Table content,SELECT,REFINE,"Querying an empty `matches` table, leading to empty result sets.","Verify table content with simple SELECT statements (e.g., `SELECT * FROM table LIMIT N`) before complex queries.",VALID_NEXT_TRIAL,sql_892,2,20-21,sql_892,3,26-29
372,find the number of players for each country.,"players table, country_code column","SELECT, COUNT, GROUP BY",REFINE,Query returned empty result set due to empty table.,Verify table contents with COUNT(*) before assuming query logic is incorrect.,VALID_SAME_TRIAL,sql_898,1,6-6,sql_898,1,10-10
373,find the number of players for each country.,players table,"SELECT, COUNT",VERIFY,Incorrectly submitting an empty tuple instead of an empty result set.,"Submit 'empty result set' when the database returns no rows, not '(0,)'.",VALID_NEXT_TRIAL,sql_898,1,14-14,sql_898,3,10-10
374,How many friends does each student have?,"friend table, student_id column, friend_id column","SELECT, COUNT, JOIN, GROUP BY",QUERY,"Initial query only counts friends where student is in `student_id` column, missing symmetric friendships.",Use UNION ALL to combine both `student_id` and `friend_id` columns to account for symmetric friendships.,VALID_SAME_TRIAL,sql_910,1,6-7,sql_910,1,10-11
375,How many friends does each student have?,"SQL syntax, CTE","WITH, SELECT",QUERY,"Attempted to execute a CTE (`WITH` clause) in isolation, leading to syntax error.",Ensure the entire CTE and subsequent SELECT statement are executed as a single query block.,VALID_SAME_TRIAL,sql_910,2,10-11,sql_910,2,16-17
376,How many friends does each student have?,"friend table, column names",SELECT,QUERY,"Used incorrect column names (`ID1`, `ID2`) for the `friend` table in the query.",Always verify table schema using `SHOW COLUMNS FROM <table>` before referencing columns in queries.,VALID_SAME_TRIAL,sql_910,2,16-17,sql_910,2,20-21
377,How many friends does each student have?,"SQL syntax, CTE","WITH, SELECT",QUERY,"Attempted to execute a CTE (`WITH` clause) in isolation, leading to syntax error.",Ensure the entire CTE and subsequent SELECT statement are executed as a single query block.,VALID_SAME_TRIAL,sql_910,3,10-11,sql_910,3,14-15
378,Show the names of students who have a grade higher than 5 and have at least 2 friends.,SQL syntax,N/A,EXPLORE,Attempted to execute natural language as SQL query.,Recognize that only valid SQL queries can be executed; use `SHOW TABLES` and `SHOW COLUMNS` to explore schema.,VALID_SAME_TRIAL,sql_913,1,2-3,sql_913,1,6-15
379,Show the names of students who have a grade higher than 5 and have at least 2 friends.,"highschooler, friend tables","SELECT, JOIN, GROUP BY, COUNT, WHERE, HAVING",QUERY,Initial query attempt was missing schema knowledge.,Explore database schema using `SHOW TABLES` and `SHOW COLUMNS FROM <table>` before constructing complex queries.,VALID_SAME_TRIAL,sql_913,1,2-3,sql_913,1,6-15
380,Show the names of students who have a grade higher than 5 and have at least 2 friends.,"friend table, student_id, friend_id columns","GROUP BY, COUNT, HAVING",QUERY,"Implicitly, the strategy for counting friends was not immediately clear.",Use a subquery with `GROUP BY` and `COUNT` on the `friend` table to filter students by friend count.,VALID_SAME_TRIAL,sql_913,1,2-3,sql_913,1,16-17
381,"Which professionals live in the state of Indiana or have done treatment on more than 2 treatments? List his or her id, last name and cell phone.","professionals table, treatments table","SELECT, JOIN, GROUP BY, HAVING, COUNT, UNION",QUERY,Incorrectly combining GROUP BY/HAVING with WHERE conditions in a UNION query.,Separate complex OR conditions into distinct SELECT statements and combine them using UNION for clarity and correctness.,VALID_SAME_TRIAL,sql_914,1,10-10,sql_914,1,14-14
382,"Which professionals live in the state of Indiana or have done treatment on more than 2 treatments? List his or her id, last name and cell phone.",SQL syntax,SELECT,QUERY,Incomplete SELECT statement leading to SQL syntax error.,Ensure SELECT statements are complete with columns and FROM clause before execution.,VALID_SAME_TRIAL,sql_914,4,8-8,sql_914,4,9-9
383,"Which professionals live in the state of Indiana or have done treatment on more than 2 treatments? List his or her id, last name and cell phone.",SQL syntax,SELECT,QUERY,"Attempting to execute natural language as SQL, causing syntax errors.",Only execute valid SQL statements; natural language comments should be in 'think' steps.,VALID_SAME_TRIAL,sql_914,5,11-11,sql_914,5,19-19
384,"Which professionals live in the state of Indiana or have done treatment on more than 2 treatments? List his or her id, last name and cell phone.",professionals table,SELECT,QUERY,"Missing FROM clause in SELECT statement, leading to 'Unknown column' error.",Always specify the FROM clause in a SELECT statement to indicate the table(s) being queried.,VALID_SAME_TRIAL,sql_914,1,12-12,sql_914,1,14-14
385,"Which professionals live in the state of Indiana or have done treatment on more than 2 treatments? List his or her id, last name and cell phone.","professionals table, treatments table","SELECT, JOIN, GROUP BY, HAVING, COUNT",QUERY,"Inefficient query structure for OR condition, using UNION instead of a single query with OR and subquery/JOIN.",Use a single query with a LEFT JOIN to a subquery for aggregated counts and an OR condition in WHERE for combined criteria.,VALID_NEXT_TRIAL,sql_914,1,14-14,sql_914,4,9-9
386,What is the first name and country code of the oldest player?,players table,"SELECT, ORDER BY, LIMIT",QUERY,Query returned empty result set because the table was empty.,Always check if a table is empty using COUNT(*) before querying for specific data.,VALID_SAME_TRIAL,sql_917,1,6-7,sql_917,1,10-11
387,What is the first name and country code of the oldest player?,submit action,submit,VERIFY,Incorrectly attempting to submit a descriptive sentence with the 'submit' action.,"The 'submit' action expects the final answer (data or empty result), not a descriptive string.",VALID_NEXT_TRIAL,sql_917,2,14-15,sql_917,5,10-11
388,"What are the ids and names of each document, as well as the number of paragraphs in each?",SQL query,SELECT,QUERY,Incomplete SQL query leading to syntax error.,"Construct a complete SQL query with SELECT, FROM, JOIN, GROUP BY clauses.",VALID_NEXT_TRIAL,sql_925,1,10-11,sql_925,2,14-14
389,"What are the different continents and the total popuation and average life expectancy corresponding to each, for continents that have an average life expectancy less than 72?",Continent column,SELECT,QUERY,Unknown column 'Continent' error when selecting the column.,Re-verify column names from SHOW COLUMNS and ensure the full query is provided.,VALID_SAME_TRIAL,sql_926,1,6-6,sql_926,1,12-12
390,"What are the different continents and the total popuation and average life expectancy corresponding to each, for continents that have an average life expectancy less than 72?",SQL query syntax,SELECT,QUERY,Incomplete SELECT statement caused a syntax error.,Ensure the SELECT statement is complete with all necessary columns and clauses.,VALID_SAME_TRIAL,sql_926,4,6-6,sql_926,4,8-8
391,Find the name of the winner who has the highest rank points and participated in the Australian Open tourney.,matches table,"SELECT, COUNT",EXPLORE,"The `matches` table was empty, leading to empty query results.",Always verify table contents with `SELECT COUNT(*)` or `SELECT DISTINCT` before complex queries.,VALID_SAME_TRIAL,sql_937,1,30-31,sql_937,1,32-33
392,Find the name of the winner who has the highest rank points and participated in the Australian Open tourney.,submission format,submit,VERIFY,Attempting to submit a textual explanation instead of a SQL query or empty result.,Submissions must be valid SQL queries or an empty string if no answer can be found.,VALID_NEXT_TRIAL,sql_937,1,36-37,sql_937,2,26-27
393,Find the name of the winner who has the highest rank points and participated in the Australian Open tourney.,"matches table, rankings table","JOIN, SELECT",QUERY,Unnecessarily joining `rankings` table when `winner_rank_points` is in `matches`.,Examine all relevant table schemas to identify the most direct path to required data.,VALID_NEXT_TRIAL,sql_937,1,24-25,sql_937,2,14-15
394,Show the date and id of the transcript with at least 2 course results.,"transcripts table, transcript_contents table, transcript_id, student_course_id","SELECT, JOIN, GROUP BY, COUNT, HAVING",QUERY,The submitted query returned the correct data but was marked as incorrect by the system.,"The query logic for joining, grouping, and filtering was correct, but the system marked it as incorrect. No specific SQL correction was needed.",CANDIDATE,sql_938,1,15-16,sql_938,1,15-16
395,What are the names and ranks of the three youngest winners across all matches?,"matches table, winner_age column","SELECT, ORDER BY, LIMIT, DISTINCT",QUERY,ORDER BY column not in SELECT list with DISTINCT clause.,"When using DISTINCT, include all ORDER BY columns in the SELECT clause.",VALID_SAME_TRIAL,sql_942,1,12-12,sql_942,1,14-14
396,What are the names and ranks of the three youngest winners across all matches?,"matches table, winner_age column","SELECT, WHERE, ORDER BY, LIMIT",REFINE,Query returned empty result set due to all winner_age values being NULL.,Verify data availability and non-NULL values for critical columns before querying.,VALID_SAME_TRIAL,sql_942,1,14-14,sql_942,1,16-16
397,What are the names and ranks of the three youngest winners across all matches?,players table,"SELECT, COUNT",REFINE,"The 'players' table was empty, leading to empty query results.",Always check table emptiness with COUNT(*) when queries return empty results.,VALID_SAME_TRIAL,sql_942,1,20-20,sql_942,1,20-20
398,What are the names and ranks of the three youngest winners across all matches?,SQL syntax,SELECT,QUERY,Incomplete SQL query resulted in a syntax error.,Ensure full SQL statements are provided to avoid syntax errors.,VALID_SAME_TRIAL,sql_942,1,18-18,sql_942,1,19-19
399,What are the names and ranks of the three youngest winners across all matches?,SQL function,STRFTIME,QUERY,Used unsupported `STRFTIME` function for age calculation in MySQL.,Use MySQL-specific date functions like `TIMESTAMPDIFF` for age calculation.,VALID_SAME_TRIAL,sql_942,3,15-15,sql_942,3,17-17
400,What are the names and ranks of the three youngest winners across all matches?,matches table,"SELECT, COUNT",REFINE,"The 'matches' table was empty, preventing any results.",Always verify table content with COUNT(*) when queries yield empty results.,VALID_SAME_TRIAL,sql_942,4,15-15,sql_942,4,17-17
401,What are the names of the winner and loser who played in the longest match?,matches table,"SELECT, ORDER BY, LIMIT",QUERY,Query for longest match returned empty result due to empty table.,Verify table contents with COUNT(*) before assuming data exists for a query.,VALID_SAME_TRIAL,sql_944,1,5-5,sql_944,1,7-7
402,What are the names of the winner and loser who played in the longest match?,submission format,submit,VERIFY,Attempted to submit natural language text instead of a SQL query.,"Always submit a valid SQL query as the final answer, even if it returns an empty set.",VALID_SAME_TRIAL,sql_944,1,11-11,sql_944,1,20-20
403,Tell me the age of the oldest dog.,"dogs table, age column","SELECT, MAX, CAST",REFINE,"Age column is VARCHAR, not directly sortable for MAX.",Cast VARCHAR age column to UNSIGNED integer before applying MAX aggregation.,CANDIDATE,sql_946,1,4-5,sql_946,1,6-7
404,"Show the date of the transcript which shows the least number of results, also list the id.","transcripts table, transcript_contents table","SELECT, JOIN, GROUP BY, ORDER BY, COUNT",QUERY,Attempted to select columns from an undefined table alias.,Define table aliases in the FROM or JOIN clause before referencing them in SELECT.,VALID_SAME_TRIAL,sql_964,1,14-14,sql_964,1,16-16
405,"Show the date of the transcript which shows the least number of results, also list the id.","transcript_contents table, course_id column, student_course_id column",COUNT,REFINE,Referenced a non-existent column 'course_id' in COUNT function.,"Verify column names using SHOW COLUMNS FROM before using them in queries, especially in aggregate functions.",VALID_SAME_TRIAL,sql_964,6,6-6,sql_964,6,12-12
406,"Show the date of the transcript which shows the least number of results, also list the id.",SQL syntax,SELECT,QUERY,"Executed an incomplete SQL query, leading to a syntax error.",Ensure SQL queries are syntactically complete before execution to avoid errors.,VALID_SAME_TRIAL,sql_964,7,2-2,sql_964,7,6-6
407,Give the mean life expectancy of countries in which English is not the official language.,"countrylanguage table, IsOfficial column","SELECT, JOIN, WHERE",REFINE,"Incorrect filtering logic for 'IsOfficial' column, leading to wrong results.","Use 'IsOfficial = 'F'' to correctly filter for non-official languages, or use a subquery to exclude countries where English is official.",VALID_NEXT_TRIAL,sql_966,1,11-11,sql_966,2,7-7
408,Give the mean life expectancy of countries in which English is not the official language.,"countrylanguage table, country table","SELECT, JOIN, WHERE, NOT IN, SUBQUERY",REFINE,Incorrectly assumed that filtering for 'Language != 'English' AND IsOfficial = 'T'' would exclude countries where English is official.,Use a subquery with NOT IN to exclude countries where English is an official language to ensure correct filtering.,VALID_NEXT_TRIAL,sql_966,1,11-11,sql_966,2,10-10
409,Count the number of friends Kyle has.,"friend table, highschooler table, ID, student_id, friend_id columns","SELECT, COUNT, JOIN, WHERE",QUERY,"Incorrect column names (ID1, ID2) used in WHERE clause for 'friend' table.",Always verify column names using SHOW COLUMNS FROM <table_name> before querying.,VALID_SAME_TRIAL,sql_968,3,6-7,sql_968,3,10-11
410,Count the number of friends Kyle has.,"friend table, highschooler table","SELECT, COUNT, JOIN, WHERE",QUERY,SQL syntax error due to multiple WHERE clauses in a single query.,"Ensure correct SQL syntax, especially when combining JOINs and WHERE clauses.",VALID_SAME_TRIAL,sql_968,3,2-3,sql_968,3,6-7
411,Count the number of friends Kyle has.,"friend table, highschooler table, student_id, friend_id, ID columns","SELECT, COUNT, JOIN, WHERE",QUERY,"Incorrect column names (ID1, ID2) used in JOIN condition for 'friend' table.",Verify column names with SHOW COLUMNS FROM <table_name> before constructing JOIN conditions.,VALID_SAME_TRIAL,sql_968,7,2-3,sql_968,7,14-15
412,Count the number of friends Kyle has.,"friend table, student_id, friend_id columns","SELECT, COUNT, JOIN, WHERE, DISTINCT, CASE",REFINE,Overcounting friends by summing distinct student_id and friend_id in a JOIN.,Use a CASE statement within COUNT(DISTINCT) to correctly identify and count unique friends in symmetric relationships.,VALID_SAME_TRIAL,sql_968,7,18-19,sql_968,7,22-23
413,What is the document id and name with greatest number of paragraphs?,"documents table, paragraphs table","SELECT, JOIN, GROUP BY, COUNT, ORDER BY, LIMIT",QUERY,Attempted to select from an aliased table (T1) without specifying the FROM clause.,"Always include the FROM clause when referencing tables, especially with aliases, to define the tables being queried.",VALID_SAME_TRIAL,sql_969,1,10-10,sql_969,1,14-14
414,Show name of all students who have some friends and also are liked by someone else.,"likes table, ID2 column",JOIN,QUERY,Incorrect column name 'T3.ID2' in JOIN condition for 'likes' table.,Verify column names using SHOW COLUMNS FROM <table> before constructing JOIN conditions.,VALID_SAME_TRIAL,sql_971,1,10-10,sql_971,1,14-14
415,Show name of all students who have some friends and also are liked by someone else.,"friend table, likes table, JOIN conditions","JOIN, OR, GROUP BY, HAVING",QUERY,Incorrect use of GROUP BY and HAVING for existence checks in JOINs.,Use subqueries with IN for existence checks across multiple tables instead of complex JOINs with GROUP BY/HAVING.,VALID_NEXT_TRIAL,sql_971,1,10-10,sql_971,2,28-28
416,Show name of all students who have some friends and also are liked by someone else.,"friend table, likes table, JOIN conditions","JOIN, UNION",QUERY,Overly complex UNION of multiple JOINs to cover all friendship/like scenarios.,Simplify complex JOINs and UNIONs by using subqueries with IN and UNION for column checks.,VALID_SAME_TRIAL,sql_971,2,22-22,sql_971,2,28-28
417,Show name of all students who have some friends and also are liked by someone else.,"friend table, likes table, subquery logic","SELECT, IN, UNION",REFINE,"Incorrect subquery logic for 'liked by someone' condition, using UNION for both student_id and liked_id.","Carefully define subquery conditions to match the exact question requirements (e.g., 'liked by someone' means `liked_id`).",VALID_SAME_TRIAL,sql_971,2,28-28,sql_971,2,32-32
418,What is the id and type code for the template used by the most documents?,"documents table, templates table","SELECT, JOIN",QUERY,Missing FROM clause and table aliases in SELECT statement.,Always specify tables in the FROM clause and use aliases for clarity when joining.,VALID_SAME_TRIAL,sql_978,1,15-15,sql_978,1,18-18
419,What are the details for the paragraph that includes the text 'Korea ' ?,"paragraphs table, Paragraph_Text column","SELECT, LIKE",REFINE,Incorrect LIKE pattern due to trailing space in search term 'Korea '.,"Adjust LIKE pattern to remove trailing space, using '%Korea%' for broader matching.",VALID_SAME_TRIAL,sql_981,5,6-6,sql_981,5,9-9
420,What are the details for the paragraph that includes the text 'Korea ' ?,"paragraphs table, Paragraph_Text column, Other_Details column","SELECT, LIKE, OR",REFINE,"Initial search only in Paragraph_Text, potentially missing relevant data in Other_Details.",Expand search to include all relevant text columns (Paragraph_Text OR Other_Details) using LIKE.,VALID_SAME_TRIAL,sql_981,5,6-6,sql_981,5,9-9
421,"What are the name, independence year, and surface area of the country with the smallest population?","country table, Population column","SELECT, ORDER BY, LIMIT",QUERY,The initial query incorrectly identifies Antarctica as the country with the smallest population.,Filter out countries with 0 population before ordering to find the true smallest population.,VALID_NEXT_TRIAL,sql_987,1,6-7,sql_987,8,6-7
422,Return the id and name of the document with the most paragraphs.,"documents table, paragraphs table","SELECT, JOIN, GROUP BY, COUNT, ORDER BY, LIMIT",QUERY,Unknown table alias 'T1' in SELECT clause without FROM clause.,Always specify tables in the FROM clause before using aliases in SELECT.,VALID_SAME_TRIAL,sql_991,1,14-14,sql_991,1,17-17
423,How many people live in countries that do not speak English?,"country, countrylanguage tables, Population, Language columns","SELECT, SUM, JOIN, WHERE, NOT IN",REFINE,"Incorrect filtering logic: summing population where *any* language is not English, instead of countries that *do not speak English at all*.",Use a subquery with NOT IN to filter for countries where 'English' is not present in their spoken languages.,VALID_SAME_TRIAL,sql_992,1,6-7,sql_992,1,10-11
424,Which states have both owners and professionals living there?,"owners table, professionals table, state column","SELECT, JOIN, GROUP BY, INTERSECT",QUERY,Incorrectly used JOIN and GROUP BY instead of INTERSECT to find common states.,Use INTERSECT to find common values between two SELECT statements from different tables.,VALID_NEXT_TRIAL,sql_994,1,2-2,sql_994,2,12-12
425,Show the names of students who have at least 2 likes.,"likes table, student_id, liked_id columns","JOIN, GROUP BY, COUNT, HAVING",REFINE,Incorrect interpretation of 'likes' leading to wrong JOIN condition.,Correctly interpret 'likes' as 'given likes' and join highschooler.ID with likes.student_id.,VALID_NEXT_TRIAL,sql_997,1,10-10,sql_997,2,12-12
426,What are the names of the high schoolers and how many friends does each have?,"highschooler table, friend table","SELECT, JOIN, COUNT",QUERY,Attempted to use table aliases (H) without specifying tables in FROM/JOIN clauses.,Always specify tables in FROM/JOIN clauses before using aliases in SELECT.,VALID_SAME_TRIAL,sql_1000,1,14-14,sql_1000,1,17-17
427,What are the names of the high schoolers and how many friends does each have?,"friend table, highschooler table","SELECT, COUNT, JOIN, UNION",REFINE,"Initial query only counted friends where highschooler was 'student_id', missing 'friend_id' relationships.",Combine friendships where a highschooler is either 'student_id' or 'friend_id' using UNION in a subquery.,VALID_NEXT_TRIAL,sql_1000,2,2-2,sql_1000,4,24-24
428,What are the names of the high schoolers and how many friends does each have?,SQL syntax,WITH,QUERY,"Attempted to use Common Table Expressions (CTEs) with `WITH` clause, resulting in syntax error.",Avoid CTEs if the environment does not support them; use subqueries instead.,VALID_SAME_TRIAL,sql_1000,4,10-10,sql_1000,4,24-24
429,What are the names of the high schoolers and how many friends does each have?,highschooler table,"SELECT, GROUP BY",VERIFY,"Observed duplicate names with different friend counts, initially suspecting query logic.","Verify data integrity (e.g., duplicate names for different IDs) when unexpected results occur.",VALID_SAME_TRIAL,sql_1000,4,25-25,sql_1000,4,26-26
430,Return the codes of countries that do not speak English and do not have Republics for governments.,"country, countrylanguage tables, Code, Language, GovernmentForm columns","SELECT, JOIN, WHERE, NOT LIKE, NOT IN, subquery",REFINE,"Incorrectly joining tables and filtering for non-English languages, leading to duplicate country codes and incorrect results.","Use a subquery with NOT IN to exclude countries that speak English, ensuring all languages are considered, and avoid duplicates from JOIN.",VALID_SAME_TRIAL,sql_1004,1,10-10,sql_1004,1,12-12
431,Return the codes of countries that do not speak English and do not have Republics for governments.,"country, countrylanguage tables, Code, Language, GovernmentForm columns","SELECT, JOIN, WHERE, NOT LIKE, EXCEPT",REFINE,"Misuse of EXCEPT clause and JOIN, resulting in an incorrect set of country codes.",Combine conditions using AND and NOT IN with a subquery to correctly filter countries that do not speak English and do not have 'Republic' government forms.,VALID_SAME_TRIAL,sql_1004,4,10-10,sql_1004,4,12-12
432,"List each owner's first name, last name, and the size of his for her dog.","owners table, dogs table, sizes table, owner_id column, size_code column, first_name column, last_name column, size_description column","SELECT, JOIN",QUERY,Incomplete SELECT statement leading to SQL syntax error.,Always complete the SELECT statement with columns and FROM/JOIN clauses to avoid syntax errors.,VALID_NEXT_TRIAL,sql_1007,1,18-19,sql_1007,2,18-19
433,"List each owner's first name, last name, and the size of his for her dog.","owners table, dogs table, sizes table, owner_id column, size_code column, first_name column, last_name column, size_description column","SELECT, JOIN",QUERY,Incomplete SELECT statement leading to SQL syntax error.,Ensure the SELECT statement is fully formed with columns and table joins before execution.,VALID_SAME_TRIAL,sql_1007,5,2-3,sql_1007,5,6-7
434,What are the average ages of losers and winners across matches?,"matches table, loser_age column, winner_age column","SELECT, AVG",QUERY,"Attempted to calculate average ages from an empty table, resulting in NULL.",Always check if a table contains data using COUNT(*) before performing aggregations.,VALID_SAME_TRIAL,sql_1011,1,4-5,sql_1011,1,6-7
435,What are the average ages of losers and winners across matches?,"matches table, players table",JOIN,EXPLORE,Initial thought to join `matches` and `players` tables for age information.,Examine table schema (SHOW COLUMNS FROM) to identify if required data is directly available.,VALID_SAME_TRIAL,sql_1011,1,0-1,sql_1011,1,2-3
436,What are the average ages of losers and winners across matches?,matches table,"SELECT, NULL",VERIFY,"Submitting an empty result (0,) when the table is empty.","When data is unavailable, explicitly return NULL or an informative message.",VALID_NEXT_TRIAL,sql_1011,1,10-11,sql_1011,6,8-9
437,What is the average age of the dogs who have gone through any treatments?,dogs.age column,"AVG, CAST",REFINE,Incorrect data type for AVG function on 'age' column.,Cast the 'age' column to an UNSIGNED integer before calculating the average to handle its VARCHAR type.,VALID_NEXT_TRIAL,sql_1018,4,2-2,sql_1018,1,10-10
438,"For each semester, what is the name and id of the one with the most students registered?","semesters table, student_enrolment table","SELECT, JOIN, COUNT, GROUP BY, ORDER BY, LIMIT",QUERY,"Attempted to select from aliased tables (T1, T2) before defining them in the FROM/JOIN clause.",Define all table aliases in the FROM or JOIN clause before referencing them in SELECT.,VALID_SAME_TRIAL,sql_1020,1,15-15,sql_1020,1,49-49
439,"For each semester, what is the name and id of the one with the most students registered?",SQL query structure,SELECT,QUERY,Attempted to execute an incomplete SQL query (only 'SELECT').,"Construct complete SQL queries with all necessary clauses (SELECT, FROM, JOIN, etc.) before execution.",VALID_SAME_TRIAL,sql_1020,1,31-31,sql_1020,1,49-49
440,What are the names of high schoolers who have a grade of over 5 and have 2 or more friends?,SQL syntax,N/A,EXPLORE,"Incorrectly writing natural language as an action, leading to a SQL syntax error.",Always use valid SQL syntax for actions; natural language is for 'think' steps.,VALID_SAME_TRIAL,sql_1026,1,2-3,sql_1026,1,4-5
441,Find the codes of countries that have more than 50 players.,"players table, player_id column","SELECT, COUNT, GROUP BY, HAVING",REFINE,"Initial query returned empty result set, leading to confusion about data existence.",Verify table content with COUNT(*) before assuming query logic is incorrect.,VALID_SAME_TRIAL,sql_1032,1,6-7,sql_1032,1,12-13
442,Find the codes of countries that have more than 50 players.,"players table, player_id column","SELECT, COUNT, GROUP BY, HAVING",REFINE,"Initial query returned empty result set, leading to confusion about data existence.",Verify table content with COUNT(*) before assuming query logic is incorrect.,VALID_SAME_TRIAL,sql_1032,2,10-11,sql_1032,2,14-15
443,Find the codes of countries that have more than 50 players.,"players table, COUNT(*) function","SELECT, COUNT, GROUP BY, HAVING",QUERY,Using COUNT(player_id) when COUNT(*) is sufficient and potentially more robust.,Use COUNT(*) for row counts when any non-null column would suffice for counting.,VALID_NEXT_TRIAL,sql_1032,1,6-7,sql_1032,3,10-11
444,"What are the different template type codes, and how many documents use each type?","tables: documents, templates","SELECT, COUNT, JOIN, GROUP BY",QUERY,SQL syntax error: Unknown table alias 'T2' in SELECT clause without FROM.,Always specify tables and their aliases in the FROM/JOIN clauses before referencing them in SELECT.,VALID_SAME_TRIAL,sql_1033,1,14-14,sql_1033,1,16-16
445,"What are the different template type codes, and how many documents use each type?","tables: documents, templates, ref_template_types",JOIN,EXPLORE,Initial plan to join `ref_template_types` was unnecessary for the task.,Carefully examine schema to identify direct relationships and avoid unnecessary joins.,VALID_SAME_TRIAL,sql_1033,1,4-4,sql_1033,1,12-12
