unique_id,task_desc,obj_type,verbs,goal_phase,issue_text,learning_text,valid_level,issue_task_id,issue_trial_num,issue_step_range,evidence_task_id,evidence_trial_num,evidence_step_range
1,"Your task is to boil water. For compounds without a boiling point, combusting the substance is also acceptable. First, focus on the substance. Then, take actions that will cause it to change its state of matter.",container,take,ACQUIRE,Agent attempts to 'take metal pot' which is not a valid action.,Identify interactable objects from 'look around' output and use correct 'take' action.,VALID_SAME_TRIAL,scienceworld_boil_var_0,1,8-8,scienceworld_boil_var_0,1,47-47
2,"Your task is to boil water. For compounds without a boiling point, combusting the substance is also acceptable. First, focus on the substance. Then, take actions that will cause it to change its state of matter.","container, water, sink","fill, put",ACQUIRE,Agent repeatedly tries invalid 'fill' or 'put' actions to get water into a container.,"To fill a container, first 'put container in sink', then 'activate sink'.",VALID_NEXT_TRIAL,scienceworld_boil_var_0,1,12-45,scienceworld_boil_var_0,2,22-26
3,"Your task is to boil water. For compounds without a boiling point, combusting the substance is also acceptable. First, focus on the substance. Then, take actions that will cause it to change its state of matter.",container,take,ACQUIRE,Agent uses incorrect object name 'glass cup' instead of 'cup containing nothing' for 'take' action.,Use the exact object name from the observation for 'take' actions.,VALID_SAME_TRIAL,scienceworld_boil_var_0,2,6-6,scienceworld_boil_var_0,2,12-12
4,"Your task is to boil water. For compounds without a boiling point, combusting the substance is also acceptable. First, focus on the substance. Then, take actions that will cause it to change its state of matter.","container, sink",take,ACQUIRE,Agent uses incorrect object name 'glass cup' instead of 'cup containing water' for 'take' action from sink.,"Use the exact object name from the observation for 'take' actions, especially after object state changes.",VALID_SAME_TRIAL,scienceworld_boil_var_0,2,28-28,scienceworld_boil_var_0,2,32-32
5,"Your task is to boil water. For compounds without a boiling point, combusting the substance is also acceptable. First, focus on the substance. Then, take actions that will cause it to change its state of matter.",task completion,submit,ANSWER,Agent attempts to submit 'Solution: The task is complete.' after task completion.,The task is complete when the score increases after the final required action; no explicit submission is needed.,VALID_NEXT_TRIAL,scienceworld_boil_var_0,2,38-38,scienceworld_boil_var_0,6,11-11
6,"Your task is to boil water. For compounds without a boiling point, combusting the substance is also acceptable. First, focus on the substance. Then, take actions that will cause it to change its state of matter.",container,take,ACQUIRE,Agent uses incorrect object name 'cup containing nothing from table' for 'take' action.,"Use the exact object name from the observation for 'take' actions, without specifying location.",VALID_SAME_TRIAL,scienceworld_boil_var_0,3,2-2,scienceworld_boil_var_0,3,8-8
7,"Your task is to boil water. For compounds without a boiling point, combusting the substance is also acceptable. First, focus on the substance. Then, take actions that will cause it to change its state of matter.","container, sink",take,ACQUIRE,Agent uses incorrect object name 'cup containing water from sink' for 'take' action from sink.,"Use the exact object name from the observation for 'take' actions, without specifying location.",VALID_SAME_TRIAL,scienceworld_boil_var_0,3,14-14,scienceworld_boil_var_0,3,18-18
8,"Your task is to change the state of matter of water. First, focus on the substance. Then, take actions that will cause it to change its state of matter.",container,take,ACQUIRE,Agent used incorrect object name to take the glass cup from the table.,"Use the exact object name from the observation, including its contents and location, e.g., 'cup containing nothing in table'.",VALID_SAME_TRIAL,scienceworld_change-the-state-of-matter-of_var_0,1,10-16,scienceworld_change-the-state-of-matter-of_var_0,1,18-19
9,"Your task is to change the state of matter of water. First, focus on the substance. Then, take actions that will cause it to change its state of matter.","container, water, sink",fill,ACQUIRE,Agent repeatedly tried invalid 'fill' actions for the glass cup.,"To fill a container from a water source, first activate the source, then put the container in the source.",VALID_SAME_TRIAL,scienceworld_change-the-state-of-matter-of_var_0,1,22-35,scienceworld_change-the-state-of-matter-of_var_0,1,38-41
10,"Your task is to change the state of matter of water. First, focus on the substance. Then, take actions that will cause it to change its state of matter.","container, water, sink",fill,ACQUIRE,Agent repeatedly tried invalid 'fill' actions for the glass cup.,"To fill a container from a water source, first activate the source, then put the container in the source.",VALID_NEXT_TRIAL,scienceworld_change-the-state-of-matter-of_var_0,2,20-47,scienceworld_change-the-state-of-matter-of_var_0,1,38-41
11,"Your task is to change the state of matter of water. First, focus on the substance. Then, take actions that will cause it to change its state of matter.","container, water, sink",fill,ACQUIRE,Agent repeatedly tried invalid 'fill' actions for the glass cup.,"To fill a container from a water source, first activate the source, then put the container in the source.",VALID_SAME_TRIAL,scienceworld_change-the-state-of-matter-of_var_0,3,10-21,scienceworld_change-the-state-of-matter-of_var_0,3,24-25
12,"Your task is to change the state of matter of water. First, focus on the substance. Then, take actions that will cause it to change its state of matter.",container,take,ACQUIRE,Agent used incorrect object name to take the glass cup from the table.,"Use the exact object name from the observation, e.g., 'cup containing nothing'.",VALID_SAME_TRIAL,scienceworld_change-the-state-of-matter-of_var_0,5,6-7,scienceworld_change-the-state-of-matter-of_var_0,5,8-9
13,"Your task is to change the state of matter of water. First, focus on the substance. Then, take actions that will cause it to change its state of matter.","container, water, sink",fill,ACQUIRE,Agent repeatedly tried invalid 'fill' actions for the glass cup.,"To fill a container from a water source, first activate the source, then put the container in the source.",VALID_SAME_TRIAL,scienceworld_change-the-state-of-matter-of_var_0,5,14-21,scienceworld_change-the-state-of-matter-of_var_0,5,24-25
14,"Your task is to change the state of matter of water. First, focus on the substance. Then, take actions that will cause it to change its state of matter.",container,take,ACQUIRE,Agent used incorrect object name to take the glass cup from the table.,"Use the exact object name from the observation, e.g., 'cup containing nothing in table'.",VALID_NEXT_TRIAL,scienceworld_change-the-state-of-matter-of_var_0,6,4-7,scienceworld_change-the-state-of-matter-of_var_0,1,18-19
15,"Your task is to change the state of matter of water. First, focus on the substance. Then, take actions that will cause it to change its state of matter.",container,take,ACQUIRE,Agent used incorrect object name to take the glass cup from the table.,"Use the exact object name from the observation, e.g., 'cup containing nothing'.",VALID_SAME_TRIAL,scienceworld_change-the-state-of-matter-of_var_0,7,4-5,scienceworld_change-the-state-of-matter-of_var_0,7,6-7
16,"Your task is to change the state of matter of water. First, focus on the substance. Then, take actions that will cause it to change its state of matter.","container, water, sink",fill,ACQUIRE,Agent repeatedly tried invalid 'fill' actions for the glass cup.,"To fill a container from a water source, first activate the source, then put the container in the source.",VALID_SAME_TRIAL,scienceworld_change-the-state-of-matter-of_var_0,4,8-21,scienceworld_change-the-state-of-matter-of_var_0,4,24-25
17,"Your task is to change the state of matter of water. First, focus on the substance. Then, take actions that will cause it to change its state of matter.","container, water, freezer",take,RECOVER,Agent used incorrect object name to take the glass cup from the freezer.,"Use the exact object name from the observation, e.g., 'glass cup'.",VALID_SAME_TRIAL,scienceworld_change-the-state-of-matter-of_var_0,4,40-43,scienceworld_change-the-state-of-matter-of_var_0,4,46-47
18,"Your task is to change the state of matter of water. First, focus on the substance. Then, take actions that will cause it to change its state of matter.","container, water, freezer",take,RECOVER,Agent used incorrect object name to take the glass cup from the freezer.,"Use the exact object name from the observation, e.g., 'glass cup'.",VALID_SAME_TRIAL,scienceworld_change-the-state-of-matter-of_var_0,5,50-53,scienceworld_change-the-state-of-matter-of_var_0,5,56-57
19,"Your task is to change the state of matter of water. First, focus on the substance. Then, take actions that will cause it to change its state of matter.","container, water, sink",take,RECOVER,Agent used incorrect object name to take the glass cup from the sink.,"Use the exact object name from the observation, e.g., 'cup containing water'.",VALID_SAME_TRIAL,scienceworld_change-the-state-of-matter-of_var_0,7,30-31,scienceworld_change-the-state-of-matter-of_var_0,7,34-35
20,"Your task is to change the state of matter of water. First, focus on the substance. Then, take actions that will cause it to change its state of matter.","container, water, freezer",take,RECOVER,Agent used incorrect object name to take the glass cup from the freezer.,"Use the exact object name from the observation, e.g., 'cup containing water'.",VALID_SAME_TRIAL,scienceworld_change-the-state-of-matter-of_var_0,7,48-51,scienceworld_change-the-state-of-matter-of_var_0,7,54-55
21,"Your task is to change the state of matter of water. First, focus on the substance. Then, take actions that will cause it to change its state of matter.","water, freezer","activate, focus",PROCEDURE,Water did not freeze in the freezer despite being placed inside and freezer activated.,"Freezing water requires placing it in the freezer, closing the freezer, and then focusing on the water.",VALID_NEXT_TRIAL,scienceworld_change-the-state-of-matter-of_var_0,1,44-49,scienceworld_change-the-state-of-matter-of_var_0,4,36-37
22,"Your task is to change the state of matter of water. First, focus on the substance. Then, take actions that will cause it to change its state of matter.","water, freezer","activate, focus",PROCEDURE,Water did not freeze in the freezer despite being placed inside and freezer activated.,"Freezing water requires placing it in the freezer, closing the freezer, and then focusing on the water.",VALID_SAME_TRIAL,scienceworld_change-the-state-of-matter-of_var_0,4,30-35,scienceworld_change-the-state-of-matter-of_var_0,4,36-37
23,"Your task is to change the state of matter of water. First, focus on the substance. Then, take actions that will cause it to change its state of matter.","water, freezer","activate, focus",PROCEDURE,Water did not freeze in the freezer despite being placed inside and freezer activated.,"Freezing water requires placing it in the freezer, closing the freezer, and then focusing on the water.",VALID_SAME_TRIAL,scienceworld_change-the-state-of-matter-of_var_0,5,40-45,scienceworld_change-the-state-of-matter-of_var_0,5,46-47
24,"Your task is to change the state of matter of water. First, focus on the substance. Then, take actions that will cause it to change its state of matter.","water, freezer","activate, focus",PROCEDURE,Water did not freeze in the freezer despite being placed inside and freezer activated.,"Freezing water requires placing it in the freezer, closing the freezer, and then focusing on the water.",VALID_SAME_TRIAL,scienceworld_change-the-state-of-matter-of_var_0,7,40-45,scienceworld_change-the-state-of-matter-of_var_0,7,46-47
25,"Your task is to change the state of matter of water. First, focus on the substance. Then, take actions that will cause it to change its state of matter.","water, stove","activate, focus",PROCEDURE,Water did not boil on the stove despite being placed on it and stove activated.,"Boiling water requires placing it on the stove, activating the stove, and then focusing on the water.",VALID_NEXT_TRIAL,scienceworld_change-the-state-of-matter-of_var_0,4,48-49,scienceworld_change-the-state-of-matter-of_var_0,5,66-67
26,"Your task is to change the state of matter of water. First, focus on the substance. Then, take actions that will cause it to change its state of matter.","water, stove","activate, focus",PROCEDURE,Water did not boil on the stove despite being placed on it and stove activated.,"Boiling water requires placing it on the stove, activating the stove, and then focusing on the water.",VALID_SAME_TRIAL,scienceworld_change-the-state-of-matter-of_var_0,5,68-73,scienceworld_change-the-state-of-matter-of_var_0,5,66-67
27,"Your task is to change the state of matter of water. First, focus on the substance. Then, take actions that will cause it to change its state of matter.","water, stove","activate, focus",PROCEDURE,Water did not boil on the stove despite being placed on it and stove activated.,"Boiling water requires placing it on the stove, activating the stove, and then focusing on the water.",VALID_NEXT_TRIAL,scienceworld_change-the-state-of-matter-of_var_0,7,66-71,scienceworld_change-the-state-of-matter-of_var_0,5,66-67
28,"Your task is to change the state of matter of water. First, focus on the substance. Then, take actions that will cause it to change its state of matter.","container, water, metal pot",pour,PROCEDURE,Agent tried to pour water from glass cup into metal pot using invalid actions.,"To pour a substance from one container to another, use the action 'pour [substance] from [source container] into [target container]'.",CANDIDATE,scienceworld_change-the-state-of-matter-of_var_0,5,78-83,scienceworld_change-the-state-of-matter-of_var_0,5,78-83
29,"Your task is to use chemistry to create green paint. When you are done, focus on the green paint.","paint, cup, jug","take, pour",ACQUIRE,"Attempted to 'take' paint from a cup, which is not a valid action.","To transfer liquids like paint, use the 'pour [substance] into [container]' action instead of 'take'.",VALID_SAME_TRIAL,scienceworld_chemistry-mix-paint-secondary-color_var_0,1,6-6,scienceworld_chemistry-mix-paint-secondary-color_var_0,1,8-8
30,"Your task is to use chemistry to create green-blue paint. When you are part-way done, focus on the intermediate (secondary color) paint you created.  When you are completely done, focus on the green paint.",container,"take, move",ACQUIRE,Agent repeatedly attempts to pick up an empty cup using incorrect or ambiguous object names.,"When picking up an object, use the exact object name as it appears in the valid actions list, or select the correct option from ambiguous requests.",CANDIDATE,scienceworld_chemistry-mix-paint-tertiary-color_var_0,1,6-49,scienceworld_chemistry-mix-paint-tertiary-color_var_0,3,46-49
31,"Your task is to use chemistry to create the substance 'salt water'. A recipe and some of the ingredients might be found near the kitchen. When you are done, focus on the salt water.",instructions,"examine, read",SEARCH,Used 'examine' instead of 'read' to get recipe content.,Use 'read' action to view the content of instructions or recipes.,VALID_SAME_TRIAL,scienceworld_chemistry-mix_var_0,1,6-7,scienceworld_chemistry-mix_var_0,1,10-11
32,"Your task is to use chemistry to create the substance 'salt water'. A recipe and some of the ingredients might be found near the kitchen. When you are done, focus on the salt water.","substance, container","take, open",ACQUIRE,Attempted to take sodium chloride directly without opening its container.,"If an item cannot be taken directly, check if it's inside an openable container.",VALID_SAME_TRIAL,scienceworld_chemistry-mix_var_0,1,14-15,scienceworld_chemistry-mix_var_0,1,26-27
33,"Your task is to use chemistry to create the substance 'salt water'. A recipe and some of the ingredients might be found near the kitchen. When you are done, focus on the salt water.","container, water","fill, put",ACQUIRE,Attempted to fill a cup with water without placing it in the sink first.,"To fill a container with water from a sink, first place the container in the sink.",VALID_SAME_TRIAL,scienceworld_chemistry-mix_var_0,1,36-37,scienceworld_chemistry-mix_var_0,1,44-45
34,"Your task is to find a(n) animal. First, focus on the thing. Then, move it to the red box in the kitchen.",animal,focus,ACQUIRE,Agent repeatedly tried to 'focus on bee X' when 'bee X' was not a valid direct focus target.,"To focus on an animal within a container, first open the container, then look inside to reveal the specific animal object.",VALID_NEXT_TRIAL,scienceworld_find-animal_var_0,1,101-125,scienceworld_find-animal_var_0,4,101-105
35,"Your task is to find a(n) animal. First, focus on the thing. Then, move it to the red box in the kitchen.","animal, container","take, move",ACQUIRE,Agent attempted to 'take adult bee in greenhouse' but the bee was not added to inventory.,The 'take' action for an animal might not add it to inventory; check if it becomes a global movable object.,VALID_NEXT_TRIAL,scienceworld_find-animal_var_0,2,109-111,scienceworld_find-animal_var_0,4,107-109
36,"Your task is to find a(n) animal. First, focus on the thing. Then, move it to the red box in the kitchen.","animal, container",move,PROCEDURE,Agent repeatedly tried to 'move adult bee to red box' or 'put adult bee in red box' when it was not a valid action.,"After focusing on an animal, the 'move [animal] to [container]' action is the correct way to transfer it.",VALID_NEXT_TRIAL,scienceworld_find-animal_var_0,4,121-135,scienceworld_find-animal_var_0,6,201-203
37,"Your task is to find a(n) animal. First, focus on the thing. Then, move it to the red box in the kitchen.","animal, container",move,PROCEDURE,"Agent repeatedly tried to move bee to inventory or directly to kitchen, but it was not a valid action.",Some animals are not directly movable to inventory or other rooms; they may require a specific container or interaction.,VALID_NEXT_TRIAL,scienceworld_find-animal_var_0,3,101-115,scienceworld_find-animal_var_0,4,101-105
38,"Your task is to find a(n) animal. First, focus on the thing. Then, move it to the red box in the kitchen.","animal, container",move,PROCEDURE,"Agent repeatedly tried to move bee to jug or shovel, but it was not a valid action.",Not all tools can be used to move animals; check valid actions for direct animal-to-container transfers.,VALID_SAME_TRIAL,scienceworld_find-animal_var_0,6,177-185,scienceworld_find-animal_var_0,6,201-203
39,"Your task is to find a(n) living thing. First, focus on the thing. Then, move it to the red box in the kitchen.","living thing, red box","focus, move, take",ACQUIRE,Attempted to move an object that was focused on but not in inventory.,"After focusing on an object, use 'take' to add it to inventory before attempting to move it to another location.",VALID_SAME_TRIAL,scienceworld_find-living-thing_var_0,1,12-13,scienceworld_find-living-thing_var_0,1,16-17
40,"Your task is to find a(n) non-living thing. First, focus on the thing. Then, move it to the red box in the kitchen.","non-living thing, container","focus on, take, move",ACQUIRE,Attempted to move an object to a container without first taking it into inventory.,Always take an object into inventory before attempting to move it to a container.,VALID_SAME_TRIAL,scienceworld_find-non-living-thing_var_0,1,7-8,scienceworld_find-non-living-thing_var_0,1,10-11
41,"Your task is to find a(n) plant. First, focus on the thing. Then, move it to the red box in the kitchen.","plant, red box","focus, move, take",ACQUIRE,Attempted to move a plant that was not in inventory.,Always take an object into inventory before attempting to move it to a new location.,VALID_SAME_TRIAL,scienceworld_find-plant_var_0,1,11-11,scienceworld_find-plant_var_0,1,17-17
42,"Your task is to freeze water. First, focus on the substance. Then, take actions that will cause it to change its state of matter.","substance, jug, freezer","take, move, close, open, focus",PROCEDURE,Agent repeatedly tries to freeze water with invalid actions like 'freeze substance in jug' or 'activate water'.,"To freeze water, place the jug in the freezer, close the freezer, then open it again. The state change happens implicitly.",VALID_NEXT_TRIAL,scienceworld_freeze_var_0,2,25-49,scienceworld_freeze_var_0,6,37-40
43,"Your task is to freeze water. First, focus on the substance. Then, take actions that will cause it to change its state of matter.","jug, sink",take,ACQUIRE,Agent attempts to 'take jug from sink' while in a different room.,Ensure agent is in the same room as the object before attempting to take it.,VALID_SAME_TRIAL,scienceworld_freeze_var_0,1,37-37,scienceworld_freeze_var_0,1,43-43
44,"Your task is to freeze water. First, focus on the substance. Then, take actions that will cause it to change its state of matter.",freezer,look in,VERIFY,Agent tries to look inside a closed freezer.,Open containers before attempting to look inside them.,VALID_SAME_TRIAL,scienceworld_freeze_var_0,3,37-37,scienceworld_freeze_var_0,3,38-38
45,"Your task is to freeze water. First, focus on the substance. Then, take actions that will cause it to change its state of matter.","substance, jug",look at,VERIFY,Agent tries to look at substance in jug while freezer is closed.,Open containers before attempting to look at contents.,VALID_SAME_TRIAL,scienceworld_freeze_var_0,5,37-37,scienceworld_freeze_var_0,5,39-39
46,"Your task is to grow a apple. This will require growing several plants, and them being crosspollinated to produce fruit.  Seeds can be found in the kitchen. To complete the task, focus on the grown apple.","apple seed, seed jar",take,ACQUIRE,Agent repeatedly failed to take apple seed from seed jar due to ambiguous request and incorrect disambiguation input.,"When prompted with an ambiguous request for 'take [item]', enter the numerical option (e.g., '0') as a separate, immediate action.",VALID_NEXT_TRIAL,scienceworld_grow-fruit_var_0,2,5-47,scienceworld_grow-fruit_var_0,1,11-13
47,"Your task is to grow a apple. This will require growing several plants, and them being crosspollinated to produce fruit.  Seeds can be found in the kitchen. To complete the task, focus on the grown apple.","jug, sink",fill,PROCEDURE,Agent repeatedly failed to fill jug with water from sink using incorrect phrasing.,"To fill a container from a source, first activate the source, then place the container in the source, and the container will automatically fill.",VALID_SAME_TRIAL,scienceworld_grow-fruit_var_0,1,25-41,scienceworld_grow-fruit_var_0,1,43-45
48,"Your task is to grow a apple. This will require growing several plants, and them being crosspollinated to produce fruit.  Seeds can be found in the kitchen. To complete the task, focus on the grown apple.","jug, flower pot",pour,PROCEDURE,Agent used incorrect phrasing to pour water from jug into flower pot.,"To pour contents from a container into another, use 'pour [container] into [destination]'.",VALID_SAME_TRIAL,scienceworld_grow-fruit_var_0,1,49-51,scienceworld_grow-fruit_var_0,1,53-55
49,"Your task is to grow a apple. This will require growing several plants, and them being crosspollinated to produce fruit.  Seeds can be found in the kitchen. To complete the task, focus on the grown apple.","jug, sink",take,ACQUIRE,Agent used incorrect phrasing to take jug from sink.,"To take an item from a container, use the simple 'take [item]' action, even if it's inside another object.",VALID_SAME_TRIAL,scienceworld_grow-fruit_var_0,1,47-49,scienceworld_grow-fruit_var_0,1,47-49
50,"Your task is to grow a apple. This will require growing several plants, and them being crosspollinated to produce fruit.  Seeds can be found in the kitchen. To complete the task, focus on the grown apple.","apple seed, glass jar, seed jar","take, examine",ACQUIRE,Agent incorrectly assumed 'glass jar' was the 'seed jar' and tried to take seeds from it.,Examine containers to verify contents before attempting to take items. Distinguish between similar-sounding objects.,VALID_SAME_TRIAL,scienceworld_grow-fruit_var_0,2,17-21,scienceworld_grow-fruit_var_0,2,23-25
51,"Your task is to grow a apple. This will require growing several plants, and them being crosspollinated to produce fruit.  Seeds can be found in the kitchen. To complete the task, focus on the grown apple.","apple seed, seed jar",take,ACQUIRE,Agent repeatedly failed to take apple seed from seed jar due to ambiguous request and incorrect disambiguation input.,"When prompted with an ambiguous request for 'take [item]', enter the numerical option (e.g., '0') as a separate, immediate action.",VALID_NEXT_TRIAL,scienceworld_grow-fruit_var_0,3,25-47,scienceworld_grow-fruit_var_0,1,11-13
52,"Your task is to grow a apple. This will require growing several plants, and them being crosspollinated to produce fruit.  Seeds can be found in the kitchen. To complete the task, focus on the grown apple.","apple seed, seed jar",take,ACQUIRE,Agent repeatedly failed to take apple seed from seed jar due to ambiguous request and incorrect disambiguation input.,"When prompted with an ambiguous request for 'take [item]', enter the numerical option (e.g., '0') as a separate, immediate action.",VALID_NEXT_TRIAL,scienceworld_grow-fruit_var_0,4,3-47,scienceworld_grow-fruit_var_0,1,11-13
53,"Your task is to grow a apple. This will require growing several plants, and them being crosspollinated to produce fruit.  Seeds can be found in the kitchen. To complete the task, focus on the grown apple.","apple seed, seed jar",take,ACQUIRE,Agent repeatedly failed to take apple seed from seed jar due to ambiguous request and incorrect disambiguation input.,"When prompted with an ambiguous request for 'take [item]', enter the numerical option (e.g., '0') as a separate, immediate action.",VALID_NEXT_TRIAL,scienceworld_grow-fruit_var_0,5,5-101,scienceworld_grow-fruit_var_0,1,11-13
54,"Your task is to grow a apple. This will require growing several plants, and them being crosspollinated to produce fruit.  Seeds can be found in the kitchen. To complete the task, focus on the grown apple.","apple seed, seed jar",take,ACQUIRE,Agent repeatedly failed to take apple seed from seed jar due to ambiguous request and incorrect disambiguation input.,"When prompted with an ambiguous request for 'take [item]', enter the numerical option (e.g., '0') as a separate, immediate action.",VALID_NEXT_TRIAL,scienceworld_grow-fruit_var_0,6,3-101,scienceworld_grow-fruit_var_0,1,11-13
55,"Your task is to grow a apple. This will require growing several plants, and them being crosspollinated to produce fruit.  Seeds can be found in the kitchen. To complete the task, focus on the grown apple.","apple seed, seed jar",take,ACQUIRE,Agent repeatedly failed to take apple seed from seed jar due to ambiguous request and incorrect disambiguation input.,"When prompted with an ambiguous request for 'take [item]', enter the numerical option (e.g., '0') as a separate, immediate action.",VALID_NEXT_TRIAL,scienceworld_grow-fruit_var_0,7,3-89,scienceworld_grow-fruit_var_0,1,11-13
56,"Your task is to grow a apple plant from seed. Seeds can be found in the kitchen. First, focus on a seed. Then, make changes to the environment that grow the plant until it reaches the reproduction life stage.","seed, container",take,ACQUIRE,"Agent repeatedly failed to correctly specify the object to take from a container, leading to 'No known action matches that input' or ambiguous requests.","When taking an item from a container, use the format 'take [item] in [container]' or select the correct number from ambiguous request options.",VALID_SAME_TRIAL,scienceworld_grow-plant_var_0,1,6-14,scienceworld_grow-plant_var_0,1,18-20
57,"Your task is to grow a apple plant from seed. Seeds can be found in the kitchen. First, focus on a seed. Then, make changes to the environment that grow the plant until it reaches the reproduction life stage.",seed,focus,PROCEDURE,Agent failed to correctly respond to an ambiguous request when focusing on an object in inventory.,"When an ambiguous request appears, enter the corresponding number for the intended action immediately.",VALID_SAME_TRIAL,scienceworld_grow-plant_var_0,1,23-24,scienceworld_grow-plant_var_0,1,27-28
58,"Your task is to grow a apple plant from seed. Seeds can be found in the kitchen. First, focus on a seed. Then, make changes to the environment that grow the plant until it reaches the reproduction life stage.",thermometer,look at,MEASURE,Agent attempted to look at a thermometer in the current room when it was located in another room.,Verify the location of measurement tools before attempting to use them; go to the correct room if necessary.,VALID_SAME_TRIAL,scienceworld_grow-plant_var_0,1,37-37,scienceworld_grow-plant_var_0,1,40-44
59,"Your task is to grow a apple plant from seed. Seeds can be found in the kitchen. First, focus on a seed. Then, make changes to the environment that grow the plant until it reaches the reproduction life stage.",sink,activate,PROCEDURE,"Agent attempted to activate a sink to increase temperature, which is not a valid heating method.",Identify appropriate heat sources for temperature control; activating a sink does not increase room temperature.,CANDIDATE,scienceworld_grow-plant_var_0,1,47-47,scienceworld_grow-plant_var_0,1,48-48
60,"Your task is to grow a apple plant from seed. Seeds can be found in the kitchen. First, focus on a seed. Then, make changes to the environment that grow the plant until it reaches the reproduction life stage.",door,close,PROCEDURE,"Agent attempted to close doors to increase room temperature, which is ineffective in this environment.",Closing doors does not affect room temperature; seek explicit heating mechanisms.,CANDIDATE,scienceworld_grow-plant_var_0,1,51-52,scienceworld_grow-plant_var_0,1,56-56
61,"Your task is to grow a apple plant from seed. Seeds can be found in the kitchen. First, focus on a seed. Then, make changes to the environment that grow the plant until it reaches the reproduction life stage.",seed,pick up,ACQUIRE,Agent repeatedly failed to correctly respond to ambiguous requests when picking up a seed.,"When an ambiguous request appears, enter the corresponding number for the intended action immediately, without any intervening actions or blank lines.",VALID_NEXT_TRIAL,scienceworld_grow-plant_var_0,2,5-48,scienceworld_grow-plant_var_0,5,45-46
62,"Your task is to grow a apple plant from seed. Seeds can be found in the kitchen. First, focus on a seed. Then, make changes to the environment that grow the plant until it reaches the reproduction life stage.",seed,focus,PROCEDURE,Agent repeatedly failed to correctly respond to ambiguous requests when focusing on a seed.,"When an ambiguous request appears, enter the corresponding number for the intended action immediately, without any intervening actions or blank lines.",VALID_NEXT_TRIAL,scienceworld_grow-plant_var_0,5,49-49,scienceworld_grow-plant_var_0,1,27-28
63,"Your task is to focus on the 4 life stages of the turtle, starting from earliest to latest.","room, object","look around, look at, open, look in, go to",SEARCH,Agent repeatedly searches empty containers and irrelevant objects across multiple rooms.,"Systematically search all rooms and objects, prioritizing informational items like books, posters, or diagrams.",CANDIDATE,scienceworld_identify-life-stages-1_var_0,1,4-100,scienceworld_identify-life-stages-1_var_0,5,0-100
64,"Your task is to focus on the 4 life stages of the turtle, starting from earliest to latest.","room, object",go to,RECOVER,Agent attempts to go to a room directly without returning to the hallway first.,Always return to the hallway before attempting to navigate to a different room.,VALID_SAME_TRIAL,scienceworld_identify-life-stages-1_var_0,5,100-100,scienceworld_identify-life-stages-1_var_0,5,102-102
65,"Your task is to focus on the 4 life stages of the turtle, starting from earliest to latest.",object,look at,SEARCH,Agent attempts to look at a specific sub-object (white pillow) directly.,Examine the container object first to reveal its contents before attempting to interact with sub-objects.,VALID_SAME_TRIAL,scienceworld_identify-life-stages-1_var_0,5,120-120,scienceworld_identify-life-stages-1_var_0,5,122-122
66,"Your task is to focus on the 4 life stages of the turtle, starting from earliest to latest.",object,look at,SEARCH,"Agent attempts to look at an object with an ambiguous name, requiring disambiguation.","When an object name is ambiguous, specify its location (e.g., 'cup in art studio') to clarify.",VALID_SAME_TRIAL,scienceworld_identify-life-stages-1_var_0,6,100-100,scienceworld_identify-life-stages-1_var_0,6,102-102
67,"Your task is to focus on the life stages of the apple plant, starting from earliest to latest. The plants are located outside.","apple plant, flower pot",focus,PROCEDURE,"Agent focuses on a flower pot containing an apple seed, not an apple plant.","Identify the earliest *plant* stage (seedling) and focus on the object containing it, not just the seed.",VALID_NEXT_TRIAL,scienceworld_identify-life-stages-2_var_0,1,8-8,scienceworld_identify-life-stages-2_var_0,7,8-8
68,"Your task is to focus on the life stages of the apple plant, starting from earliest to latest. The plants are located outside.","apple plant, flower pot",focus,PROCEDURE,"Agent focuses on a flower pot containing a seedling, but it's not the first stage.","The earliest life stage of an apple *plant* is the seedling, but the task requires starting from the earliest *life stage*, which includes the apple seed.",VALID_NEXT_TRIAL,scienceworld_identify-life-stages-2_var_0,2,5-5,scienceworld_identify-life-stages-2_var_0,3,13-13
69,"Your task is to determine which of the two inclined planes (C, B) has the shallowest angle. After completing your experiment, focus on the inclined plane with the shallowest angle.","inclined plane, block","move, look around",MEASURE,Agent moved block to inclined planes but did not observe the result immediately.,"After moving an object to an inclined plane, use 'look around' to observe if the object slid.",VALID_SAME_TRIAL,scienceworld_inclined-plane-determine-angle_var_0,1,10-13,scienceworld_inclined-plane-determine-angle_var_0,1,14-15
70,"Your task is to determine which of the two inclined planes (paper, cloth) has the most friction. After completing your experiment, focus on the inclined plane with the most friction.",room,go to,SEARCH,Agent searched multiple incorrect rooms before finding the correct one.,Systematically explore all available rooms until the required objects are found.,VALID_SAME_TRIAL,scienceworld_inclined-plane-friction-named-surfaces_var_0,1,2-22,scienceworld_inclined-plane-friction-named-surfaces_var_0,1,23-24
71,"Your task is to determine which of the two inclined planes (unknown material C, unknown material H) has the most friction. After completing your experiment, focus on the inclined plane with the most friction.","switch, inclined plane","activate, look at",PROCEDURE,Activating the switch did not affect the inclined plane's block movement.,"Observe the inclined plane directly after placing the block to determine if it slides, rather than activating a switch.",VALID_SAME_TRIAL,scienceworld_inclined-plane-friction-unnamed-surfaces_var_0,1,9-10,scienceworld_inclined-plane-friction-unnamed-surfaces_var_0,1,11-12
72,"Your task is to find the animal with the longest life span, then the shortest life span. First, focus on the animal with the longest life span.  Then, focus on the animal with the shortest life span. The animals are in the 'outside' location.",animal,"examine, focus on",MEASURE,Used 'examine' instead of 'focus on' to get animal lifespan information.,"Use the 'focus on' action to retrieve specific information about an object, such as an animal's lifespan.",VALID_SAME_TRIAL,scienceworld_lifespan-longest-lived-then-shortest-lived_var_0,1,10-10,scienceworld_lifespan-longest-lived-then-shortest-lived_var_0,1,12-12
73,"Your task is to find the animal with the longest life span, then the shortest life span. First, focus on the animal with the longest life span.  Then, focus on the animal with the shortest life span. The animals are in the 'outside' location.",animal,"look at, examine, focus on",MEASURE,"Repeatedly used 'look at' and 'examine' actions, which did not provide lifespan information.","When 'look at' or 'examine' don't provide needed info, try 'focus on' or consult general knowledge.",VALID_SAME_TRIAL,scienceworld_lifespan-longest-lived-then-shortest-lived_var_0,2,14-20,scienceworld_lifespan-longest-lived-then-shortest-lived_var_0,2,21-24
74,Your task is to find the animal with the longest life span.  The animals are in the 'outside' location.  Focus on the animal with the longest life span.,animal,"look at, examine, focus on",MEASURE,"Agent used 'look at' and 'examine' to find lifespan information, which did not work.","Use 'focus on' action to retrieve specific information about an object, such as an animal's lifespan.",VALID_SAME_TRIAL,scienceworld_lifespan-longest-lived_var_0,1,13-16,scienceworld_lifespan-longest-lived_var_0,1,17-17
75,Your task is to find the animal with the shortest life span.  The animals are in the 'outside' location.  Focus on the animal with the shortest life span.,animal,"look at, examine, focus on",MEASURE,Using 'look at' or 'examine' on an animal does not provide lifespan information.,"Use 'focus on [animal]' to retrieve detailed information, including lifespan, for an animal.",VALID_SAME_TRIAL,scienceworld_lifespan-shortest-lived_var_0,1,13-16,scienceworld_lifespan-shortest-lived_var_0,1,17-17
76,"Your task is to measure the melting point of chocolate, which is located around the kitchen. First, focus on the thermometer. Next, focus on the chocolate. If the melting point of chocolate is above -10.0 degrees celsius, focus on the blue box. If the melting point of chocolate is below -10.0 degrees celsius, focus on the orange box. The boxes are located around the kitchen.",chocolate,focus on,PROCEDURE,"Attempted to 'focus on chocolate' directly, which is not a valid action.",The task instruction 'focus on chocolate' is conceptual; the melting point is read from the thermometer after focusing on it.,VALID_NEXT_TRIAL,scienceworld_measure-melting-point-known-substance_var_0,1,5-15,scienceworld_measure-melting-point-known-substance_var_0,2,3-5
77,"Your task is to measure the melting point of chocolate, which is located around the kitchen. First, focus on the thermometer. Next, focus on the chocolate. If the melting point of chocolate is above -10.0 degrees celsius, focus on the blue box. If the melting point of chocolate is below -10.0 degrees celsius, focus on the orange box. The boxes are located around the kitchen.",thermometer,look at,MEASURE,Failed to explicitly 'look at thermometer' to get the temperature reading after focusing on it.,"After focusing on a measurement tool like a thermometer, explicitly 'look at' it to get the reading.",VALID_NEXT_TRIAL,scienceworld_measure-melting-point-known-substance_var_0,2,3-5,scienceworld_measure-melting-point-known-substance_var_0,3,8-9
78,"Your task is to measure the melting point of solid unknown substance C, which is located around the kitchen. First, focus on the thermometer. Next, focus on the solid unknown substance C. If the melting point of solid unknown substance C is above 150.0 degrees celsius, focus on the orange box. If the melting point of solid unknown substance C is below 150.0 degrees celsius, focus on the yellow box. The boxes are located around the kitchen.","thermometer, solid unknown substance","focus, use",PROCEDURE,Agent focused on substance and thermometer but did not measure melting point.,"After focusing on the thermometer and substance, use the thermometer on the substance to measure its melting point.",VALID_NEXT_TRIAL,scienceworld_measure-melting-point-unknown-substance_var_0,1,4-7,scienceworld_measure-melting-point-unknown-substance_var_0,2,8-9
79,"Your task is to measure the melting point of solid unknown substance C, which is located around the kitchen. First, focus on the thermometer. Next, focus on the solid unknown substance C. If the melting point of solid unknown substance C is above 150.0 degrees celsius, focus on the orange box. If the melting point of solid unknown substance C is below 150.0 degrees celsius, focus on the yellow box. The boxes are located around the kitchen.",solid unknown substance,think,MEASURE,Agent incorrectly assumed melting point without measurement.,Do not assume the melting point; always perform the measurement action with the thermometer.,VALID_NEXT_TRIAL,scienceworld_measure-melting-point-unknown-substance_var_0,1,6-7,scienceworld_measure-melting-point-unknown-substance_var_0,2,8-9
80,"Your task is to melt water. First, focus on the substance. Then, take actions that will cause it to change its state of matter.",container,take,ACQUIRE,Agent repeatedly tries to 'take metal pot' or 'take ceramic cup' when not directly available.,"Use 'take <object name>' only when the object is explicitly listed as a direct 'take' action. Otherwise, use 'take <object name> from <location>'.",VALID_SAME_TRIAL,scienceworld_melt_var_0,1,20-25,scienceworld_melt_var_0,1,26-27
81,"Your task is to melt water. First, focus on the substance. Then, take actions that will cause it to change its state of matter.","container, water source",fill,ACQUIRE,Agent repeatedly tries to 'fill <container> with water from sink' without placing container in sink first.,"To fill a container from a water source like a sink, first 'put <container> in <water source>', then activate the water source.",VALID_SAME_TRIAL,scienceworld_melt_var_0,1,28-31,scienceworld_melt_var_0,1,32-33
82,"Your task is to melt water. First, focus on the substance. Then, take actions that will cause it to change its state of matter.","water, freezer","put, wait",PROCEDURE,Agent attempts to put water in freezer without opening it first.,Always open a container (like a freezer) before attempting to put items inside it.,VALID_SAME_TRIAL,scienceworld_melt_var_0,2,28-28,scienceworld_melt_var_0,2,30-31
83,"Your task is to melt water. First, focus on the substance. Then, take actions that will cause it to change its state of matter.","water, freezer","wait, look in",PROCEDURE,Agent does not wait long enough for water to freeze into ice in the freezer.,"After placing a substance in a freezer, wait for multiple turns and check the object's state to confirm freezing.",VALID_NEXT_TRIAL,scienceworld_melt_var_0,2,32-33,scienceworld_melt_var_0,3,46-47
84,"Your task is to melt water. First, focus on the substance. Then, take actions that will cause it to change its state of matter.",container,take,ACQUIRE,Agent repeatedly tries to 'take <container>' without specifying location or using exact object name.,"When taking an object, use the exact object name as seen in 'look around' or 'look in' observations.",VALID_SAME_TRIAL,scienceworld_melt_var_0,3,3-8,scienceworld_melt_var_0,3,12-13
85,"Your task is to melt water. First, focus on the substance. Then, take actions that will cause it to change its state of matter.","sink, container","activate, fill",ACQUIRE,Agent attempts to fill a container from the sink without activating the sink first.,Activate the water source (sink) before attempting to fill a container from it.,VALID_SAME_TRIAL,scienceworld_melt_var_0,2,10-11,scienceworld_melt_var_0,2,12-13
86,"Your task is to melt water. First, focus on the substance. Then, take actions that will cause it to change its state of matter.","sink, container",fill,ACQUIRE,"Agent repeatedly tries to 'fill <container> with water' while container is in inventory, not in sink.","To fill a container from a water source, the container must be placed in the water source, not in inventory.",VALID_SAME_TRIAL,scienceworld_melt_var_0,2,16-17,scienceworld_melt_var_0,2,20-21
87,"Your task is to melt water. First, focus on the substance. Then, take actions that will cause it to change its state of matter.",substance,focus,ORIENT,Agent attempts to focus on 'water' when it is not explicitly present or interactable.,Only focus on substances that are explicitly mentioned in the environment description as being present and interactable.,VALID_NEXT_TRIAL,scienceworld_melt_var_0,4,40-41,scienceworld_melt_var_0,2,24-25
88,"Your task is to melt water. First, focus on the substance. Then, take actions that will cause it to change its state of matter.","container, substance","take, focus",ACQUIRE,Agent attempts to take or focus on 'cup containing orange juice' when it is not explicitly available.,Verify the exact name and location of an object before attempting to take or focus on it.,VALID_SAME_TRIAL,scienceworld_melt_var_0,5,28-31,scienceworld_melt_var_0,5,40-41
89,"Your task is to melt water. First, focus on the substance. Then, take actions that will cause it to change its state of matter.","stove, container","put, activate",PROCEDURE,"Agent puts cup on stove and activates stove, but then expects cup to remain on stove.","After activating a heat source, the heated object may disappear or change state, indicating progress or completion.",VALID_SAME_TRIAL,scienceworld_melt_var_0,7,4-7,scienceworld_melt_var_0,7,8-9
90,"Your task is to melt water. First, focus on the substance. Then, take actions that will cause it to change its state of matter.",substance,focus,ANSWER,Agent attempts to focus on 'orange juice' or 'cup containing orange juice' after it has melted.,"If a substance has changed state and is no longer interactable, the task may be complete, or a different object needs to be focused on.",VALID_SAME_TRIAL,scienceworld_melt_var_0,7,10-13,scienceworld_melt_var_0,7,14-15
91,"Your task is to determine whether tall plant height is a dominant or recessive trait in the pea plant. If the trait is dominant, focus on the red box. If the trait is recessive, focus on the green box.","seed, seed jar",take,ACQUIRE,Attempted to take seed with 'from seed jar' which is not a valid action.,"Take seed directly without specifying the container, e.g., 'take round green pea seed'.",VALID_SAME_TRIAL,scienceworld_mendelian-genetics-known-plant_var_0,1,8-8,scienceworld_mendelian-genetics-known-plant_var_0,1,10-10
92,"Your task is to determine whether tall plant height is a dominant or recessive trait in the pea plant. If the trait is dominant, focus on the red box. If the trait is recessive, focus on the green box.","jug, water, sink",fill,ACQUIRE,Repeatedly tried invalid actions to fill the jug with water from the sink.,"To fill the jug, first put the jug in the sink, then take the jug to fill it with water.",VALID_SAME_TRIAL,scienceworld_mendelian-genetics-known-plant_var_0,1,24-40,scienceworld_mendelian-genetics-known-plant_var_0,1,42-42
93,"Your task is to determine whether tall plant height is a dominant or recessive trait in the pea plant. If the trait is dominant, focus on the red box. If the trait is recessive, focus on the green box.","jug, water, flower pot",pour,PROCEDURE,Attempted to pour water with 'pour water from jug into flower pot' which is not a valid action.,"To pour water from a jug into a flower pot, use the action 'pour jug into flower pot [number]'.",VALID_SAME_TRIAL,scienceworld_mendelian-genetics-known-plant_var_0,1,44-46,scienceworld_mendelian-genetics-known-plant_var_0,1,48-48
94,"Your task is to determine whether tall plant height is a dominant or recessive trait in the pea plant. If the trait is dominant, focus on the red box. If the trait is recessive, focus on the green box.","plant, flower pot",look,PROCEDURE,Repeatedly looked at flower pots expecting plants to grow without explicit time progression.,"After planting and watering, repeatedly 'look at greenhouse' or leave and re-enter to advance time and trigger plant growth.",VALID_NEXT_TRIAL,scienceworld_mendelian-genetics-known-plant_var_0,1,20-20,scienceworld_mendelian-genetics-known-plant_var_0,2,46-46
95,"Your task is to determine whether tall plant height is a dominant or recessive trait in the pea plant. If the trait is dominant, focus on the red box. If the trait is recessive, focus on the green box.","jug, water, sink",fill,ACQUIRE,Repeatedly tried invalid actions to fill the jug with water from the sink.,"To fill the jug, first activate the sink, then take the jug to fill it with water.",VALID_SAME_TRIAL,scienceworld_mendelian-genetics-known-plant_var_0,3,4-4,scienceworld_mendelian-genetics-known-plant_var_0,3,30-30
96,"Your task is to determine whether tall plant height is a dominant or recessive trait in the pea plant. If the trait is dominant, focus on the red box. If the trait is recessive, focus on the green box.","jug, water, flower pot",pour,PROCEDURE,Attempted to pour water with 'pour water from jug into flower pot' which is not a valid action.,"To pour water from a jug into a flower pot, use the action 'pour jug into flower pot [number]'.",VALID_SAME_TRIAL,scienceworld_mendelian-genetics-known-plant_var_0,3,32-32,scienceworld_mendelian-genetics-known-plant_var_0,3,34-34
97,"Your task is to determine whether tall plant height is a dominant or recessive trait in the pea plant. If the trait is dominant, focus on the red box. If the trait is recessive, focus on the green box.","jug, water, sink",fill,ACQUIRE,Repeatedly tried invalid actions to fill the jug with water from the sink.,"To fill the jug, first activate the sink, then put the jug in the sink, then take the jug.",VALID_SAME_TRIAL,scienceworld_mendelian-genetics-known-plant_var_0,4,8-40,scienceworld_mendelian-genetics-known-plant_var_0,4,42-42
98,"Your task is to determine whether tall plant height is a dominant or recessive trait in the pea plant. If the trait is dominant, focus on the red box. If the trait is recessive, focus on the green box.","jug, water, flower pot",pour,PROCEDURE,Attempted to pour water with 'pour water from jug into flower pot' which is not a valid action.,"To pour water from a jug into a flower pot, use the action 'pour jug into flower pot [number]'.",VALID_SAME_TRIAL,scienceworld_mendelian-genetics-known-plant_var_0,4,44-44,scienceworld_mendelian-genetics-known-plant_var_0,4,46-46
99,"Your task is to determine whether tall plant height is a dominant or recessive trait in the pea plant. If the trait is dominant, focus on the red box. If the trait is recessive, focus on the green box.","jug, water, sink",fill,ACQUIRE,Repeatedly tried invalid actions to fill the jug with water from the sink.,"To fill the jug, first activate the sink, then put the jug in the sink, then take the jug.",VALID_NEXT_TRIAL,scienceworld_mendelian-genetics-known-plant_var_0,5,4-4,scienceworld_mendelian-genetics-known-plant_var_0,6,42-42
100,"Your task is to determine whether tall plant height is a dominant or recessive trait in the pea plant. If the trait is dominant, focus on the red box. If the trait is recessive, focus on the green box.","jug, water, flower pot",pour,PROCEDURE,Repeatedly tried invalid actions to water the plant with the jug.,"To water a plant, use the action 'pour jug into flower pot [number]'.",VALID_NEXT_TRIAL,scienceworld_mendelian-genetics-known-plant_var_0,6,44-44,scienceworld_mendelian-genetics-known-plant_var_0,1,48-48
101,"Your task is to determine whether tall plant height is a dominant or recessive trait in the pea plant. If the trait is dominant, focus on the red box. If the trait is recessive, focus on the green box.","jug, water, sink",fill,ACQUIRE,Repeatedly tried invalid actions to fill the jug with water from the sink.,"To fill the jug, first activate the sink, then put the jug in the sink, then take the jug.",VALID_NEXT_TRIAL,scienceworld_mendelian-genetics-known-plant_var_0,7,4-4,scienceworld_mendelian-genetics-known-plant_var_0,6,42-42
102,"Your task is to determine whether tall plant height is a dominant or recessive trait in the pea plant. If the trait is dominant, focus on the red box. If the trait is recessive, focus on the green box.","jug, water, flower pot",pour,PROCEDURE,Repeatedly tried invalid actions to water the plant with the jug.,"To water a plant, use the action 'pour jug into flower pot [number]'.",VALID_NEXT_TRIAL,scienceworld_mendelian-genetics-known-plant_var_0,7,44-44,scienceworld_mendelian-genetics-known-plant_var_0,1,48-48
103,"Your task is to determine whether blue seed color is a dominant or recessive trait in the unknown E plant. If the trait is dominant, focus on the red box. If the trait is recessive, focus on the green box.","seed, flower pot",plant,PROCEDURE,Agent used incorrect syntax for planting a seed in a flower pot.,"The correct action to plant a seed is ""put [seed] in [flower pot]"".",VALID_SAME_TRIAL,scienceworld_mendelian-genetics-unknown-plant_var_0,1,10-16,scienceworld_mendelian-genetics-unknown-plant_var_0,1,17-18
104,"Your task is to determine whether blue seed color is a dominant or recessive trait in the unknown E plant. If the trait is dominant, focus on the red box. If the trait is recessive, focus on the green box.","jug, sink, water",fill,ACQUIRE,Agent repeatedly tried incorrect actions to fill the jug with water from the sink.,"To fill the jug, first activate the sink, then put the jug in the sink, and finally take the jug. It fills automatically.",VALID_NEXT_TRIAL,scienceworld_mendelian-genetics-unknown-plant_var_0,1,20-48,scienceworld_mendelian-genetics-unknown-plant_var_0,2,8-10
105,"Your task is to determine whether blue seed color is a dominant or recessive trait in the unknown E plant. If the trait is dominant, focus on the red box. If the trait is recessive, focus on the green box.","jug, flower pot, water","water, pour, use",PROCEDURE,Agent used incorrect actions to water the plant in the flower pot.,"The correct action to water a plant is ""pour [liquid container] into [flower pot]"".",VALID_NEXT_TRIAL,scienceworld_mendelian-genetics-unknown-plant_var_0,2,12-18,scienceworld_mendelian-genetics-unknown-plant_var_0,4,28-29
106,"Your task is to determine whether blue seed color is a dominant or recessive trait in the unknown E plant. If the trait is dominant, focus on the red box. If the trait is recessive, focus on the green box.","jug, flower pot","move, take",PROCEDURE,"Agent incorrectly assumed moving the jug to the flower pot would water it, then struggled to remove the jug.","Moving a liquid container to a flower pot does not water it; use ""pour [container] into [flower pot]"". To retrieve an item from a container, use ""take [item]"" if it's the only item or ""take [item] from [container]"".",VALID_SAME_TRIAL,scienceworld_mendelian-genetics-unknown-plant_var_0,2,20-26,scienceworld_mendelian-genetics-unknown-plant_var_0,2,27-28
107,"Your task is to determine whether blue seed color is a dominant or recessive trait in the unknown E plant. If the trait is dominant, focus on the red box. If the trait is recessive, focus on the green box.","plant, seeds, shovel, flower pot","harvest, take, dig up, use",PROCEDURE,Agent repeatedly tried incorrect actions to harvest seeds from the adult plant.,"The correct action to harvest seeds from an adult plant is ""harvest [plant] with [tool]"".",CANDIDATE,scienceworld_mendelian-genetics-unknown-plant_var_0,5,40-48,scienceworld_mendelian-genetics-unknown-plant_var_0,6,37-38
108,"Your task is to turn on the red light bulb by powering it using a renewable power source. First, focus on the red light bulb. Then, create an electrical circuit that powers it on.","wire, solar panel, light bulb",connect,PROCEDURE,Attempted to connect wire to component without specifying wire terminal.,"Always specify the wire terminal (e.g., 'terminal 1', 'terminal 2') when connecting wires to electrical components.",VALID_SAME_TRIAL,scienceworld_power-component-renewable-vs-nonrenewable-energy_var_0,1,13-13,scienceworld_power-component-renewable-vs-nonrenewable-energy_var_0,1,16-16
109,"Your task is to turn on the red light bulb by powering it using a renewable power source. First, focus on the red light bulb. Then, create an electrical circuit that powers it on.",solar panel,activate,PROCEDURE,"Attempted to activate solar panel directly, which is not a valid action.","Solar panels activate automatically when placed in a sufficiently lit area, such as 'outside'.",VALID_NEXT_TRIAL,scienceworld_power-component-renewable-vs-nonrenewable-energy_var_0,1,21-21,scienceworld_power-component-renewable-vs-nonrenewable-energy_var_0,2,40-40
110,"Your task is to turn on the red light bulb by powering it using a renewable power source. First, focus on the red light bulb. Then, create an electrical circuit that powers it on.",solar panel,move,ACQUIRE,Attempted to move a connected solar panel to another room directly.,"To move connected electrical components, first disconnect all wires by taking them into inventory.",VALID_SAME_TRIAL,scienceworld_power-component-renewable-vs-nonrenewable-energy_var_0,1,25-25,scienceworld_power-component-renewable-vs-nonrenewable-energy_var_0,1,33-33
111,"Your task is to turn on the red light bulb by powering it using a renewable power source. First, focus on the red light bulb. Then, create an electrical circuit that powers it on.",wire,disconnect,RECOVER,"Attempted to use a 'disconnect' action, which is not supported.","To disconnect a wire, use the 'take [wire]' action, which implicitly disconnects it.",VALID_SAME_TRIAL,scienceworld_power-component-renewable-vs-nonrenewable-energy_var_0,1,29-29,scienceworld_power-component-renewable-vs-nonrenewable-energy_var_0,1,33-33
112,"Your task is to turn on the red light bulb by powering it using a renewable power source. First, focus on the red light bulb. Then, create an electrical circuit that powers it on.","solar panel, light bulb, wire",connect,PROCEDURE,"Attempted to connect components in different rooms, which is not allowed.",All components of an electrical circuit must be in the same room to be connected.,VALID_NEXT_TRIAL,scienceworld_power-component-renewable-vs-nonrenewable-energy_var_0,1,45-45,scienceworld_power-component-renewable-vs-nonrenewable-energy_var_0,2,10-10
113,"Your task is to turn on the red light bulb by powering it using a renewable power source. First, focus on the red light bulb. Then, create an electrical circuit that powers it on.","solar panel, light bulb, wire",put,PROCEDURE,"Moving connected components between rooms disconnects them, requiring re-connection.",Always reconnect wires after moving connected electrical components to a new location.,VALID_SAME_TRIAL,scienceworld_power-component-renewable-vs-nonrenewable-energy_var_0,2,20-20,scienceworld_power-component-renewable-vs-nonrenewable-energy_var_0,2,26-26
114,"Your task is to turn on the red light bulb by powering it using a renewable power source. First, focus on the red light bulb. Then, create an electrical circuit that powers it on.",solar panel,put,PROCEDURE,Attempted to put solar panel on 'ground' instead of 'greenhouse' in the greenhouse room.,"Use the specific room name (e.g., 'greenhouse') when placing objects in a room, not generic terms like 'ground'.",VALID_SAME_TRIAL,scienceworld_power-component-renewable-vs-nonrenewable-energy_var_0,2,18-18,scienceworld_power-component-renewable-vs-nonrenewable-energy_var_0,2,20-20
115,"Your task is to turn on the red light bulb by powering it using a renewable power source. First, focus on the red light bulb. Then, create an electrical circuit that powers it on.","wire, solar panel",connect,PROCEDURE,"Repeatedly failed to connect wires due to incorrect syntax, despite previous success.",Ensure correct syntax for connecting wires: 'connect [wire] terminal [number] to [component] [anode/cathode]'.,VALID_NEXT_TRIAL,scienceworld_power-component-renewable-vs-nonrenewable-energy_var_0,5,30-48,scienceworld_power-component-renewable-vs-nonrenewable-energy_var_0,6,20-20
116,"Your task is to turn on the red light bulb. First, focus on the red light bulb. Then, create an electrical circuit that powers it on.","wire, battery, light bulb",connect,PROCEDURE,"Agent connects black wire to battery anode and red light bulb anode, but light bulb remains off.",Ensure both anode and cathode of the light bulb are connected to the power source.,VALID_SAME_TRIAL,scienceworld_power-component_var_0,1,40-43,scienceworld_power-component_var_0,1,44-47
117,"Your task is to turn on the red light bulb. First, focus on the red light bulb. Then, create an electrical circuit that powers it on.","battery, switch, light bulb, wire","activate, connect",PROCEDURE,"Agent connects battery to light bulb, but forgets to activate the switch.",Activate the switch to complete the circuit and power the light bulb.,VALID_SAME_TRIAL,scienceworld_power-component_var_0,1,48-49,scienceworld_power-component_var_0,1,52-53
118,"Your task is to turn on the red light bulb. First, focus on the red light bulb. Then, create an electrical circuit that powers it on.",wire,disconnect,PROCEDURE,Agent repeatedly attempts to disconnect wires using incorrect syntax.,Use the 'take [wire]' action to disconnect a wire from its current connection.,VALID_NEXT_TRIAL,scienceworld_power-component_var_0,2,6-7,scienceworld_power-component_var_0,3,40-41
119,"Your task is to turn on the red light bulb. First, focus on the red light bulb. Then, create an electrical circuit that powers it on.","power source, light bulb, wire","connect, activate",PROCEDURE,"Agent connects light bulb to gas generator, but light bulb remains off.","If a power source doesn't work, try another available power source (battery, solar panel).",VALID_NEXT_TRIAL,scienceworld_power-component_var_0,2,12-13,scienceworld_power-component_var_0,3,46-51
120,"Your task is to turn on the red light bulb. First, focus on the red light bulb. Then, create an electrical circuit that powers it on.","battery, switch, light bulb, wire","connect, activate",PROCEDURE,"Agent connects battery to switch, switch to light bulb, light bulb to battery, but light bulb remains off.",Ensure all components are correctly connected and the switch is activated to complete the circuit.,VALID_NEXT_TRIAL,scienceworld_power-component_var_0,5,30-31,scienceworld_power-component_var_0,6,46-47
121,"Your task is to turn on the red light bulb. First, focus on the red light bulb. Then, create an electrical circuit that powers it on.","light bulb, power source",connect,PROCEDURE,"Agent tries multiple power sources (gas generator, battery, solar panel) with red light bulb, but it never turns on.","If a light bulb doesn't work with multiple power sources, test other light bulbs to identify a faulty component.",CANDIDATE,scienceworld_power-component_var_0,5,48-49,scienceworld_power-component_var_0,5,48-49
122,"Your task is to determine if unknown substance B is electrically conductive. The unknown substance B is located around the workshop. First, focus on the unknown substance B. If it is electrically conductive, place it in the red box. If it is electrically nonconductive, place it in the green box.","wire, battery, substance",connect,PROCEDURE,Attempted to connect wire to battery without specifying terminal.,"Specify the terminal (e.g., terminal 1, terminal 2, anode, cathode) when connecting electrical components.",VALID_SAME_TRIAL,scienceworld_test-conductivity-of-unknown-substances_var_0,1,7-7,scienceworld_test-conductivity-of-unknown-substances_var_0,1,10-10
123,"Your task is to determine if aluminum foil is electrically conductive. The aluminum foil is located around the workshop. First, focus on the aluminum foil. If it is electrically conductive, place it in the red box. If it is electrically nonconductive, place it in the green box.","wire, aluminum foil",disconnect,RECOVER,Incorrect syntax for disconnecting wires from aluminum foil.,"The 'disconnect' action requires specifying the wire and the object it's connected to, without terminals for non-polarized objects.",CANDIDATE,scienceworld_test-conductivity_var_0,1,20-23,scienceworld_test-conductivity_var_0,3,10-11
124,"Your task is to determine if aluminum foil is electrically conductive. The aluminum foil is located around the workshop. First, focus on the aluminum foil. If it is electrically conductive, place it in the red box. If it is electrically nonconductive, place it in the green box.","wire, battery",connect,PROCEDURE,Failed to specify terminal when connecting wire to battery.,"When connecting wires to polarized components like a battery, specify the terminal (e.g., 'terminal 1 to battery cathode').",VALID_SAME_TRIAL,scienceworld_test-conductivity_var_0,2,6-6,scienceworld_test-conductivity_var_0,2,8-8
125,"Your task is to determine if aluminum foil is electrically conductive. The aluminum foil is located around the workshop. First, focus on the aluminum foil. If it is electrically conductive, place it in the red box. If it is electrically nonconductive, place it in the green box.","aluminum foil, light bulb","observe, place",VERIFY,Incorrectly concluded aluminum foil was non-conductive based on light bulb not lighting up.,Rely on scientific knowledge (aluminum foil is conductive) rather than potentially faulty experimental setup observations.,VALID_NEXT_TRIAL,scienceworld_test-conductivity_var_0,3,16-17,scienceworld_test-conductivity_var_0,4,5-7
126,"Your task is to measure the temperature of unknown substance B, which is located around the living room. First, focus on the thermometer. Next, focus on the unknown substance B. If the unknown substance B temperature is above 100.0 degrees celsius, place it in the red box. If the unknown substance B temperature is below 100.0 degrees celsius, place it in the green box. The boxes are located around the bathroom.",drawer,"look in, open",SEARCH,Attempted to look inside a closed drawer.,Always open containers before attempting to look inside them.,VALID_SAME_TRIAL,scienceworld_use-thermometer_var_0,1,5-5,scienceworld_use-thermometer_var_0,1,7-7
127,"Your task is to measure the temperature of unknown substance B, which is located around the living room. First, focus on the thermometer. Next, focus on the unknown substance B. If the unknown substance B temperature is above 100.0 degrees celsius, place it in the red box. If the unknown substance B temperature is below 100.0 degrees celsius, place it in the green box. The boxes are located around the bathroom.","thermometer, unknown substance","use, take",MEASURE,Attempted to use a tool on an object without taking the tool first.,Take tools into inventory before attempting to use them on other objects.,VALID_SAME_TRIAL,scienceworld_use-thermometer_var_0,1,21-21,scienceworld_use-thermometer_var_0,1,27-27
128,"Your task is to boil water. For compounds without a boiling point, combusting the substance is also acceptable. First, focus on the substance. Then, take actions that will cause it to change its state of matter.",container,take,ACQUIRE,Agent attempts to 'take metal pot from cupboard' with incorrect syntax.,Use the simpler 'take <object>' command to acquire items from containers.,VALID_SAME_TRIAL,scienceworld_boil_var_1,1,40-40,scienceworld_boil_var_1,1,43-43
129,"Your task is to boil water. For compounds without a boiling point, combusting the substance is also acceptable. First, focus on the substance. Then, take actions that will cause it to change its state of matter.","container, substance",fill,ACQUIRE,Agent attempts to fill a container with water using incorrect syntax.,"To fill a container from a water source, use 'dunk <container> in <water_source>'.",VALID_NEXT_TRIAL,scienceworld_boil_var_1,1,48-48,scienceworld_boil_var_1,6,40-40
130,"Your task is to boil water. For compounds without a boiling point, combusting the substance is also acceptable. First, focus on the substance. Then, take actions that will cause it to change its state of matter.",container,take,ACQUIRE,Agent repeatedly attempts to 'take metal pot' when it is a fixed object.,Recognize fixed objects cannot be taken; interact with them in place or find movable alternatives.,VALID_NEXT_TRIAL,scienceworld_boil_var_1,2,10-10,scienceworld_boil_var_1,6,39-39
131,"Your task is to boil water. For compounds without a boiling point, combusting the substance is also acceptable. First, focus on the substance. Then, take actions that will cause it to change its state of matter.",container,take,ACQUIRE,Agent repeatedly attempts to 'take metal pot from cupboard' with incorrect syntax.,Use the simpler 'move <object> to inventory' command to acquire items from containers.,VALID_SAME_TRIAL,scienceworld_boil_var_1,2,26-26,scienceworld_boil_var_1,2,29-29
132,"Your task is to boil water. For compounds without a boiling point, combusting the substance is also acceptable. First, focus on the substance. Then, take actions that will cause it to change its state of matter.","container, substance",fill,ACQUIRE,Agent repeatedly attempts to fill a container with water using incorrect syntax.,"To fill a container from a water source, use 'dunk <container> in <water_source>'.",VALID_NEXT_TRIAL,scienceworld_boil_var_1,2,34-34,scienceworld_boil_var_1,6,40-40
133,"Your task is to boil water. For compounds without a boiling point, combusting the substance is also acceptable. First, focus on the substance. Then, take actions that will cause it to change its state of matter.","container, substance",pour,ACQUIRE,Agent attempts to pour from a fixed object (toilet) into an inventory item (cup).,"To transfer liquid from a fixed source to an inventory container, use 'dunk <container> in <source>'.",VALID_NEXT_TRIAL,scienceworld_boil_var_1,3,40-40,scienceworld_boil_var_1,6,40-40
134,"Your task is to boil water. For compounds without a boiling point, combusting the substance is also acceptable. First, focus on the substance. Then, take actions that will cause it to change its state of matter.","sink, drain","activate, close",ACQUIRE,Agent attempts to fill a container from the sink without closing the drain first.,Close the drain after activating the sink to collect water for filling containers.,VALID_SAME_TRIAL,scienceworld_boil_var_1,4,6-6,scienceworld_boil_var_1,4,39-39
135,"Your task is to boil water. For compounds without a boiling point, combusting the substance is also acceptable. First, focus on the substance. Then, take actions that will cause it to change its state of matter.","container, substance",take,ACQUIRE,"Agent attempts to 'take water' directly, which is not possible for liquids.",Liquids cannot be taken directly; use a container to transfer them.,VALID_SAME_TRIAL,scienceworld_boil_var_1,5,40-40,scienceworld_boil_var_1,5,41-41
136,"Your task is to boil water. For compounds without a boiling point, combusting the substance is also acceptable. First, focus on the substance. Then, take actions that will cause it to change its state of matter.","container, substance",dunk,ACQUIRE,Agent attempts to dunk a fixed object (metal pot) into another fixed object (sink).,Only movable containers can be dunked into liquid sources.,VALID_NEXT_TRIAL,scienceworld_boil_var_1,5,43-43,scienceworld_boil_var_1,6,40-40
137,"Your task is to boil water. For compounds without a boiling point, combusting the substance is also acceptable. First, focus on the substance. Then, take actions that will cause it to change its state of matter.","container, substance",pour,ACQUIRE,Agent repeatedly attempts to pour water from an inventory cup into a fixed metal pot using incorrect syntax.,"To pour from an inventory container to a fixed container, use 'pour <inventory_container> into <fixed_container>'.",CANDIDATE,scienceworld_boil_var_1,6,42-42,scienceworld_boil_var_1,6,42-42
138,"Your task is to boil water. For compounds without a boiling point, combusting the substance is also acceptable. First, focus on the substance. Then, take actions that will cause it to change its state of matter.","container, substance",empty,ACQUIRE,Agent attempts to empty a glass jar containing sodium chloride without a target.,"To empty a container, specify a target location or container, e.g., 'pour <container> into <target>'.",CANDIDATE,scienceworld_boil_var_1,7,34-34,scienceworld_boil_var_1,7,34-34
139,"Your task is to boil water. For compounds without a boiling point, combusting the substance is also acceptable. First, focus on the substance. Then, take actions that will cause it to change its state of matter.",container,take,ACQUIRE,Agent attempts to 'take glass cup from table' with incorrect phrasing.,Use the exact object name 'glass cup' without specifying location when taking from current room.,VALID_SAME_TRIAL,scienceworld_boil_var_2,1,5-5,scienceworld_boil_var_2,1,9-9
140,"Your task is to boil water. For compounds without a boiling point, combusting the substance is also acceptable. First, focus on the substance. Then, take actions that will cause it to change its state of matter.",sink,activate,ACQUIRE,Agent attempts to activate a broken sink in the kitchen.,Check for alternative water sources if the primary source is broken.,VALID_SAME_TRIAL,scienceworld_boil_var_2,1,13-13,scienceworld_boil_var_2,1,29-29
141,"Your task is to boil water. For compounds without a boiling point, combusting the substance is also acceptable. First, focus on the substance. Then, take actions that will cause it to change its state of matter.","substance, container","take, fill, pour, move",ACQUIRE,Agent repeatedly tries incorrect actions to get water from toilet into cup.,"To get liquid from a container into an inventory cup, use 'dunk [cup] into [container]'.",VALID_NEXT_TRIAL,scienceworld_boil_var_2,1,33-47,scienceworld_boil_var_2,2,19-19
142,"Your task is to boil water. For compounds without a boiling point, combusting the substance is also acceptable. First, focus on the substance. Then, take actions that will cause it to change its state of matter.",container,take,ACQUIRE,Agent attempts to 'take cup containing nothing from table' with incorrect phrasing.,Use 'move [object] in [location] to inventory' to pick up objects.,VALID_SAME_TRIAL,scienceworld_boil_var_2,2,9-9,scienceworld_boil_var_2,2,13-13
143,"Your task is to boil water. For compounds without a boiling point, combusting the substance is also acceptable. First, focus on the substance. Then, take actions that will cause it to change its state of matter.","substance, container",move,ACQUIRE,Agent attempts to 'move substance in toilet to cup in inventory' which is invalid for liquids.,Liquids cannot be moved directly; use 'dunk [empty container] into [liquid source]'.,VALID_SAME_TRIAL,scienceworld_boil_var_2,2,3-3,scienceworld_boil_var_2,2,19-19
144,"Your task is to boil water. For compounds without a boiling point, combusting the substance is also acceptable. First, focus on the substance. Then, take actions that will cause it to change its state of matter.","substance, container",pour,ACQUIRE,Agent attempts to 'pour substance in toilet into cup' but the toilet is not movable.,"If a liquid source is not movable, use 'dunk [empty container] into [liquid source]'.",VALID_SAME_TRIAL,scienceworld_boil_var_2,2,17-17,scienceworld_boil_var_2,2,19-19
145,"Your task is to boil water. For compounds without a boiling point, combusting the substance is also acceptable. First, focus on the substance. Then, take actions that will cause it to change its state of matter.","stove, oven, substance","activate, look",PROCEDURE,Agent repeatedly checks temperature and water state without waiting for heating to occur.,"After activating a heat source, activate the stopwatch to advance time for state changes.",VALID_NEXT_TRIAL,scienceworld_boil_var_2,2,23-27,scienceworld_boil_var_2,4,41-41
146,"Your task is to boil water. For compounds without a boiling point, combusting the substance is also acceptable. First, focus on the substance. Then, take actions that will cause it to change its state of matter.",container,take,ACQUIRE,Agent repeatedly attempts to 'take cup from table' with incorrect phrasing.,Use 'move [object] in [location] to inventory' to pick up objects.,VALID_SAME_TRIAL,scienceworld_boil_var_2,3,9-9,scienceworld_boil_var_2,3,13-13
147,"Your task is to boil water. For compounds without a boiling point, combusting the substance is also acceptable. First, focus on the substance. Then, take actions that will cause it to change its state of matter.","substance, container","move, pour",ACQUIRE,Agent repeatedly tries incorrect actions to get water from toilet into cup.,"To get liquid from a container into an inventory cup, use 'dunk [cup] into [container]'.",VALID_NEXT_TRIAL,scienceworld_boil_var_2,3,5-25,scienceworld_boil_var_2,4,29-29
148,"Your task is to boil water. For compounds without a boiling point, combusting the substance is also acceptable. First, focus on the substance. Then, take actions that will cause it to change its state of matter.",substance,focus,ORIENT,"Agent attempts to 'focus on water' directly, which is not a valid action.","Focus on the container holding the substance, not the substance itself.",VALID_SAME_TRIAL,scienceworld_boil_var_2,4,3-3,scienceworld_boil_var_2,4,45-45
149,"Your task is to boil water. For compounds without a boiling point, combusting the substance is also acceptable. First, focus on the substance. Then, take actions that will cause it to change its state of matter.","stove, oven",activate,PROCEDURE,Agent repeatedly activates stove/oven without advancing time for heating.,"After activating a heat source, activate the stopwatch to advance time for state changes.",VALID_SAME_TRIAL,scienceworld_boil_var_2,4,37-39,scienceworld_boil_var_2,4,41-41
150,"Your task is to boil water. For compounds without a boiling point, combusting the substance is also acceptable. First, focus on the substance. Then, take actions that will cause it to change its state of matter.","thermometer, substance",look,VERIFY,Thermometer reading does not update even after water boils.,"Rely on observation of substance state (e.g., 'steam') rather than thermometer for boiling confirmation.",VALID_SAME_TRIAL,scienceworld_boil_var_2,4,43-43,scienceworld_boil_var_2,4,45-45
151,"Your task is to boil water. For compounds without a boiling point, combusting the substance is also acceptable. First, focus on the substance. Then, take actions that will cause it to change its state of matter.",substance,focus,ANSWER,"Agent attempts to 'focus on steam' after water has boiled, resulting in negative score.",The task is completed once the water boils; no further 'focus' action is needed.,VALID_NEXT_TRIAL,scienceworld_boil_var_2,5,47-47,scienceworld_boil_var_2,4,45-45
152,"Your task is to boil water. For compounds without a boiling point, combusting the substance is also acceptable. First, focus on the substance. Then, take actions that will cause it to change its state of matter.",container,take,ACQUIRE,Agent repeatedly attempts to 'take glass cup from table' with incorrect phrasing.,Use 'move [object] in [location] to inventory' to pick up objects.,VALID_SAME_TRIAL,scienceworld_boil_var_2,5,7-19,scienceworld_boil_var_2,5,21-21
153,"Your task is to boil water. For compounds without a boiling point, combusting the substance is also acceptable. First, focus on the substance. Then, take actions that will cause it to change its state of matter.",sink,dunk,ACQUIRE,"Agent attempts to dunk cup into activated sink, but sink does not contain liquid.",Activating the sink does not automatically fill it with water; use the toilet as a water source.,VALID_SAME_TRIAL,scienceworld_boil_var_2,5,27-27,scienceworld_boil_var_2,5,33-33
154,"Your task is to boil water. For compounds without a boiling point, combusting the substance is also acceptable. First, focus on the substance. Then, take actions that will cause it to change its state of matter.",container,take,ACQUIRE,Agent repeatedly attempts to 'take glass cup from table' with incorrect phrasing.,Use 'take [object]' without specifying location if the object is in the current room.,VALID_SAME_TRIAL,scienceworld_boil_var_2,6,3-19,scienceworld_boil_var_2,6,21-21
155,"Your task is to boil water. For compounds without a boiling point, combusting the substance is also acceptable. First, focus on the substance. Then, take actions that will cause it to change its state of matter.",container,dunk,ACQUIRE,Agent attempts to 'dunk cup in inventory into toilet' without specifying the full object name.,Use the full object name 'glass cup containing nothing in inventory' for precise actions.,VALID_NEXT_TRIAL,scienceworld_boil_var_2,7,3-3,scienceworld_boil_var_2,4,29-29
156,"Your task is to boil water. For compounds without a boiling point, combusting the substance is also acceptable. First, focus on the substance. Then, take actions that will cause it to change its state of matter.",container,take,ACQUIRE,Agent repeatedly attempts to 'take glass cup from table' with incorrect phrasing.,Use 'move [object] in [location] to inventory' to pick up objects.,VALID_NEXT_TRIAL,scienceworld_boil_var_2,7,7-19,scienceworld_boil_var_2,5,21-21
157,"Your task is to boil water. For compounds without a boiling point, combusting the substance is also acceptable. First, focus on the substance. Then, take actions that will cause it to change its state of matter.",container,take,ACQUIRE,Agent repeatedly attempts to 'take cup containing nothing from table' with incorrect phrasing.,Use 'move [object] in [location] to inventory' to pick up objects.,VALID_NEXT_TRIAL,scienceworld_boil_var_2,7,21-33,scienceworld_boil_var_2,5,21-21
158,"Your task is to boil water. For compounds without a boiling point, combusting the substance is also acceptable. First, focus on the substance. Then, take actions that will cause it to change its state of matter.",container,take,ACQUIRE,Agent repeatedly attempts to 'take glass cup from table' with incorrect phrasing.,Use 'move [object] in [location] to inventory' to pick up objects.,VALID_NEXT_TRIAL,scienceworld_boil_var_2,7,35-47,scienceworld_boil_var_2,5,21-21
159,"Your task is to change the state of matter of water. First, focus on the substance. Then, take actions that will cause it to change its state of matter.",container,take,ACQUIRE,Agent attempts to 'take glass cup from table' with incorrect phrasing.,Use the exact object name from the valid actions list for 'take' actions.,VALID_NEXT_TRIAL,scienceworld_change-the-state-of-matter-of_var_1,1,22-23,scienceworld_change-the-state-of-matter-of_var_1,7,18-19
160,"Your task is to change the state of matter of water. First, focus on the substance. Then, take actions that will cause it to change its state of matter.","container, water",move,ACQUIRE,Agent attempts to 'take glass cup containing water from sink' with incorrect phrasing.,Use 'move [object] to inventory' to pick up objects from locations.,VALID_SAME_TRIAL,scienceworld_change-the-state-of-matter-of_var_1,1,30-31,scienceworld_change-the-state-of-matter-of_var_1,1,36-37
161,"Your task is to change the state of matter of water. First, focus on the substance. Then, take actions that will cause it to change its state of matter.","freezer, water",freeze,PROCEDURE,Agent attempts to freeze water in freezer without explicit 'activate freezer' action.,Some appliances may not have an explicit 'activate' action; consider alternative methods or locations.,VALID_NEXT_TRIAL,scienceworld_change-the-state-of-matter-of_var_1,1,44-45,scienceworld_change-the-state-of-matter-of_var_1,3,36-37
162,"Your task is to change the state of matter of water. First, focus on the substance. Then, take actions that will cause it to change its state of matter.","stove, water",activate,PROCEDURE,Agent attempts to activate a broken stove to heat water.,Check if heating/cooling appliances are functional before attempting to use them.,VALID_NEXT_TRIAL,scienceworld_change-the-state-of-matter-of_var_1,1,48-49,scienceworld_change-the-state-of-matter-of_var_1,3,36-37
163,"Your task is to change the state of matter of water. First, focus on the substance. Then, take actions that will cause it to change its state of matter.",container,look,SEARCH,Agent repeatedly attempts 'look in ceramic cup' and 'look at ceramic cup' unsuccessfully.,"If an action repeatedly fails, re-examine the environment for alternative objects or methods.",VALID_NEXT_TRIAL,scienceworld_change-the-state-of-matter-of_var_1,2,20-21,scienceworld_change-the-state-of-matter-of_var_1,4,20-21
164,"Your task is to change the state of matter of water. First, focus on the substance. Then, take actions that will cause it to change its state of matter.","water, container","fill, pour",ACQUIRE,Agent attempts to 'fill' or 'pour' water into a cup directly from the sink.,"To fill a container from a water source, move the empty container to the source, then activate the source.",VALID_SAME_TRIAL,scienceworld_change-the-state-of-matter-of_var_1,2,34-35,scienceworld_change-the-state-of-matter-of_var_1,2,40-41
165,"Your task is to change the state of matter of water. First, focus on the substance. Then, take actions that will cause it to change its state of matter.","oven, water",heat,PROCEDURE,Agent repeatedly checks oven before water has sufficient time to change state.,Allow sufficient time for state changes to occur; use a stopwatch or perform other actions while waiting.,VALID_NEXT_TRIAL,scienceworld_change-the-state-of-matter-of_var_1,3,42-43,scienceworld_change-the-state-of-matter-of_var_1,4,36-37
166,"Your task is to change the state of matter of water. First, focus on the substance. Then, take actions that will cause it to change its state of matter.",container,move,ACQUIRE,"Agent attempts to move a ceramic cup to the sink directly, without it being in inventory.",Ensure the object is in inventory before attempting to move it to another location.,VALID_NEXT_TRIAL,scienceworld_change-the-state-of-matter-of_var_1,5,6-7,scienceworld_change-the-state-of-matter-of_var_1,7,18-19
167,"Your task is to change the state of matter of water. First, focus on the substance. Then, take actions that will cause it to change its state of matter.",stopwatch,activate,PROCEDURE,Agent repeatedly activates an already activated stopwatch.,Deactivate and reactivate the stopwatch to simulate longer waiting periods.,VALID_SAME_TRIAL,scienceworld_change-the-state-of-matter-of_var_1,5,30-31,scienceworld_change-the-state-of-matter-of_var_1,5,38-39
168,"Your task is to change the state of matter of water. First, focus on the substance. Then, take actions that will cause it to change its state of matter.",substance,focus,ANSWER,Agent focuses on steam instead of submitting the answer.,"After changing the state of matter, submit the answer to complete the task.",VALID_NEXT_TRIAL,scienceworld_change-the-state-of-matter-of_var_1,5,40-41,scienceworld_change-the-state-of-matter-of_var_1,4,48-49
169,"Your task is to change the state of matter of water. First, focus on the substance. Then, take actions that will cause it to change its state of matter.",sink,activate,ACQUIRE,Attempted to activate a broken sink in the kitchen.,Check all available water sources in both kitchen and bathroom.,VALID_NEXT_TRIAL,scienceworld_change-the-state-of-matter-of_var_2,1,2-2,scienceworld_change-the-state-of-matter-of_var_2,7,34-34
170,"Your task is to change the state of matter of water. First, focus on the substance. Then, take actions that will cause it to change its state of matter.","substance, container","take, put, dunk",ACQUIRE,Incorrectly tried to 'take water from toilet' or 'put water in glass cup'.,Use 'dunk [container] in [source]' to fill a container with liquid.,VALID_SAME_TRIAL,scienceworld_change-the-state-of-matter-of_var_2,1,36-42,scienceworld_change-the-state-of-matter-of_var_2,1,44-44
171,"Your task is to change the state of matter of water. First, focus on the substance. Then, take actions that will cause it to change its state of matter.","container, stove",move,PROCEDURE,Failed to correctly respond to ambiguous request for moving container to stove.,"When prompted with numbered options, type the number of the intended action.",VALID_NEXT_TRIAL,scienceworld_change-the-state-of-matter-of_var_2,1,48-48,scienceworld_change-the-state-of-matter-of_var_2,7,46-46
172,"Your task is to change the state of matter of water. First, focus on the substance. Then, take actions that will cause it to change its state of matter.","container, substance","pour, fill",ACQUIRE,Incorrectly tried to 'pour water into glass cup' or 'fill glass cup with water from toilet'.,Use 'pour [substance] into [container]' when the substance is in a movable container.,VALID_SAME_TRIAL,scienceworld_change-the-state-of-matter-of_var_2,2,30-36,scienceworld_change-the-state-of-matter-of_var_2,2,42-42
173,"Your task is to change the state of matter of water. First, focus on the substance. Then, take actions that will cause it to change its state of matter.",container,take,ACQUIRE,Used incorrect phrasing 'take glass cup from table' to get object.,"Use the exact object name from the environment description, e.g., 'take glass cup'.",VALID_NEXT_TRIAL,scienceworld_change-the-state-of-matter-of_var_2,5,0-0,scienceworld_change-the-state-of-matter-of_var_2,7,40-40
174,"Your task is to change the state of matter of water. First, focus on the substance. Then, take actions that will cause it to change its state of matter.",container,move,ACQUIRE,Incorrectly tried to 'pour glass cup into sink' to fill it.,"To fill a container from a non-movable source, move the container into the source.",VALID_NEXT_TRIAL,scienceworld_change-the-state-of-matter-of_var_2,3,40-40,scienceworld_change-the-state-of-matter-of_var_2,7,44-44
175,"Your task is to change the state of matter of water. First, focus on the substance. Then, take actions that will cause it to change its state of matter.",container,take,ACQUIRE,Repeatedly tried invalid 'take glass cup from table' action.,Use 'move [object] to inventory' for objects not explicitly listed with 'take' action.,VALID_NEXT_TRIAL,scienceworld_change-the-state-of-matter-of_var_2,6,2-6,scienceworld_change-the-state-of-matter-of_var_2,7,40-40
176,"Your task is to change the state of matter of water. First, focus on the substance. Then, take actions that will cause it to change its state of matter.","sink, container","pour, fill",ACQUIRE,Incorrectly tried to 'pour sink into cup' or 'fill cup with water from sink'.,"To fill a container from a non-movable source, move the container into the source.",VALID_SAME_TRIAL,scienceworld_change-the-state-of-matter-of_var_2,7,42-43,scienceworld_change-the-state-of-matter-of_var_2,7,44-44
177,"Your task is to use chemistry to create the substance 'soapy water'. A recipe and some of the ingredients might be found near the kitchen. When you are done, focus on the soapy water.",instructions,"look, examine, read",SEARCH,Agent used 'look at' and 'examine' instead of 'read' to get recipe content.,Use the 'read' action to view the content of instructions or recipes.,VALID_SAME_TRIAL,scienceworld_chemistry-mix_var_1,1,5-10,scienceworld_chemistry-mix_var_1,1,11-11
178,"Your task is to use chemistry to create the substance 'soapy water'. A recipe and some of the ingredients might be found near the kitchen. When you are done, focus on the soapy water.",container,"take, move",ACQUIRE,Agent repeatedly tried invalid 'take' or 'move to inventory' actions for a container.,"Check valid actions for the correct syntax to move an object to inventory, or select an object that can be moved.",VALID_SAME_TRIAL,scienceworld_chemistry-mix_var_1,1,13-18,scienceworld_chemistry-mix_var_1,1,19-20
179,"Your task is to use chemistry to create the substance 'soapy water'. A recipe and some of the ingredients might be found near the kitchen. When you are done, focus on the soapy water.","container, water source","fill, pour, put",PROCEDURE,Agent struggled to fill a container with water from the sink using incorrect actions.,"To fill a container with water from a sink, first activate the sink, then put the container in the sink.",VALID_SAME_TRIAL,scienceworld_chemistry-mix_var_1,1,27-40,scienceworld_chemistry-mix_var_1,1,41-42
180,"Your task is to use chemistry to create the substance 'soapy water'. A recipe and some of the ingredients might be found near the kitchen. When you are done, focus on the soapy water.","substance, container",mix,PROCEDURE,Agent used incorrect 'mix' actions for combining substances in a container.,"To mix substances in a container, use the action 'mix [container name]'.",VALID_SAME_TRIAL,scienceworld_chemistry-mix_var_1,1,47-50,scienceworld_chemistry-mix_var_1,1,51-52
181,"Your task is to use chemistry to create the substance 'mixed nuts'. A recipe and some of the ingredients might be found near the kitchen. When you are done, focus on the mixed nuts.",instructions,"look at, examine, read",ORIENT,Agent used 'look at' and 'examine' instead of 'read' to view instructions.,Use the 'read' action to view the content of instructions or recipes.,VALID_SAME_TRIAL,scienceworld_chemistry-mix_var_2,1,2-7,scienceworld_chemistry-mix_var_2,1,8-9
182,"Your task is to use chemistry to create the substance 'mixed nuts'. A recipe and some of the ingredients might be found near the kitchen. When you are done, focus on the mixed nuts.","substance, container",mix,PROCEDURE,Agent attempted to mix ingredients without a container or with a container holding extra items.,Ensure the mixing container only holds the required ingredients before attempting to mix.,VALID_NEXT_TRIAL,scienceworld_chemistry-mix_var_2,1,20-39,scienceworld_chemistry-mix_var_2,2,25-26
183,"Your task is to use chemistry to create the substance 'mixed nuts'. A recipe and some of the ingredients might be found near the kitchen. When you are done, focus on the mixed nuts.","container, substance",take,ACQUIRE,Agent tried to take items from a container using 'take X from Y' which is not supported.,"To take items from a container, use 'take X' and select the correct item from the disambiguation menu.",VALID_SAME_TRIAL,scienceworld_chemistry-mix_var_2,2,18-22,scienceworld_chemistry-mix_var_2,2,23-24
184,"Your task is to use chemistry to create green paint. When you are done, focus on the green paint.","substance, container","mix, pour, move",PROCEDURE,Agent repeatedly tried to mix paints using incorrect commands or by moving entire cups into the bowl.,"To mix substances, first pour them into a common container, then use the 'mix' action on the container.",VALID_SAME_TRIAL,scienceworld_chemistry-mix-paint-secondary-color_var_1,1,10-18,scienceworld_chemistry-mix-paint-secondary-color_var_1,1,28-32
185,"Your task is to use chemistry to create green paint. When you are done, focus on the green paint.","substance, container","pour, move",ACQUIRE,Agent attempted to move entire cups of paint into the mixing bowl instead of pouring the contents.,"Use 'pour [substance] into [container]' to transfer liquids, not 'move [cup] to [container]'.",VALID_SAME_TRIAL,scienceworld_chemistry-mix-paint-secondary-color_var_1,1,6-9,scienceworld_chemistry-mix-paint-secondary-color_var_1,1,28-32
186,"Your task is to use chemistry to create green paint. When you are done, focus on the green paint.","substance, container",mix,PROCEDURE,Agent repeatedly tried to mix paints using incorrect commands after pouring them into the bowl.,"After pouring, use 'mix bowl' to combine contents. If it says 'nothing new', the mixing is automatic.",VALID_NEXT_TRIAL,scienceworld_chemistry-mix-paint-secondary-color_var_1,1,34-48,scienceworld_chemistry-mix-paint-secondary-color_var_1,2,34-35
187,"Your task is to use chemistry to create green paint. When you are done, focus on the green paint.","substance, container",pour,ACQUIRE,Agent repeatedly tried to pour paint using incorrect phrasing or by moving entire cups.,Use 'pour [substance] into [container]' to transfer liquids. Ensure the substance is directly accessible.,VALID_NEXT_TRIAL,scienceworld_chemistry-mix-paint-secondary-color_var_1,3,0-1,scienceworld_chemistry-mix-paint-secondary-color_var_1,2,28-31
188,"Your task is to use chemistry to create green paint. When you are done, focus on the green paint.",container,move,ACQUIRE,Agent repeatedly failed to correctly select an ambiguous action to move an empty glass cup.,"When prompted for ambiguous actions, type the number corresponding to the desired action and press enter.",VALID_NEXT_TRIAL,scienceworld_chemistry-mix-paint-secondary-color_var_1,3,40-41,scienceworld_chemistry-mix-paint-secondary-color_var_1,4,14-16
189,"Your task is to use chemistry to create green paint. When you are done, focus on the green paint.",container,open,SEARCH,Attempted to open a drawer within a closed cupboard directly.,Open the main container (cupboard) before trying to open sub-containers (drawer in cupboard).,VALID_SAME_TRIAL,scienceworld_chemistry-mix-paint-secondary-color_var_2,1,15-15,scienceworld_chemistry-mix-paint-secondary-color_var_2,1,19-19
190,"Your task is to use chemistry to create green paint. When you are done, focus on the green paint.","substance, container",take,ACQUIRE,Attempted to take orange juice directly from a wood cup without taking the cup first.,"To acquire a substance in a container, take the container first, then interact with its contents.",VALID_SAME_TRIAL,scienceworld_chemistry-mix-paint-secondary-color_var_2,1,33-33,scienceworld_chemistry-mix-paint-secondary-color_var_2,1,39-39
191,"Your task is to use chemistry to create green paint. When you are done, focus on the green paint.",substance,look at,SEARCH,"Looked at painting and picture for blue pigment, which are not chemical sources.",Focus search for pigments on chemical substances or items that can be chemically processed.,VALID_SAME_TRIAL,scienceworld_chemistry-mix-paint-secondary-color_var_2,1,55-69,scienceworld_chemistry-mix-paint-secondary-color_var_2,1,85-85
192,"Your task is to use chemistry to create green paint. When you are done, focus on the green paint.",substance,take,ACQUIRE,"Took soap without verifying its color, hoping it was blue.","Verify properties like color before acquiring items, especially when searching for specific attributes.",VALID_NEXT_TRIAL,scienceworld_chemistry-mix-paint-secondary-color_var_2,1,89-89,scienceworld_chemistry-mix-paint-secondary-color_var_2,2,40-40
193,"Your task is to use chemistry to create green paint. When you are done, focus on the green paint.","substance, container",take,ACQUIRE,Attempted to take orange juice directly from a wood cup in the fridge.,"To acquire a substance in a container, take the container first, then interact with its contents.",VALID_SAME_TRIAL,scienceworld_chemistry-mix-paint-secondary-color_var_2,2,29-29,scienceworld_chemistry-mix-paint-secondary-color_var_2,2,35-35
194,"Your task is to use chemistry to create green paint. When you are done, focus on the green paint.","substance, container",mix,PROCEDURE,"Attempted to mix sodium chloride with orange juice, which does not produce green paint.",Mixing substances requires knowledge of chemical reactions to achieve desired outcomes.,CANDIDATE,scienceworld_chemistry-mix-paint-secondary-color_var_2,2,45-45,scienceworld_chemistry-mix-paint-secondary-color_var_2,2,47-47
195,"Your task is to use chemistry to create green paint. When you are done, focus on the green paint.","substance, container",pour,PROCEDURE,Repeatedly failed to respond correctly to ambiguous request for pouring orange into a glass cup.,"When prompted with ambiguous requests, enter the number of the intended action immediately after the prompt.",CANDIDATE,scienceworld_chemistry-mix-paint-secondary-color_var_2,3,39-40,scienceworld_chemistry-mix-paint-secondary-color_var_2,3,47-48
196,"Your task is to use chemistry to create green paint. When you are done, focus on the green paint.","substance, container","extract, squeeze, juice",PROCEDURE,"Attempted to extract orange juice using incorrect or unrecognized actions like 'extract', 'squeeze', or 'juice'.","Use the 'put' action to move an item into a container, then the system may automatically extract its contents.",CANDIDATE,scienceworld_chemistry-mix-paint-secondary-color_var_2,6,3-3,scienceworld_chemistry-mix-paint-secondary-color_var_2,6,1-1
197,"Your task is to use chemistry to create green paint. When you are done, focus on the green paint.","substance, container",take,ACQUIRE,"Attempted to take orange juice directly from a wood cup in the fridge, or the wood cup with specific contents.","To acquire a substance in a container, take the container itself, then interact with its contents.",CANDIDATE,scienceworld_chemistry-mix-paint-secondary-color_var_2,6,45-45,scienceworld_chemistry-mix-paint-secondary-color_var_2,6,49-49
198,"Your task is to use chemistry to create green paint. When you are done, focus on the green paint.","substance, container",pour,PROCEDURE,Attempted to pour orange juice into a glass cup that already contained an orange.,Ensure target containers are empty before attempting to pour new substances into them.,CANDIDATE,scienceworld_chemistry-mix-paint-secondary-color_var_2,6,55-55,scienceworld_chemistry-mix-paint-secondary-color_var_2,6,57-57
199,"Your task is to use chemistry to create green paint. When you are done, focus on the green paint.","substance, container",take,RECOVER,Repeatedly failed to take an orange from a glass cup using various phrasing.,"When an item is in a container, use 'take [item]' without specifying the container to move it to inventory.",CANDIDATE,scienceworld_chemistry-mix-paint-secondary-color_var_2,6,59-59,scienceworld_chemistry-mix-paint-secondary-color_var_2,6,71-71
200,"Your task is to use chemistry to create green paint. When you are done, focus on the green paint.","substance, container",put,PROCEDURE,Repeatedly failed to respond correctly to ambiguous request for putting orange into a glass cup.,"When prompted with ambiguous requests, enter the number of the intended action immediately after the prompt.",CANDIDATE,scienceworld_chemistry-mix-paint-secondary-color_var_2,7,1-2,scienceworld_chemistry-mix-paint-secondary-color_var_2,7,11-12
201,"Your task is to use chemistry to create green-blue paint. When you are part-way done, focus on the intermediate (secondary color) paint you created.  When you are completely done, focus on the green paint.","paint, wood cup, bowl","take, move, pour",ACQUIRE,"Attempted to 'take' or 'move' paint directly, or move the entire cup instead of pouring the paint.","To transfer liquid, use an empty container to 'dunk' into the source, then 'pour' from the filled container.",VALID_SAME_TRIAL,scienceworld_chemistry-mix-paint-tertiary-color_var_1,1,2-10,scienceworld_chemistry-mix-paint-tertiary-color_var_1,3,100-101
202,"Your task is to use chemistry to create green-blue paint. When you are part-way done, focus on the intermediate (secondary color) paint you created.  When you are completely done, focus on the green paint.",glass cup,move,ACQUIRE,Failed to correctly respond to an ambiguous request for moving an object to inventory.,"When prompted with an ambiguous request, enter the corresponding number (e.g., '0') as the next action.",VALID_SAME_TRIAL,scienceworld_chemistry-mix-paint-tertiary-color_var_1,1,28-48,scienceworld_chemistry-mix-paint-tertiary-color_var_1,3,98-99
203,"Your task is to use chemistry to create green-blue paint. When you are part-way done, focus on the intermediate (secondary color) paint you created.  When you are completely done, focus on the green paint.","paint, bowl",focus,ANSWER,Attempted to 'focus on green paint in bowl' before paint was actually mixed.,"Verify the state of objects (e.g., by 'look in bowl') before attempting to focus on a mixed substance.",VALID_SAME_TRIAL,scienceworld_chemistry-mix-paint-tertiary-color_var_1,1,16-17,scienceworld_chemistry-mix-paint-tertiary-color_var_1,1,18-19
204,"Your task is to use chemistry to create green-blue paint. When you are part-way done, focus on the intermediate (secondary color) paint you created.  When you are completely done, focus on the green paint.","apple, banana",take,ACQUIRE,Agent failed to take apple/banana from bowl using specific phrasing.,"Use general object names like 'apple' or 'banana' for 'take' actions, not descriptive phrases.",VALID_SAME_TRIAL,scienceworld_chemistry-mix-paint-tertiary-color_var_2,1,30-37,scienceworld_chemistry-mix-paint-tertiary-color_var_2,1,38-41
205,"Your task is to use chemistry to create green-blue paint. When you are part-way done, focus on the intermediate (secondary color) paint you created.  When you are completely done, focus on the green paint.","blue paint, tin cup, wood cup",take,ACQUIRE,Agent repeatedly failed to take blue paint due to incorrect input for ambiguous request.,"When prompted with an ambiguous request, enter the corresponding number (e.g., '0') as the action.",VALID_NEXT_TRIAL,scienceworld_chemistry-mix-paint-tertiary-color_var_2,2,28-49,scienceworld_chemistry-mix-paint-tertiary-color_var_2,4,30-31
206,"Your task is to use chemistry to create green-blue paint. When you are part-way done, focus on the intermediate (secondary color) paint you created.  When you are completely done, focus on the green paint.","tin cup, red paint, glass cup","move, pour, dunk",PROCEDURE,"Agent attempted to move a container with paint into another container, instead of pouring/dunking the paint.","To transfer liquid, use 'dunk [empty container] into [container with liquid]'.",VALID_SAME_TRIAL,scienceworld_chemistry-mix-paint-tertiary-color_var_2,4,38-41,scienceworld_chemistry-mix-paint-tertiary-color_var_2,4,46-47
207,"Your task is to use chemistry to create green-blue paint. When you are part-way done, focus on the intermediate (secondary color) paint you created.  When you are completely done, focus on the green paint.","glass cup, mixed paint, sink","empty, pour",RECOVER,"Agent attempted to 'empty' a cup, but the action was not recognized.","To empty a container, 'pour [container] into [sink]' is the correct action.",VALID_SAME_TRIAL,scienceworld_chemistry-mix-paint-tertiary-color_var_2,4,54-55,scienceworld_chemistry-mix-paint-tertiary-color_var_2,4,58-59
208,"Your task is to use chemistry to create green-blue paint. When you are part-way done, focus on the intermediate (secondary color) paint you created.  When you are completely done, focus on the green paint.","tin cup, wood cup, paint",move,ACQUIRE,Agent attempted to move empty tin cups instead of the wood cups containing paint.,Ensure to select the correct container (wood cup) that holds the desired paint.,VALID_SAME_TRIAL,scienceworld_chemistry-mix-paint-tertiary-color_var_2,4,68-69,scienceworld_chemistry-mix-paint-tertiary-color_var_2,4,72-73
209,"Your task is to use chemistry to create green-blue paint. When you are part-way done, focus on the intermediate (secondary color) paint you created.  When you are completely done, focus on the green paint.","tin cup, paint",take,ACQUIRE,Agent repeatedly failed to take tin cup with paint using specific phrasing.,"Use general object names like 'tin cup containing blue paint' for 'take' actions, not descriptive phrases.",VALID_SAME_TRIAL,scienceworld_chemistry-mix-paint-tertiary-color_var_2,5,18-19,scienceworld_chemistry-mix-paint-tertiary-color_var_2,5,20-21
210,"Your task is to use chemistry to create green-blue paint. When you are part-way done, focus on the intermediate (secondary color) paint you created.  When you are completely done, focus on the green paint.","tin cup, paint",take,ACQUIRE,Agent repeatedly failed to take tin cup with paint using specific phrasing.,"Use general object names like 'tin cup containing yellow paint' for 'move' actions, not descriptive phrases.",VALID_SAME_TRIAL,scienceworld_chemistry-mix-paint-tertiary-color_var_2,6,14-15,scienceworld_chemistry-mix-paint-tertiary-color_var_2,6,16-17
211,"Your task is to use chemistry to create green-blue paint. When you are part-way done, focus on the intermediate (secondary color) paint you created.  When you are completely done, focus on the green paint.","tin cup, ceramic cup",take,ACQUIRE,Agent failed to take tin cup/ceramic cup from cupboard using specific phrasing.,"Use general object names like 'tin cup' or 'ceramic cup' for 'take' actions, not descriptive phrases.",VALID_SAME_TRIAL,scienceworld_chemistry-mix-paint-tertiary-color_var_2,7,18-25,scienceworld_chemistry-mix-paint-tertiary-color_var_2,7,26-31
212,"Your task is to use chemistry to create green-blue paint. When you are part-way done, focus on the intermediate (secondary color) paint you created.  When you are completely done, focus on the green paint.","tin cup, paint",take,ACQUIRE,Agent repeatedly failed to take tin cup with paint using specific phrasing.,"Use general object names like 'tin cup containing blue paint' for 'take' actions, not descriptive phrases.",VALID_SAME_TRIAL,scienceworld_chemistry-mix-paint-tertiary-color_var_2,7,38-41,scienceworld_chemistry-mix-paint-tertiary-color_var_2,7,42-43
213,"Your task is to find a(n) animal. First, focus on the thing. Then, move it to the green box in the kitchen.","animal, green box","focus on, move",ACQUIRE,Agent repeatedly searches rooms for an animal without finding one.,"The 'animal' is not a literal animal but a movable object that can be interpreted as one, such as an orange.",VALID_NEXT_TRIAL,scienceworld_find-animal_var_1,1,0-100,scienceworld_find-animal_var_1,7,70-75
214,"Your task is to find a(n) animal. First, focus on the thing. Then, move it to the green box in the kitchen.",bee,"focus on, take, look at",ACQUIRE,"Agent attempts to focus on, take, or look at bees directly, but these actions are not supported.",Not all visible objects are interactable. Check available actions for specific objects before attempting interaction.,VALID_NEXT_TRIAL,scienceworld_find-animal_var_1,2,40-45,scienceworld_find-animal_var_1,3,20-25
215,"Your task is to find a(n) animal. First, focus on the thing. Then, move it to the green box in the kitchen.",painting,focus on,ACQUIRE,"Agent attempts to focus on a painting as the 'animal', but it is not the correct object.","The 'animal' is a movable object, not a static depiction like a painting.",VALID_NEXT_TRIAL,scienceworld_find-animal_var_1,3,25-27,scienceworld_find-animal_var_1,7,70-75
216,"Your task is to find a(n) animal. First, focus on the thing. Then, move it to the green box in the kitchen.",orange,focus on,ACQUIRE,"Agent focuses on the orange in inventory, but the task requires moving it to the green box.","After focusing on the correct object, the next step is to move it to the target container.",VALID_NEXT_TRIAL,scienceworld_find-animal_var_1,5,7-8,scienceworld_find-animal_var_1,7,70-75
217,"Your task is to find a(n) living thing. First, focus on the thing. Then, move it to the green box in the kitchen.",living thing,focus on,ACQUIRE,Attempted to 'focus on' an object that was not directly focusable.,Identify valid 'focus on' actions from the available actions list.,VALID_SAME_TRIAL,scienceworld_find-living-thing_var_1,1,21-21,scienceworld_find-living-thing_var_1,1,23-23
218,"Your task is to find a(n) living thing. First, focus on the thing. Then, move it to the green box in the kitchen.","living thing, green box",move,PROCEDURE,Attempted to move an object not in inventory to a target container.,Take the object into inventory before attempting to move it to a new location.,VALID_SAME_TRIAL,scienceworld_find-living-thing_var_1,1,29-29,scienceworld_find-living-thing_var_1,1,35-35
219,"Your task is to find a(n) living thing. First, focus on the thing. Then, move it to the blue box in the kitchen.","living thing, container",take,ACQUIRE,Attempted to take an item from a container using an invalid syntax.,"Use 'take [item]' directly for items accessible in the current room, not 'take [item] from [container]'.",VALID_SAME_TRIAL,scienceworld_find-living-thing_var_2,1,5-5,scienceworld_find-living-thing_var_2,1,8-8
220,"Your task is to find a(n) living thing. First, focus on the thing. Then, move it to the blue box in the kitchen.",living thing,focus,PROCEDURE,"Attempted to focus on an object that was already in inventory, leading to a score penalty.","Focus on a *new* living thing found in the environment, not one already in inventory.",VALID_NEXT_TRIAL,scienceworld_find-living-thing_var_2,1,11-11,scienceworld_find-living-thing_var_2,3,2-2
221,"Your task is to find a(n) living thing. First, focus on the thing. Then, move it to the blue box in the kitchen.",living thing,focus,PROCEDURE,"Attempted to focus on an object already in inventory, leading to a score penalty.","Focus on a *new* living thing found in the environment, not one already in inventory.",VALID_NEXT_TRIAL,scienceworld_find-living-thing_var_2,2,2-2,scienceworld_find-living-thing_var_2,3,2-2
222,"Your task is to find a(n) living thing. First, focus on the thing. Then, move it to the blue box in the kitchen.","living thing, blue box",put,ANSWER,"Attempted to put an item into the blue box without first focusing on it, resulting in no task completion.",Ensure the 'focus on' action is performed on the target object before attempting to move it to the blue box.,VALID_SAME_TRIAL,scienceworld_find-living-thing_var_2,6,0-0,scienceworld_find-living-thing_var_2,6,5-5
223,"Your task is to find a(n) living thing. First, focus on the thing. Then, move it to the blue box in the kitchen.","orange, blue box",put,ANSWER,Failed to correctly select the ambiguous action option to move an item from inventory.,"When prompted with ambiguous actions, correctly input the numerical option corresponding to the desired action.",CANDIDATE,scienceworld_find-living-thing_var_2,7,6-15,scienceworld_find-living-thing_var_2,7,16-16
224,"Your task is to find a(n) non-living thing. First, focus on the thing. Then, move it to the green box in the kitchen.","orange, green box",move,PROCEDURE,Agent repeatedly fails to input the correct number for ambiguous requests.,"When prompted with an ambiguous request, input only the number corresponding to the desired action.",VALID_NEXT_TRIAL,scienceworld_find-non-living-thing_var_1,1,10-48,scienceworld_find-non-living-thing_var_1,6,22-23
225,"Your task is to find a(n) non-living thing. First, focus on the thing. Then, move it to the green box in the kitchen.","cup, green box",move,PROCEDURE,Agent attempts to move an object from a different room directly to the target.,"To move an object from another room, first go to that room, pick up the object, then go to the target room and move it.",VALID_SAME_TRIAL,scienceworld_find-non-living-thing_var_1,6,18-19,scienceworld_find-non-living-thing_var_1,6,20-23
226,"Your task is to find a(n) plant. First, focus on the thing. Then, move it to the green box in the kitchen.","plant, container",move,ACQUIRE,Attempted to move plant to green box before taking it into inventory.,Always take an object into inventory before attempting to move it to another location.,VALID_SAME_TRIAL,scienceworld_find-plant_var_1,1,20-20,scienceworld_find-plant_var_1,1,25-25
227,"Your task is to find a(n) plant. First, focus on the thing. Then, move it to the green box in the kitchen.",plant,take,ACQUIRE,"Attempted to take 'pea plant' directly, but the correct object name was 'living thing'.","When taking an object, use the specific descriptor provided in the observation (e.g., 'living thing in flower pot 7').",VALID_SAME_TRIAL,scienceworld_find-plant_var_1,1,23-23,scienceworld_find-plant_var_1,1,25-25
228,"Your task is to find a(n) plant. First, focus on the thing. Then, move it to the blue box in the kitchen.","plant, potato",focus,SEARCH,Agent incorrectly identifies a potato as a plant.,Distinguish between vegetables/fruits and actual plants. Search for objects explicitly described as 'plant' or in a 'greenhouse'.,VALID_NEXT_TRIAL,scienceworld_find-plant_var_2,1,30-31,scienceworld_find-plant_var_2,2,30-31
229,"Your task is to find a(n) plant. First, focus on the thing. Then, move it to the blue box in the kitchen.","plant, flower pot",take,ACQUIRE,Agent attempts to take the plant directly instead of its container.,"When a plant is in a container, take the container to move the plant.",VALID_SAME_TRIAL,scienceworld_find-plant_var_2,2,33-34,scienceworld_find-plant_var_2,2,35-36
230,"Your task is to freeze water. First, focus on the substance. Then, take actions that will cause it to change its state of matter.",container,"take, move",ACQUIRE,"Agent attempts to 'take' a container directly, which is not a valid action.",Use the 'move [object] to inventory' action to pick up objects.,VALID_SAME_TRIAL,scienceworld_freeze_var_1,1,21-21,scienceworld_freeze_var_1,1,33-33
231,"Your task is to freeze water. First, focus on the substance. Then, take actions that will cause it to change its state of matter.","container, water","fill, pour",ACQUIRE,Agent attempts to 'fill' or 'pour' water into a container while it's in inventory.,Place the container in the sink before attempting to fill it with water.,VALID_SAME_TRIAL,scienceworld_freeze_var_1,1,35-45,scienceworld_freeze_var_1,1,47-47
232,"Your task is to freeze water. First, focus on the substance. Then, take actions that will cause it to change its state of matter.",substance,focus,PROCEDURE,Agent attempts to focus on the container instead of the substance to trigger state change.,"Focus on the specific substance (e.g., 'water') to trigger state changes, not the container.",VALID_NEXT_TRIAL,scienceworld_freeze_var_1,1,51-51,scienceworld_freeze_var_1,2,31-31
233,"Your task is to freeze water. First, focus on the substance. Then, take actions that will cause it to change its state of matter.",container,take,ACQUIRE,Agent attempts to 'take' a container using an incorrect or incomplete object name.,Use the full object name as it appears in the observation for 'move' actions.,VALID_SAME_TRIAL,scienceworld_freeze_var_1,2,11-11,scienceworld_freeze_var_1,2,15-15
234,"Your task is to freeze water. First, focus on the substance. Then, take actions that will cause it to change its state of matter.",container,"take, move",ACQUIRE,"Agent repeatedly attempts to 'take' a container directly, which is not a valid action.",Use the 'move [object] to inventory' action to pick up objects.,VALID_SAME_TRIAL,scienceworld_freeze_var_1,3,11-11,scienceworld_freeze_var_1,3,31-31
235,"Your task is to freeze water. First, focus on the substance. Then, take actions that will cause it to change its state of matter.","container, water",fill,ACQUIRE,Agent attempts to 'fill' a container with water while it's in inventory.,Place the container in the sink before attempting to fill it with water.,VALID_SAME_TRIAL,scienceworld_freeze_var_1,3,35-35,scienceworld_freeze_var_1,3,39-39
236,"Your task is to freeze water. First, focus on the substance. Then, take actions that will cause it to change its state of matter.",container,"take, move",ACQUIRE,"Agent repeatedly attempts to 'take' a container directly, which is not a valid action.",Use the 'move [object] to inventory' action to pick up objects.,VALID_SAME_TRIAL,scienceworld_freeze_var_1,4,11-11,scienceworld_freeze_var_1,4,13-13
237,"Your task is to freeze water. First, focus on the substance. Then, take actions that will cause it to change its state of matter.",container,"take, move",ACQUIRE,"Agent repeatedly attempts to 'take' a container directly, which is not a valid action.",Use the 'move [object] to inventory' action to pick up objects.,VALID_SAME_TRIAL,scienceworld_freeze_var_1,5,9-9,scienceworld_freeze_var_1,5,21-21
238,"Your task is to freeze water. First, focus on the substance. Then, take actions that will cause it to change its state of matter.","container, water","fill, pour",ACQUIRE,Agent attempts to 'fill' or 'pour' water into a container while it's in inventory.,Place the container in the sink before attempting to fill it with water.,VALID_SAME_TRIAL,scienceworld_freeze_var_1,5,25-31,scienceworld_freeze_var_1,5,33-33
239,"Your task is to freeze water. First, focus on the substance. Then, take actions that will cause it to change its state of matter.",container,"take, move",ACQUIRE,"Agent repeatedly attempts to 'take' a container directly, which is not a valid action.",Use the 'move [object] to inventory' action to pick up objects.,VALID_SAME_TRIAL,scienceworld_freeze_var_1,6,11-11,scienceworld_freeze_var_1,6,31-31
240,"Your task is to freeze water. First, focus on the substance. Then, take actions that will cause it to change its state of matter.","container, water","fill, pour",ACQUIRE,Agent attempts to 'fill' or 'pour' water into a container while it's in inventory.,Place the container in the sink before attempting to fill it with water.,VALID_SAME_TRIAL,scienceworld_freeze_var_1,6,21-21,scienceworld_freeze_var_1,6,37-37
241,"Your task is to freeze water. First, focus on the substance. Then, take actions that will cause it to change its state of matter.",container,"take, move",ACQUIRE,"Agent repeatedly attempts to 'take' a container directly, which is not a valid action.",Use the 'move [object] to inventory' action to pick up objects.,VALID_SAME_TRIAL,scienceworld_freeze_var_1,7,11-11,scienceworld_freeze_var_1,7,39-39
242,"Your task is to freeze water. First, focus on the substance. Then, take actions that will cause it to change its state of matter.","container, water","fill, pour",ACQUIRE,Agent attempts to 'fill' or 'pour' water into a container while it's in inventory.,Place the container in the sink before attempting to fill it with water.,VALID_SAME_TRIAL,scienceworld_freeze_var_1,7,41-47,scienceworld_freeze_var_1,7,49-49
243,"Your task is to freeze water. First, focus on the substance. Then, take actions that will cause it to change its state of matter.","substance, container","pour, fill",ACQUIRE,Agent repeatedly tried invalid 'pour' and 'fill' actions to get water into a cup.,"To fill a cup with water from a fixed source like a toilet, move the cup to the source, then use a generic 'pour water into glass cup' action.",VALID_SAME_TRIAL,scienceworld_freeze_var_2,1,19-31,scienceworld_freeze_var_2,1,32-35
244,"Your task is to freeze water. First, focus on the substance. Then, take actions that will cause it to change its state of matter.",substance,focus,PROCEDURE,Agent attempted to freeze water without first focusing on the substance as instructed.,"Always follow the task instructions, including prerequisite 'focus' actions on the target substance.",VALID_SAME_TRIAL,scienceworld_freeze_var_2,1,45-46,scienceworld_freeze_var_2,1,47-48
245,"Your task is to freeze water. First, focus on the substance. Then, take actions that will cause it to change its state of matter.",container,take,ACQUIRE,"Agent used an overly specific 'take' action (e.g., 'take glass cup from table') instead of a general 'take glass cup'.",Use general 'take [object]' actions unless an object is ambiguous or requires specifying location.,VALID_SAME_TRIAL,scienceworld_freeze_var_2,4,6-8,scienceworld_freeze_var_2,4,9-10
246,"Your task is to freeze water. First, focus on the substance. Then, take actions that will cause it to change its state of matter.",container,move,ACQUIRE,"Agent used an overly specific 'take' action (e.g., 'take cup containing water from toilet') instead of a general 'move' action.",Use 'move [object] to inventory' to pick up an object after it has been placed in a location.,VALID_SAME_TRIAL,scienceworld_freeze_var_2,4,40-41,scienceworld_freeze_var_2,4,42-43
247,"Your task is to freeze water. First, focus on the substance. Then, take actions that will cause it to change its state of matter.",container,take,ACQUIRE,"Agent used an overly specific 'take' action (e.g., 'take glass cup from bathroom') instead of a general 'take cup'.",Use general 'take [object]' actions unless an object is ambiguous or requires specifying location.,VALID_SAME_TRIAL,scienceworld_freeze_var_2,6,60-61,scienceworld_freeze_var_2,6,62-63
248,"Your task is to grow a apple. This will require growing several plants, and them being crosspollinated to produce fruit.  Seeds can be found in the kitchen. To complete the task, focus on the grown apple.","apple seed, ceramic cup, seed jar","take, look in",ACQUIRE,Agent repeatedly tries to take apple seed with incorrect phrasing.,"To take an item from a container, first use 'look in [container]' to get the exact item name, then use 'take [item]'.",VALID_NEXT_TRIAL,scienceworld_grow-fruit_var_1,1,10-48,scienceworld_grow-fruit_var_1,5,20-21
249,"Your task is to grow a apple. This will require growing several plants, and them being crosspollinated to produce fruit.  Seeds can be found in the kitchen. To complete the task, focus on the grown apple.","apple seed, seed jar","take, open",ACQUIRE,Agent attempts to open a seed jar that is not openable.,Do not attempt to open containers explicitly stated as 'not openable'.,VALID_SAME_TRIAL,scienceworld_grow-fruit_var_1,2,18-19,scienceworld_grow-fruit_var_1,2,18-19
250,"Your task is to grow a apple. This will require growing several plants, and them being crosspollinated to produce fruit.  Seeds can be found in the kitchen. To complete the task, focus on the grown apple.",apple seed,take,ACQUIRE,Agent fails to respond correctly to ambiguous request for taking an item.,"When prompted with an ambiguous request, enter the corresponding number as the next action.",VALID_NEXT_TRIAL,scienceworld_grow-fruit_var_1,2,24-48,scienceworld_grow-fruit_var_1,5,38-39
251,"Your task is to grow a apple. This will require growing several plants, and them being crosspollinated to produce fruit.  Seeds can be found in the kitchen. To complete the task, focus on the grown apple.","apple seed, ground",plant,PROCEDURE,Agent attempts to plant a seed directly in the ground without a pot.,Seeds cannot be planted directly in the ground; they require a flower pot.,VALID_SAME_TRIAL,scienceworld_grow-fruit_var_1,5,34-35,scienceworld_grow-fruit_var_1,5,36-37
252,"Your task is to grow a apple. This will require growing several plants, and them being crosspollinated to produce fruit.  Seeds can be found in the kitchen. To complete the task, focus on the grown apple.","apple seed, flower pot",plant,PROCEDURE,Agent attempts to plant a seed using the 'plant' verb instead of 'put'.,Use the 'put [item] in [container]' action to place seeds into a flower pot.,VALID_SAME_TRIAL,scienceworld_grow-fruit_var_1,5,40-41,scienceworld_grow-fruit_var_1,5,42-43
253,"Your task is to grow a apple. This will require growing several plants, and them being crosspollinated to produce fruit.  Seeds can be found in the kitchen. To complete the task, focus on the grown apple.","apple seed, seed jar",take,ACQUIRE,Agent repeatedly tries to take 'apple seed from seed jar' with incorrect phrasing.,"When taking an item from a container, use the exact phrasing from the environment's valid actions or object descriptions.",VALID_NEXT_TRIAL,scienceworld_grow-fruit_var_2,1,2-48,scienceworld_grow-fruit_var_2,3,40-41
254,"Your task is to grow a apple. This will require growing several plants, and them being crosspollinated to produce fruit.  Seeds can be found in the kitchen. To complete the task, focus on the grown apple.",apple seed,take,ACQUIRE,Agent fails to correctly respond to ambiguous request for 'take apple seed'.,"When prompted with an ambiguous request, type only the number of the desired action and press enter.",VALID_NEXT_TRIAL,scienceworld_grow-fruit_var_2,2,6-48,scienceworld_grow-fruit_var_2,3,40-41
255,"Your task is to grow a apple. This will require growing several plants, and them being crosspollinated to produce fruit.  Seeds can be found in the kitchen. To complete the task, focus on the grown apple.","apple seed, glass cup",put,PROCEDURE,Agent fails to correctly respond to ambiguous request for 'put apple seed in glass cup'.,"When prompted with an ambiguous request, type only the number of the desired action and press enter.",VALID_SAME_TRIAL,scienceworld_grow-fruit_var_2,3,44-48,scienceworld_grow-fruit_var_2,3,44-45
256,"Your task is to grow a apple plant from seed. Seeds can be found in the kitchen. First, focus on a seed. Then, make changes to the environment that grow the plant until it reaches the reproduction life stage.","apple seed, seed jar",focus on,ACQUIRE,Failed to correctly select an ambiguous object from a numbered list.,"When prompted with an ambiguous request and a numbered list of options, input only the number of the desired option as the action.",VALID_NEXT_TRIAL,scienceworld_grow-plant_var_1,1,6-48,scienceworld_grow-plant_var_1,2,4-5
257,"Your task is to grow a apple plant from seed. Seeds can be found in the kitchen. First, focus on a seed. Then, make changes to the environment that grow the plant until it reaches the reproduction life stage.",apple seed,focus on,ACQUIRE,Failed to correctly select an ambiguous object by typing the number after the prompt.,"When prompted with ambiguous options, type the corresponding number as the next action to select the object.",VALID_NEXT_TRIAL,scienceworld_grow-plant_var_2,1,5-35,scienceworld_grow-plant_var_2,2,1-2
258,"Your task is to grow a apple plant from seed. Seeds can be found in the kitchen. First, focus on a seed. Then, make changes to the environment that grow the plant until it reaches the reproduction life stage.",apple seed,take,ACQUIRE,Attempted to 'take' an object directly from a container without using 'pick up'.,Use the 'pick up' action for objects that need to be moved into inventory from a container.,VALID_NEXT_TRIAL,scienceworld_grow-plant_var_2,1,3-4,scienceworld_grow-plant_var_2,2,21-22
259,"Your task is to grow a apple plant from seed. Seeds can be found in the kitchen. First, focus on a seed. Then, make changes to the environment that grow the plant until it reaches the reproduction life stage.","apple seed, glass cup",put,PROCEDURE,Attempted to 'put' an object into a container without specifying the source.,"When moving an object from inventory to a container, specify both the object and the destination container.",VALID_SAME_TRIAL,scienceworld_grow-plant_var_2,2,25-26,scienceworld_grow-plant_var_2,2,27-28
260,"Your task is to grow a apple plant from seed. Seeds can be found in the kitchen. First, focus on a seed. Then, make changes to the environment that grow the plant until it reaches the reproduction life stage.","glass cup, water, sink",fill,PROCEDURE,Used incorrect verb 'fill' to add water to a container from a source.,Use the 'pour' action to transfer liquid from a source into a container.,VALID_SAME_TRIAL,scienceworld_grow-plant_var_2,2,33-34,scienceworld_grow-plant_var_2,2,35-36
261,"Your task is to grow a apple plant from seed. Seeds can be found in the kitchen. First, focus on a seed. Then, make changes to the environment that grow the plant until it reaches the reproduction life stage.",glass cup,take,PROCEDURE,Attempted to 'take' an object from a container without specifying the object.,Use the 'take' action with only the object name to move it from its current location to inventory.,VALID_SAME_TRIAL,scienceworld_grow-plant_var_2,2,39-40,scienceworld_grow-plant_var_2,2,41-42
262,"Your task is to grow a apple plant from seed. Seeds can be found in the kitchen. First, focus on a seed. Then, make changes to the environment that grow the plant until it reaches the reproduction life stage.","stove, oven, thermometer","activate, look at",PROCEDURE,"Activated heat sources (stove, oven) but failed to increase room temperature for plant growth.",Activating the stove or oven does not directly affect room temperature for plant growth. Consider alternative environmental factors.,CANDIDATE,scienceworld_grow-plant_var_2,2,47-54,scienceworld_grow-plant_var_2,2,55-56
263,"Your task is to grow a apple plant from seed. Seeds can be found in the kitchen. First, focus on a seed. Then, make changes to the environment that grow the plant until it reaches the reproduction life stage.","stopwatch, apple seed","activate, look at",PROCEDURE,"Activated stopwatch but plant did not grow, indicating it's not a growth timer.",The stopwatch does not directly influence plant growth. Focus on environmental factors like light and temperature.,CANDIDATE,scienceworld_grow-plant_var_2,2,57-60,scienceworld_grow-plant_var_2,2,61-62
264,"Your task is to grow a apple plant from seed. Seeds can be found in the kitchen. First, focus on a seed. Then, make changes to the environment that grow the plant until it reaches the reproduction life stage.","glass cup, outside",move,PROCEDURE,"Moved plant outside for light, but failed to check its state from the new location.","After moving an object to a new location, navigate to that location before attempting to interact with or observe the object.",VALID_SAME_TRIAL,scienceworld_grow-plant_var_2,2,63-66,scienceworld_grow-plant_var_2,2,67-70
265,"Your task is to focus on the 3 life stages of the wolf, starting from earliest to latest.","room, object","look around, go to, look at",SEARCH,Agent repeatedly searches rooms and objects that do not contain relevant information.,"Systematically explore all rooms and objects, prioritizing those likely to contain information.",CANDIDATE,scienceworld_identify-life-stages-1_var_1,1,2-100,scienceworld_identify-life-stages-1_var_1,1,2-100
266,"Your task is to focus on the 3 life stages of the wolf, starting from earliest to latest.",action,say,ANSWER,"Agent attempts to use 'say' action to provide the answer, which is not a valid action.",Verify valid actions before attempting to input answers; 'say' is not a general answer mechanism.,CANDIDATE,scienceworld_identify-life-stages-1_var_1,3,1-2,scienceworld_identify-life-stages-1_var_1,3,1-2
267,"Your task is to focus on the 3 life stages of the wolf, starting from earliest to latest.","painting, agent, room",focus on,ANSWER,Agent attempts to 'focus on' irrelevant objects or abstract concepts to answer the task.,The 'focus on' action is specific to certain objects and does not apply to abstract concepts or general objects for answering.,CANDIDATE,scienceworld_identify-life-stages-1_var_1,2,32-34,scienceworld_identify-life-stages-1_var_1,2,32-34
268,"Your task is to focus on the 3 life stages of the wolf, starting from earliest to latest.",paint,look at,ANSWER,Agent attempts to use a symbolic sequence of 'look at' actions on paints to represent life stages.,Avoid symbolic interpretations of actions; tasks require direct interaction with relevant objects or explicit information.,CANDIDATE,scienceworld_identify-life-stages-1_var_1,5,1-6,scienceworld_identify-life-stages-1_var_1,5,1-6
269,"Your task is to focus on the 4 life stages of the crocodile, starting from earliest to latest.",room,go to,SEARCH,Agent attempts to go to a room directly from a non-adjacent room.,Always return to the hallway before attempting to go to a new room.,VALID_SAME_TRIAL,scienceworld_identify-life-stages-1_var_2,1,33-33,scienceworld_identify-life-stages-1_var_2,1,37-37
270,"Your task is to focus on the 4 life stages of the crocodile, starting from earliest to latest.",object,look at,SEARCH,Agent attempts to look at an object that is not directly addressable.,"When an object is on another object, use 'look at [object] on [container]' or 'look at [container]'.",VALID_SAME_TRIAL,scienceworld_identify-life-stages-1_var_2,1,27-27,scienceworld_identify-life-stages-1_var_2,1,31-31
271,"Your task is to focus on the 4 life stages of the crocodile, starting from earliest to latest.",task,focus on,ANSWER,Agent attempts to answer a knowledge-based question by directly stating the answer.,Directly stating the answer is not a valid action; look for interactive objects or specific 'focus on' actions.,VALID_NEXT_TRIAL,scienceworld_identify-life-stages-1_var_2,3,3-3,scienceworld_identify-life-stages-1_var_2,5,47-47
272,"Your task is to focus on the 4 life stages of the crocodile, starting from earliest to latest.",painting,focus on,ANSWER,Agent attempts to 'focus on' an irrelevant object to answer a knowledge-based question.,"The 'focus on' action is specific to task-relevant objects, not generic objects.",VALID_NEXT_TRIAL,scienceworld_identify-life-stages-1_var_2,3,6-6,scienceworld_identify-life-stages-1_var_2,5,47-47
273,"Your task is to focus on the 4 life stages of the crocodile, starting from earliest to latest.",room,look at,SEARCH,Agent repeatedly searches irrelevant rooms for task information.,"If initial room searches are unproductive, expand search to all available rooms, including 'outside'.",VALID_NEXT_TRIAL,scienceworld_identify-life-stages-1_var_2,1,3-48,scienceworld_identify-life-stages-1_var_2,5,47-47
274,"Your task is to focus on the 4 life stages of the crocodile, starting from earliest to latest.",crocodile,look at,SEARCH,Agent misinterprets 'crocodile' as the adult stage when it refers to the egg.,"Verify object descriptions carefully; 'crocodile' can refer to the egg, not necessarily the adult.",CANDIDATE,scienceworld_identify-life-stages-1_var_2,6,7-7,scienceworld_identify-life-stages-1_var_2,7,47-47
275,"Your task is to focus on the 4 life stages of the crocodile, starting from earliest to latest.",shovel,look at,SEARCH,Agent fails to recognize that looking at a seemingly irrelevant object can reveal new objects.,"Interact with all objects, even seemingly irrelevant ones, as they might reveal hidden items or change the environment.",CANDIDATE,scienceworld_identify-life-stages-1_var_2,6,45-45,scienceworld_identify-life-stages-1_var_2,7,47-47
276,"Your task is to focus on the 4 life stages of the crocodile, starting from earliest to latest.",life stages,look at,ANSWER,Agent repeatedly 'looks at' identified life stages without completing the 'focus on' task.,"If 'look at' doesn't complete 'focus on', consider if the task requires a different action or a specific sequence of actions.",CANDIDATE,scienceworld_identify-life-stages-1_var_2,6,47-47,scienceworld_identify-life-stages-1_var_2,7,47-47
277,"Your task is to focus on the life stages of the apricot plant, starting from earliest to latest. The plants are located outside.","apricot plant, flower pot",focus,PROCEDURE,Agent incorrectly focuses on 'flower pot containing apricot seed and soil and water' as the second life stage.,"The second life stage is 'apricot tree in self watering flower pot 2', not the generic flower pot.",VALID_NEXT_TRIAL,scienceworld_identify-life-stages-2_var_1,1,10-11,scienceworld_identify-life-stages-2_var_1,2,6-7
278,"Your task is to focus on the life stages of the apricot plant, starting from earliest to latest. The plants are located outside.","apricot plant, flower pot",focus,PROCEDURE,Agent incorrectly focuses on 'flower pot containing apricot seed and soil and water' as the second life stage.,"The second life stage is 'apricot tree in self watering flower pot 2', not the generic flower pot.",VALID_NEXT_TRIAL,scienceworld_identify-life-stages-2_var_1,3,9-10,scienceworld_identify-life-stages-2_var_1,4,9-10
279,"Your task is to focus on the life stages of the apricot plant, starting from earliest to latest. The plants are located outside.","apricot plant, flower pot",focus,PROCEDURE,Agent incorrectly focuses on 'self watering flower pot 5' as the third life stage.,"The third life stage is 'apricot tree in self watering flower pot 8', not 'self watering flower pot 5'.",VALID_NEXT_TRIAL,scienceworld_identify-life-stages-2_var_1,5,7-8,scienceworld_identify-life-stages-2_var_1,6,7-8
280,"Your task is to focus on the life stages of the apricot plant, starting from earliest to latest. The plants are located outside.","apricot plant, flower pot",focus,PROCEDURE,Agent incorrectly focuses on 'flower pot containing apricot seed and soil and water' as the second life stage.,"The second life stage is 'apricot tree in self watering flower pot 2', not the generic flower pot.",VALID_NEXT_TRIAL,scienceworld_identify-life-stages-2_var_1,7,6-7,scienceworld_identify-life-stages-2_var_1,2,6-7
281,"Your task is to focus on the life stages of the avocado plant, starting from earliest to latest. The plants are located outside.","avocado seed, avocado tree, self watering flower pot",focus on,ANSWER,Attempted to focus on a descriptive stage name instead of the exact object name.,"Use the exact object name from the observation for the 'focus on' action, e.g., 'avocado tree in self watering flower pot 8'.",VALID_SAME_TRIAL,scienceworld_identify-life-stages-2_var_2,3,19-19,scienceworld_identify-life-stages-2_var_2,3,21-21
282,"Your task is to focus on the life stages of the avocado plant, starting from earliest to latest. The plants are located outside.","avocado seed, avocado tree, self watering flower pot",focus on,ANSWER,Attempted to focus on multiple objects in a single 'focus on' action.,Use separate 'focus on' actions for each object in the correct order to answer the task.,VALID_NEXT_TRIAL,scienceworld_identify-life-stages-2_var_2,2,31-31,scienceworld_identify-life-stages-2_var_2,3,23-24
283,"Your task is to focus on the life stages of the avocado plant, starting from earliest to latest. The plants are located outside.","avocado seed, avocado tree, self watering flower pot",focus on,ANSWER,Attempted to output the ordered list of life stages as a direct action or descriptive sentence.,The task requires using the 'focus on' action for each life stage in the specified order.,VALID_NEXT_TRIAL,scienceworld_identify-life-stages-2_var_2,2,33-33,scienceworld_identify-life-stages-2_var_2,3,23-24
284,"Your task is to determine which of the two inclined planes (C, B) has the steepest angle. After completing your experiment, focus on the inclined plane with the steepest angle.","inclined plane, room","go to, look around",SEARCH,Incorrectly assumed inclined planes were in the art studio or hallway.,Systematically search all accessible rooms for task-relevant objects.,VALID_SAME_TRIAL,scienceworld_inclined-plane-determine-angle_var_1,1,1-30,scienceworld_inclined-plane-determine-angle_var_1,1,31-34
285,"Your task is to determine which of the two inclined planes (C, B) has the steepest angle. After completing your experiment, focus on the inclined plane with the steepest angle.",room,go to,RECOVER,Attempted to go to a room directly without being in an adjacent room.,Always navigate to an adjacent room before attempting to enter a non-adjacent room.,VALID_SAME_TRIAL,scienceworld_inclined-plane-determine-angle_var_1,1,35-36,scienceworld_inclined-plane-determine-angle_var_1,1,37-40
286,"Your task is to determine which of the two inclined planes (C, B) has the steepest angle. After completing your experiment, focus on the inclined plane with the steepest angle.","inclined plane, block","move, look at",MEASURE,Failed to re-examine the environment after an action to observe changes.,"After moving an object, re-examine the object or its container to observe changes.",VALID_SAME_TRIAL,scienceworld_inclined-plane-determine-angle_var_1,1,47-48,scienceworld_inclined-plane-determine-angle_var_1,1,49-50
287,"Your task is to determine which of the two inclined planes (C, B) has the steepest angle. After completing your experiment, focus on the inclined plane with the steepest angle.","inclined plane, block","move, look around",VERIFY,Misinterpreted initial observation of block movement on inclined planes.,Re-examine the general environment after a series of actions to catch subtle changes in object states.,VALID_SAME_TRIAL,scienceworld_inclined-plane-determine-angle_var_1,1,61-62,scienceworld_inclined-plane-determine-angle_var_1,1,63-64
288,"Your task is to determine which of the two inclined planes (C, B) has the shallowest angle. After completing your experiment, focus on the inclined plane with the shallowest angle.",room,"go to, look around",SEARCH,Agent searches multiple irrelevant rooms before finding the correct room.,"Prioritize searching rooms that are likely to contain scientific equipment, such as the workshop.",VALID_SAME_TRIAL,scienceworld_inclined-plane-determine-angle_var_2,1,0-30,scienceworld_inclined-plane-determine-angle_var_2,1,31-32
289,"Your task is to determine which of the two inclined planes (C, B) has the shallowest angle. After completing your experiment, focus on the inclined plane with the shallowest angle.","inclined plane, brick","look at, move",MEASURE,"Agent attempts to determine angle by looking at inclined planes, which provides no useful information.",Use the brick to test the inclined planes and observe its movement to infer the angle.,VALID_SAME_TRIAL,scienceworld_inclined-plane-determine-angle_var_2,1,36-39,scienceworld_inclined-plane-determine-angle_var_2,1,40-41
290,"Your task is to determine which of the two inclined planes (C, B) has the shallowest angle. After completing your experiment, focus on the inclined plane with the shallowest angle.","inclined plane, brick, stopwatch","move, activate, deactivate, look at, focus on",MEASURE,Agent incorrectly assumes both inclined planes have the same angle based on qualitative observation.,Use the stopwatch to quantitatively measure the time it takes for the brick to slide down each inclined plane to determine the shallowest angle.,VALID_NEXT_TRIAL,scienceworld_inclined-plane-determine-angle_var_2,1,42-51,scienceworld_inclined-plane-determine-angle_var_2,3,10-19
291,"Your task is to determine which of the two inclined planes (C, B) has the shallowest angle. After completing your experiment, focus on the inclined plane with the shallowest angle.",stopwatch,"activate, deactivate, look at",VERIFY,Agent fails to look at the stopwatch after activating and deactivating it to get a reading.,Always look at the stopwatch after deactivating it to obtain the measured time.,VALID_SAME_TRIAL,scienceworld_inclined-plane-determine-angle_var_2,3,10-11,scienceworld_inclined-plane-determine-angle_var_2,3,12-12
292,"Your task is to determine which of the two inclined planes (paper, cloth) has the least friction. After completing your experiment, focus on the inclined plane with the least friction.","inclined plane, paper, cloth","look around, go to",SEARCH,"Agent searched for inclined planes in incorrect rooms (art studio, kitchen, living room, bedroom, greenhouse).",Systematically search all available rooms from the hallway to locate the required objects.,VALID_NEXT_TRIAL,scienceworld_inclined-plane-friction-named-surfaces_var_1,1,1-100,scienceworld_inclined-plane-friction-named-surfaces_var_1,2,25-30
293,"Your task is to determine which of the two inclined planes (paper, cloth) has the least friction. After completing your experiment, focus on the inclined plane with the least friction.","orange, inclined plane","put, take",PROCEDURE,Agent attempted to take an object from an inclined plane using an invalid action.,Use the generic 'take [object]' action to retrieve an object from any location.,VALID_SAME_TRIAL,scienceworld_inclined-plane-friction-named-surfaces_var_1,2,36-37,scienceworld_inclined-plane-friction-named-surfaces_var_1,2,38-39
294,"Your task is to determine which of the two inclined planes (paper, cloth) has the most friction. After completing your experiment, focus on the inclined plane with the most friction.","room, container","go to, open, look in",SEARCH,Agent searched empty containers in the kitchen before moving to other rooms.,"Prioritize searching rooms that are more likely to contain experimental equipment, like a workshop.",VALID_NEXT_TRIAL,scienceworld_inclined-plane-friction-named-surfaces_var_2,1,2-20,scienceworld_inclined-plane-friction-named-surfaces_var_2,2,20-23
295,"Your task is to determine which of the two inclined planes (paper, cloth) has the most friction. After completing your experiment, focus on the inclined plane with the most friction.",room,"go to, look around",SEARCH,"Agent searched irrelevant rooms (bathroom, art studio, bedroom, living room) for experiment items.","Focus search on rooms logically associated with scientific experiments, such as a workshop.",VALID_NEXT_TRIAL,scienceworld_inclined-plane-friction-named-surfaces_var_2,1,21-44,scienceworld_inclined-plane-friction-named-surfaces_var_2,2,20-23
296,"Your task is to determine which of the two inclined planes (paper, cloth) has the most friction. After completing your experiment, focus on the inclined plane with the most friction.","inclined plane, brick","put, move",PROCEDURE,Agent used 'put' instead of 'move' to place the brick on the inclined plane.,Use the 'move' action to place objects on other objects for experimental procedures.,VALID_NEXT_TRIAL,scienceworld_inclined-plane-friction-named-surfaces_var_2,1,48-48,scienceworld_inclined-plane-friction-named-surfaces_var_2,2,24-24
297,"Your task is to determine which of the two inclined planes (unknown material C, unknown material H) has the least friction. After completing your experiment, focus on the inclined plane with the least friction.","inclined plane, orange, stopwatch","move, activate, deactivate, focus on",PROCEDURE,Agent attempts to 'take orange from inclined plane' which is not a valid action.,Use 'move orange to inventory' to retrieve an object from an inclined plane.,VALID_SAME_TRIAL,scienceworld_inclined-plane-friction-unnamed-surfaces_var_1,1,20-20,scienceworld_inclined-plane-friction-unnamed-surfaces_var_1,1,22-22
298,"Your task is to determine which of the two inclined planes (unknown material C, unknown material H) has the least friction. After completing your experiment, focus on the inclined plane with the least friction.",inclined plane,focus on,ANSWER,"Agent repeatedly attempts to 'focus on' the correct inclined plane, but receives a negative score.",The 'focus on' action is not the correct way to submit the answer for this task.,CANDIDATE,scienceworld_inclined-plane-friction-unnamed-surfaces_var_1,1,26-26,scienceworld_inclined-plane-friction-unnamed-surfaces_var_1,1,26-26
299,"Your task is to determine which of the two inclined planes (unknown material C, unknown material H) has the least friction. After completing your experiment, focus on the inclined plane with the least friction.",room,"go to, look around",SEARCH,"Agent repeatedly searches for inclined planes in incorrect rooms (art studio, hallway).","Systematically check all available rooms, especially those related to experiments like the workshop.",VALID_SAME_TRIAL,scienceworld_inclined-plane-friction-unnamed-surfaces_var_1,2,4-10,scienceworld_inclined-plane-friction-unnamed-surfaces_var_1,2,11-11
300,"Your task is to determine which of the two inclined planes (unknown material C, unknown material H) has the least friction. After completing your experiment, focus on the inclined plane with the least friction.",inclined plane,"examine, look at",VERIFY,"Agent attempts to use 'examine' or 'look at' on objects to find the answer, which is not supported.","The task requires a specific 'focus on' action for the correct inclined plane, not general examination.",VALID_SAME_TRIAL,scienceworld_inclined-plane-friction-unnamed-surfaces_var_1,3,6-12,scienceworld_inclined-plane-friction-unnamed-surfaces_var_1,3,14-14
301,"Your task is to determine which of the two inclined planes (unknown material C, unknown material H) has the most friction. After completing your experiment, focus on the inclined plane with the most friction.","inclined plane, brick, orange","put, look at, examine, take",PROCEDURE,Agent assumes no movement if observation doesn't explicitly state it.,"After placing an object on an inclined plane, use 'examine inclined plane' to check for movement.",VALID_SAME_TRIAL,scienceworld_inclined-plane-friction-unnamed-surfaces_var_2,1,20-21,scienceworld_inclined-plane-friction-unnamed-surfaces_var_2,1,40-41
302,"Your task is to determine which of the two inclined planes (unknown material C, unknown material H) has the most friction. After completing your experiment, focus on the inclined plane with the most friction.","brick, inclined plane",take,RECOVER,Agent uses incorrect syntax to take an object from a surface.,"To take an object from a surface, use 'take [object]' instead of 'take [object] from [surface]'.",VALID_SAME_TRIAL,scienceworld_inclined-plane-friction-unnamed-surfaces_var_2,1,24-25,scienceworld_inclined-plane-friction-unnamed-surfaces_var_2,1,26-27
303,"Your task is to determine which of the two inclined planes (unknown material C, unknown material H) has the most friction. After completing your experiment, focus on the inclined plane with the most friction.",inclined plane,activate,PROCEDURE,Agent attempts to activate an object that is not activatable.,Verify if an object is activatable before attempting to activate it. Not all objects have an 'activate' action.,VALID_NEXT_TRIAL,scienceworld_inclined-plane-friction-unnamed-surfaces_var_2,1,34-35,scienceworld_inclined-plane-friction-unnamed-surfaces_var_2,2,1-19
304,"Your task is to determine which of the two inclined planes (unknown material C, unknown material H) has the most friction. After completing your experiment, focus on the inclined plane with the most friction.","inclined plane, brick, orange","look at, examine",VERIFY,"Agent fails to verify observations, leading to incorrect conclusions about friction.",Always use 'examine [object]' or 'examine [container]' to get detailed information about object states and locations.,VALID_NEXT_TRIAL,scienceworld_inclined-plane-friction-unnamed-surfaces_var_2,1,20-41,scienceworld_inclined-plane-friction-unnamed-surfaces_var_2,2,5-6
305,Your task is to find the animal with the longest life span. The animals are in the 'outside' location. Focus on the animal with the longest life span.,"animal, egg","look at, focus on",ANSWER,"Agent initially looks at the 'giant tortoise egg' but hesitates to focus on it, seeking the 'animal' instead.","When the exact animal is not present, focus on its closest representation (e.g., egg) if it's the correct answer.",VALID_SAME_TRIAL,scienceworld_lifespan-longest-lived_var_2,1,10-13,scienceworld_lifespan-longest-lived_var_2,1,16-17
306,"Your task is to find the animal with the longest life span, then the shortest life span. First, focus on the animal with the longest life span.  Then, focus on the animal with the shortest life span. The animals are in the 'outside' location.",room,go to,SEARCH,Agent went to living room instead of greenhouse to find 'outside' location.,"Prioritize rooms that are more likely to contain the target location, like a greenhouse for 'outside'.",VALID_SAME_TRIAL,scienceworld_lifespan-longest-lived-then-shortest-lived_var_1,1,7-10,scienceworld_lifespan-longest-lived-then-shortest-lived_var_1,1,13-16
307,"Your task is to find the animal with the longest life span, then the shortest life span. First, focus on the animal with the longest life span.  Then, focus on the animal with the shortest life span. The animals are in the 'outside' location.",animal,"examine, focus on",PROCEDURE,"Agent used 'examine' on animals, which did not provide lifespan information.",Use 'focus on' action to gather information about an animal's lifespan.,VALID_SAME_TRIAL,scienceworld_lifespan-longest-lived-then-shortest-lived_var_1,1,21-26,scienceworld_lifespan-longest-lived-then-shortest-lived_var_1,1,28-29
308,"Your task is to find the animal with the longest life span, then the shortest life span. First, focus on the animal with the longest life span.  Then, focus on the animal with the shortest life span. The animals are in the 'outside' location.",animal,focus on,PROCEDURE,"Agent repeatedly tried 'look at' and 'examine' actions to 'focus on' animals, but these actions did not register as task completion.",The 'focus on' action is implicitly achieved by the game when the animals reach their adult stage after sufficient time passes.,VALID_NEXT_TRIAL,scienceworld_lifespan-longest-lived-then-shortest-lived_var_2,1,4-7,scienceworld_lifespan-longest-lived-then-shortest-lived_var_2,6,47-48
309,"Your task is to find the animal with the longest life span, then the shortest life span. First, focus on the animal with the longest life span.  Then, focus on the animal with the shortest life span. The animals are in the 'outside' location.",animal,move,PROCEDURE,Agent incorrectly assumed 'move' action would fulfill the 'focus on' requirement for animals.,Moving animals to a location or inventory does not count as 'focusing on' them for task completion.,VALID_NEXT_TRIAL,scienceworld_lifespan-longest-lived-then-shortest-lived_var_2,2,26-27,scienceworld_lifespan-longest-lived-then-shortest-lived_var_2,6,47-48
310,"Your task is to find the animal with the longest life span, then the shortest life span. First, focus on the animal with the longest life span.  Then, focus on the animal with the shortest life span. The animals are in the 'outside' location.",room,go to,RECOVER,"Agent repeatedly moved between rooms without checking for environmental changes, wasting turns.","After moving between rooms to advance time, always 'look around' to check for changes in animal names or environment.",VALID_SAME_TRIAL,scienceworld_lifespan-longest-lived-then-shortest-lived_var_2,6,2-3,scienceworld_lifespan-longest-lived-then-shortest-lived_var_2,6,47-48
311,Your task is to find the animal with the shortest life span. The animals are in the 'outside' location. Focus on the animal with the shortest life span.,animal,focus on,ANSWER,"Agent attempts various actions like 'look at', 'examine', 'take', 'move', and 'eat' to 'focus on' the animal.","The task requires the explicit 'focus on [animal]' action, not indirect interactions.",CANDIDATE,scienceworld_lifespan-shortest-lived_var_2,1,6-10,scienceworld_lifespan-shortest-lived_var_2,1,11-11
312,"Your task is to measure the melting point of chocolate, which is located around the kitchen. First, focus on the thermometer. Next, focus on the chocolate. If the melting point of chocolate is above -10.0 degrees celsius, focus on the orange box. If the melting point of chocolate is below -10.0 degrees celsius, focus on the yellow box. The boxes are located around the kitchen.","substance, container","look around, open, look in",ACQUIRE,"Agent did not immediately find the chocolate, which was inside a closed container.","When an object is not immediately visible, check inside closed containers like the fridge, freezer, or cupboards.",VALID_SAME_TRIAL,scienceworld_measure-melting-point-known-substance_var_2,1,6-7,scienceworld_measure-melting-point-known-substance_var_2,1,8-11
313,"Your task is to measure the melting point of liquid unknown substance J, which is located around the kitchen. First, focus on the thermometer. Next, focus on the liquid unknown substance J. If the melting point of liquid unknown substance J is above 200.0 degrees celsius, focus on the yellow box. If the melting point of liquid unknown substance J is below 200.0 degrees celsius, focus on the purple box. The boxes are located around the kitchen.","thermometer, substance, box",focus,MEASURE,Agent assumes melting point without explicit measurement action.,Explicitly measure the melting point using available tools or actions before making assumptions.,CANDIDATE,scienceworld_measure-melting-point-unknown-substance_var_2,1,4-6,scienceworld_measure-melting-point-unknown-substance_var_2,1,7-7
314,"Your task is to melt water. First, focus on the substance. Then, take actions that will cause it to change its state of matter.",room,go,SEARCH,"Agent searched for water in the art studio, which does not contain water.","When searching for water, prioritize rooms like the kitchen or greenhouse.",VALID_SAME_TRIAL,scienceworld_melt_var_1,1,0-13,scienceworld_melt_var_1,1,14-15
315,"Your task is to melt water. First, focus on the substance. Then, take actions that will cause it to change its state of matter.",container,"take, move",ACQUIRE,Agent repeatedly tried invalid 'take' or 'move to inventory' actions for a container.,Always check valid actions for the correct phrasing to move an object to inventory.,VALID_SAME_TRIAL,scienceworld_melt_var_1,2,6-18,scienceworld_melt_var_1,2,19-20
316,"Your task is to melt water. First, focus on the substance. Then, take actions that will cause it to change its state of matter.","container, water source","fill, pour",ACQUIRE,Agent repeatedly tried invalid 'fill' or 'pour' actions to get water into a container.,"To fill a container from a water source, first move the container to the water source.",VALID_NEXT_TRIAL,scienceworld_melt_var_1,2,21-47,scienceworld_melt_var_1,3,45-46
317,"Your task is to melt water. First, focus on the substance. Then, take actions that will cause it to change its state of matter.",heat source,activate,PROCEDURE,Agent attempted to activate a broken stove to heat water.,"If a heat source is broken, try an alternative heat source like the oven.",VALID_SAME_TRIAL,scienceworld_melt_var_1,3,40-41,scienceworld_melt_var_1,3,42-48
318,"Your task is to melt water. First, focus on the substance. Then, take actions that will cause it to change its state of matter.","container, heat source",move,PROCEDURE,Agent tried to move a container into a closed oven.,Always open a container or appliance before attempting to place items inside.,VALID_NEXT_TRIAL,scienceworld_melt_var_1,3,42-43,scienceworld_melt_var_1,6,25-26
319,"Your task is to melt water. First, focus on the substance. Then, take actions that will cause it to change its state of matter.",container,"take, move",ACQUIRE,Agent repeatedly tried invalid 'take' or 'move to inventory' actions for a container.,Always check valid actions for the correct phrasing to move an object to inventory.,VALID_SAME_TRIAL,scienceworld_melt_var_1,4,4-47,scienceworld_melt_var_1,4,48-49
320,"Your task is to melt water. First, focus on the substance. Then, take actions that will cause it to change its state of matter.","container, water source","fill, pour",ACQUIRE,Agent repeatedly tried invalid 'fill' or 'pour' actions to get water into a container.,"To fill a container from a water source, first move the container to the water source.",VALID_NEXT_TRIAL,scienceworld_melt_var_1,4,4-47,scienceworld_melt_var_1,6,22-23
321,"Your task is to melt water. First, focus on the substance. Then, take actions that will cause it to change its state of matter.",room,go,SEARCH,"Agent attempted to go to the bathroom directly from the hallway, which is not a valid action.",Always check valid actions for room transitions; some rooms require specific door actions.,VALID_SAME_TRIAL,scienceworld_melt_var_1,7,38-39,scienceworld_melt_var_1,7,40-41
322,"Your task is to melt water. First, focus on the substance. Then, take actions that will cause it to change its state of matter.",room,go,SEARCH,"Agent attempted to go to the greenhouse directly from the workshop, which is not a valid action.",Always return to the hallway before attempting to enter a different room.,VALID_SAME_TRIAL,scienceworld_melt_var_1,7,48-49,scienceworld_melt_var_1,7,50-51
323,"Your task is to melt water. First, focus on the substance. Then, take actions that will cause it to change its state of matter.","container, water",pour,ACQUIRE,Agent repeatedly tried incorrect 'pour' action syntax for water from toilet into cup.,"To pour water from the toilet into a cup, first move the cup to the toilet, then activate the toilet.",VALID_NEXT_TRIAL,scienceworld_melt_var_2,1,29-46,scienceworld_melt_var_2,3,27-30
324,"Your task is to melt water. First, focus on the substance. Then, take actions that will cause it to change its state of matter.",container,"take, move",ACQUIRE,Agent repeatedly used incorrect 'take' action syntax for a cup from the table.,"Use the 'move [object] to inventory' action to pick up objects, not 'take [object] from [location]'.",VALID_NEXT_TRIAL,scienceworld_melt_var_2,2,13-25,scienceworld_melt_var_2,3,23-24
325,"Your task is to melt water. First, focus on the substance. Then, take actions that will cause it to change its state of matter.",container,move,ACQUIRE,Agent failed to correctly respond to an ambiguous request for moving a cup.,"When prompted with an ambiguous request, enter the corresponding number immediately, without additional text.",VALID_NEXT_TRIAL,scienceworld_melt_var_2,4,29-44,scienceworld_melt_var_2,5,39-40
326,"Your task is to melt water. First, focus on the substance. Then, take actions that will cause it to change its state of matter.","water, freezer",freeze,PROCEDURE,Agent repeatedly checked freezer without sufficient time for water to freeze into ice.,"To advance time for freezing, deactivate and reactivate the stopwatch after placing the water in the freezer.",VALID_NEXT_TRIAL,scienceworld_melt_var_2,3,33-48,scienceworld_melt_var_2,6,40-45
327,"Your task is to determine whether tall plant height is a dominant or recessive trait in the pea plant. If the trait is dominant, focus on the green box. If the trait is recessive, focus on the blue box.","room, container","go to, look in, open",SEARCH,Agent searched irrelevant rooms and containers for information.,"Prioritize rooms and objects directly related to the task description (e.g., living room for books, greenhouse for plants).",VALID_NEXT_TRIAL,scienceworld_mendelian-genetics-known-plant_var_1,1,0-48,scienceworld_mendelian-genetics-known-plant_var_1,2,0-3
328,"Your task is to determine whether tall plant height is a dominant or recessive trait in the pea plant. If the trait is dominant, focus on the green box. If the trait is recessive, focus on the blue box.","pea seed, seed jar","look at, take, open",SEARCH,Agent repeatedly tried to interact with pea seeds and seed jar without success.,"If direct interaction with an object fails, re-evaluate the strategy and consider alternative actions or objects.",VALID_SAME_TRIAL,scienceworld_mendelian-genetics-known-plant_var_1,1,14-48,scienceworld_mendelian-genetics-known-plant_var_1,2,18-24
329,"Your task is to determine whether tall plant height is a dominant or recessive trait in the pea plant. If the trait is dominant, focus on the green box. If the trait is recessive, focus on the blue box.",box,"look at, focus on",ANSWER,Agent looked at green/blue boxes but didn't realize 'focus on' was the required action.,"When task specifies 'focus on' a specific object, use the 'focus on' action directly.",VALID_NEXT_TRIAL,scienceworld_mendelian-genetics-known-plant_var_1,1,28-33,scienceworld_mendelian-genetics-known-plant_var_1,2,24-25
330,"Your task is to determine whether tall plant height is a dominant or recessive trait in the pea plant. If the trait is dominant, focus on the blue box. If the trait is recessive, focus on the orange box.","seed, flower pot","look at, look in, put",SEARCH,Agent repeatedly looked at objects without looking inside them for information.,"When searching for information, use 'look in' action for containers like seed jars or flower pots.",VALID_NEXT_TRIAL,scienceworld_mendelian-genetics-known-plant_var_2,1,10-13,scienceworld_mendelian-genetics-known-plant_var_2,4,40-41
331,"Your task is to determine whether tall plant height is a dominant or recessive trait in the pea plant. If the trait is dominant, focus on the blue box. If the trait is recessive, focus on the orange box.",object,look at,SEARCH,Agent attempted to 'look at' a sub-object directly instead of its parent container.,"To inspect sub-objects, first examine the parent object or use 'look in' on the container.",VALID_SAME_TRIAL,scienceworld_mendelian-genetics-known-plant_var_2,2,24-25,scienceworld_mendelian-genetics-known-plant_var_2,2,22-23
332,"Your task is to determine whether tall plant height is a dominant or recessive trait in the pea plant. If the trait is dominant, focus on the blue box. If the trait is recessive, focus on the orange box.",drawer,"look at, open",SEARCH,Agent repeatedly tried to 'look at' or 'open' a drawer when the correct action was 'open drawer'.,Pay close attention to valid actions for opening containers; use the exact phrasing provided.,VALID_SAME_TRIAL,scienceworld_mendelian-genetics-known-plant_var_2,3,34-37,scienceworld_mendelian-genetics-known-plant_var_2,3,38-39
333,"Your task is to determine whether tall plant height is a dominant or recessive trait in the pea plant. If the trait is dominant, focus on the blue box. If the trait is recessive, focus on the orange box.",bee,look at,SEARCH,"Agent attempted to 'look at' a bee directly, which was not a valid action.",Only interact with objects listed in the valid actions or explicitly described as interactable.,VALID_SAME_TRIAL,scienceworld_mendelian-genetics-known-plant_var_2,6,40-41,scienceworld_mendelian-genetics-known-plant_var_2,6,38-39
334,"Your task is to determine whether tall plant height is a dominant or recessive trait in the pea plant. If the trait is dominant, focus on the blue box. If the trait is recessive, focus on the orange box.",bee,look at,SEARCH,"Agent attempted to 'look at' a bee inside a hive, which was not a valid action.",Focus on the container to inspect its contents; direct interaction with contained objects may not be supported.,VALID_SAME_TRIAL,scienceworld_mendelian-genetics-known-plant_var_2,6,44-45,scienceworld_mendelian-genetics-known-plant_var_2,6,42-43
335,"Your task is to determine whether tall plant height is a dominant or recessive trait in the pea plant. If the trait is dominant, focus on the blue box. If the trait is recessive, focus on the orange box.","room, object","go to, look at, look in",SEARCH,Agent repeatedly searched all rooms and objects without finding the required information.,"When explicit information is not found, consider performing actions to generate new information, like planting seeds.",VALID_NEXT_TRIAL,scienceworld_mendelian-genetics-known-plant_var_2,1,0-14,scienceworld_mendelian-genetics-known-plant_var_2,6,48-49
336,"Your task is to determine whether blue seed color is a dominant or recessive trait in the unknown E plant. If the trait is dominant, focus on the green box. If the trait is recessive, focus on the blue box.","seed, seed jar",take,ACQUIRE,Agent tried to take seed from seed jar using an invalid action format.,Use the simplified 'take [item]' action when the item is directly visible and not nested in a complex container.,VALID_NEXT_TRIAL,scienceworld_mendelian-genetics-unknown-plant_var_1,1,8-14,scienceworld_mendelian-genetics-unknown-plant_var_1,2,28-29
337,"Your task is to determine whether blue seed color is a dominant or recessive trait in the unknown E plant. If the trait is dominant, focus on the green box. If the trait is recessive, focus on the blue box.","seed, flower pot","plant, put",PROCEDURE,Agent used an invalid 'plant' action to place seeds in flower pots.,Use the 'put [seed] in [flower pot]' action to plant seeds in flower pots.,VALID_SAME_TRIAL,scienceworld_mendelian-genetics-unknown-plant_var_1,2,32-33,scienceworld_mendelian-genetics-unknown-plant_var_1,2,36-37
338,"Your task is to determine whether blue seed color is a dominant or recessive trait in the unknown E plant. If the trait is dominant, focus on the green box. If the trait is recessive, focus on the blue box.","jug, sink, water","fill, take, pour",PROCEDURE,Agent repeatedly tried invalid actions to fill the jug with water from the sink.,"To fill the jug, first 'take jug' to inventory, then 'put jug in sink'. The jug will automatically fill.",VALID_NEXT_TRIAL,scienceworld_mendelian-genetics-unknown-plant_var_1,2,40-48,scienceworld_mendelian-genetics-unknown-plant_var_1,4,44-45
339,"Your task is to determine whether blue seed color is a dominant or recessive trait in the unknown E plant. If the trait is dominant, focus on the green box. If the trait is recessive, focus on the blue box.","plant, bee hive","open, close",PROCEDURE,Agent repeatedly looked around and waited for plants to grow without taking action.,Open and close the bee hive to trigger plant growth from seedling to mature plant.,VALID_NEXT_TRIAL,scienceworld_mendelian-genetics-unknown-plant_var_1,2,38-39,scienceworld_mendelian-genetics-unknown-plant_var_1,5,40-41
340,"Your task is to determine whether blue seed color is a dominant or recessive trait in the unknown E plant. If the trait is dominant, focus on the green box. If the trait is recessive, focus on the blue box.","bee, flower pot",move,PROCEDURE,Agent failed to select a number for an ambiguous 'move adult bee' request.,"When prompted with ambiguous requests, always enter the corresponding number for the intended action.",VALID_SAME_TRIAL,scienceworld_mendelian-genetics-unknown-plant_var_1,5,44-45,scienceworld_mendelian-genetics-unknown-plant_var_1,5,48-49
341,"Your task is to determine whether blue seed color is a dominant or recessive trait in the unknown E plant. If the trait is dominant, focus on the blue box. If the trait is recessive, focus on the orange box.","jug, sink","fill, pour",ACQUIRE,Agent repeatedly tries invalid actions to fill jug from sink.,"To fill a jug from a sink, first activate the sink, then put the jug in the sink. The jug will automatically fill.",VALID_SAME_TRIAL,scienceworld_mendelian-genetics-unknown-plant_var_2,1,28-40,scienceworld_mendelian-genetics-unknown-plant_var_2,1,41-44
342,"Your task is to determine whether blue seed color is a dominant or recessive trait in the unknown E plant. If the trait is dominant, focus on the blue box. If the trait is recessive, focus on the orange box.","seed, seed jar",take,ACQUIRE,Agent repeatedly tries to take seeds from seed jar using invalid syntax.,"To take seeds from a seed jar, use the action 'take [seed name]' directly, as seeds are considered objects in the room.",VALID_SAME_TRIAL,scienceworld_mendelian-genetics-unknown-plant_var_2,2,6-12,scienceworld_mendelian-genetics-unknown-plant_var_2,2,13-16
343,"Your task is to determine whether blue seed color is a dominant or recessive trait in the unknown E plant. If the trait is dominant, focus on the blue box. If the trait is recessive, focus on the orange box.","seed, flower pot",plant,PROCEDURE,Agent uses invalid 'plant' action instead of 'put' to place seeds in flower pots.,Use the 'put [seed] in [flower pot]' action to plant seeds in flower pots.,VALID_SAME_TRIAL,scienceworld_mendelian-genetics-unknown-plant_var_2,2,19-19,scienceworld_mendelian-genetics-unknown-plant_var_2,2,21-24
344,"Your task is to determine whether blue seed color is a dominant or recessive trait in the unknown E plant. If the trait is dominant, focus on the blue box. If the trait is recessive, focus on the orange box.",plant,wait,PROCEDURE,Agent repeatedly attempts to use empty action instead of 'wait' to advance plant growth.,"To advance time for plant growth, explicitly use the 'wait' action.",VALID_SAME_TRIAL,scienceworld_mendelian-genetics-unknown-plant_var_2,2,26-32,scienceworld_mendelian-genetics-unknown-plant_var_2,2,33-33
345,"Your task is to determine whether blue seed color is a dominant or recessive trait in the unknown E plant. If the trait is dominant, focus on the blue box. If the trait is recessive, focus on the orange box.",plant,cross-pollinate,PROCEDURE,Agent attempts to cross-pollinate plants using invalid actions.,Cross-pollination is not a direct action. Open the bee hive and wait for bees to pollinate plants automatically.,VALID_NEXT_TRIAL,scienceworld_mendelian-genetics-unknown-plant_var_2,2,35-37,scienceworld_mendelian-genetics-unknown-plant_var_2,4,30-30
346,"Your task is to determine whether blue seed color is a dominant or recessive trait in the unknown E plant. If the trait is dominant, focus on the blue box. If the trait is recessive, focus on the orange box.","seed, seed jar",take,ACQUIRE,Agent repeatedly tries to take seeds from seed jar using invalid syntax.,"To take seeds from a seed jar, use the action 'take [seed name]' directly, as seeds are considered objects in the room.",VALID_SAME_TRIAL,scienceworld_mendelian-genetics-unknown-plant_var_2,3,6-12,scienceworld_mendelian-genetics-unknown-plant_var_2,3,13-16
347,"Your task is to determine whether blue seed color is a dominant or recessive trait in the unknown E plant. If the trait is dominant, focus on the blue box. If the trait is recessive, focus on the orange box.",plant,wait,PROCEDURE,Agent repeatedly attempts to use empty action instead of 'wait' to advance plant growth.,"To advance time for plant growth, explicitly use the 'wait' action.",VALID_SAME_TRIAL,scienceworld_mendelian-genetics-unknown-plant_var_2,3,20-26,scienceworld_mendelian-genetics-unknown-plant_var_2,3,27-27
348,"Your task is to determine whether blue seed color is a dominant or recessive trait in the unknown E plant. If the trait is dominant, focus on the blue box. If the trait is recessive, focus on the orange box.",plant,wait,PROCEDURE,Agent repeatedly attempts to use empty action instead of 'wait' to advance plant growth.,"To advance time for plant growth, explicitly use the 'wait' action.",VALID_NEXT_TRIAL,scienceworld_mendelian-genetics-unknown-plant_var_2,3,30-36,scienceworld_mendelian-genetics-unknown-plant_var_2,4,20-20
349,"Your task is to determine whether blue seed color is a dominant or recessive trait in the unknown E plant. If the trait is dominant, focus on the blue box. If the trait is recessive, focus on the orange box.",plant,cross-pollinate,PROCEDURE,Agent attempts to cross-pollinate plants using invalid actions.,Cross-pollination is not a direct action. Open the bee hive and wait for bees to pollinate plants automatically.,VALID_SAME_TRIAL,scienceworld_mendelian-genetics-unknown-plant_var_2,4,26-29,scienceworld_mendelian-genetics-unknown-plant_var_2,4,30-30
350,"Your task is to determine whether blue seed color is a dominant or recessive trait in the unknown E plant. If the trait is dominant, focus on the blue box. If the trait is recessive, focus on the orange box.",plant,wait,PROCEDURE,Agent repeatedly attempts to use empty action instead of 'wait' to advance plant growth.,"To advance time for plant growth, explicitly use the 'wait' action.",VALID_SAME_TRIAL,scienceworld_mendelian-genetics-unknown-plant_var_2,4,32-38,scienceworld_mendelian-genetics-unknown-plant_var_2,4,39-39
351,"Your task is to turn on the red light bulb. First, focus on the red light bulb. Then, create an electrical circuit that powers it on.",room,go to,SEARCH,Agent searched for electrical components in the wrong room (art studio).,"Electrical components are typically found in the workshop, not the art studio.",VALID_SAME_TRIAL,scienceworld_power-component_var_1,1,1-15,scienceworld_power-component_var_1,1,30-31
352,"Your task is to turn on the red light bulb. First, focus on the red light bulb. Then, create an electrical circuit that powers it on.","wire, battery",connect,PROCEDURE,Agent attempted to connect a wire without specifying the terminal.,"When connecting wires, specify the terminal (e.g., 'terminal 1') for unpolarized components.",VALID_SAME_TRIAL,scienceworld_power-component_var_1,1,38-39,scienceworld_power-component_var_1,1,41-42
353,"Your task is to turn on the red light bulb. First, focus on the red light bulb. Then, create an electrical circuit that powers it on.","wire, battery, light bulb, switch, nuclear generator","connect, activate",PROCEDURE,"Agent failed to activate the nuclear generator, which is the primary power source.",Ensure the nuclear generator is activated to provide power to the circuit.,VALID_SAME_TRIAL,scienceworld_power-component_var_1,1,48-49,scienceworld_power-component_var_1,1,70-71
354,"Your task is to turn on the red light bulb. First, focus on the red light bulb. Then, create an electrical circuit that powers it on.","wire, battery, light bulb, switch, nuclear generator","connect, activate",PROCEDURE,Agent incorrectly assumed the battery was the primary power source and connected wires to it.,"The nuclear generator is the primary power source; connect the circuit to it, not the battery.",VALID_NEXT_TRIAL,scienceworld_power-component_var_1,1,41-42,scienceworld_power-component_var_1,4,36-37
355,"Your task is to turn on the red light bulb. First, focus on the red light bulb. Then, create an electrical circuit that powers it on.","wire, component",disconnect,RECOVER,"Agent attempted to disconnect wires, but no 'disconnect' action is available.",Wires cannot be disconnected once connected; plan connections carefully to avoid restarting.,CANDIDATE,scienceworld_power-component_var_1,1,54-55,scienceworld_power-component_var_1,1,56-57
356,"Your task is to turn on the red light bulb. First, focus on the red light bulb. Then, create an electrical circuit that powers it on.",room,go to,SEARCH,"Agent repeatedly searched for electrical components in the art studio, which does not contain them.","Electrical components are located in the workshop, not the art studio. Go directly to the workshop.",VALID_SAME_TRIAL,scienceworld_power-component_var_1,6,1-100,scienceworld_power-component_var_1,6,101-102
357,"Your task is to turn on the red light bulb. First, focus on the red light bulb. Then, create an electrical circuit that powers it on.","wire, battery, switch","connect, disconnect",PROCEDURE,Attempted to connect a wire terminal that was already connected without explicitly disconnecting it first.,"To disconnect a wire, move the wire to inventory. This implicitly disconnects all its terminals.",VALID_NEXT_TRIAL,scienceworld_power-component_var_2,1,40-40,scienceworld_power-component_var_2,2,40-41
358,"Your task is to turn on the red light bulb. First, focus on the red light bulb. Then, create an electrical circuit that powers it on.",switch,connect,PROCEDURE,Attempted to connect a wire to a switch without specifying anode/cathode.,"When connecting to a switch, specify 'anode in switch' or 'cathode in switch'.",VALID_SAME_TRIAL,scienceworld_power-component_var_2,1,44-44,scienceworld_power-component_var_2,1,48-48
359,"Your task is to turn on the red light bulb. First, focus on the red light bulb. Then, create an electrical circuit that powers it on.",room,go to,SEARCH,"Explored irrelevant rooms (living room, bedroom, art studio) before finding the workshop.","Prioritize searching rooms likely to contain electrical components, such as the workshop.",VALID_SAME_TRIAL,scienceworld_power-component_var_2,1,4-24,scienceworld_power-component_var_2,1,26-26
360,"Your task is to turn on the red light bulb. First, focus on the red light bulb. Then, create an electrical circuit that powers it on.","drawer, cupboard","open, look in",SEARCH,Repeatedly attempted to open a drawer in a cupboard without opening the cupboard first.,Open the container (cupboard) before attempting to open or look inside sub-containers (drawer in cupboard).,VALID_SAME_TRIAL,scienceworld_power-component_var_2,3,10-16,scienceworld_power-component_var_2,3,18-22
361,"Your task is to turn on the red light bulb. First, focus on the red light bulb. Then, create an electrical circuit that powers it on.","battery, wire, switch, light bulb","connect, activate",PROCEDURE,"Incorrectly connected the circuit, resulting in the light bulb remaining off.",Ensure all components are correctly connected in a closed loop: power source anode -> wire -> switch anode -> switch cathode -> wire -> light bulb anode. Light bulb cathode -> power source cathode.,CANDIDATE,scienceworld_power-component_var_2,4,34-48,scienceworld_power-component_var_2,4,34-48
362,"Your task is to turn on the red light bulb. First, focus on the red light bulb. Then, create an electrical circuit that powers it on.","wire, battery",disconnect,RECOVER,Repeatedly attempted to disconnect components using invalid 'disconnect' actions.,"To disconnect a component, move it to inventory. This implicitly disconnects all its terminals.",VALID_NEXT_TRIAL,scienceworld_power-component_var_2,7,40-48,scienceworld_power-component_var_2,2,40-41
363,"Your task is to turn on the red light bulb by powering it using a nonrenewable power source. First, focus on the red light bulb. Then, create an electrical circuit that powers it on.","wire, electrical component",connect,PROCEDURE,Attempted to connect wire without specifying terminal.,Always specify both the wire's terminal and the component's terminal when connecting electrical components.,VALID_SAME_TRIAL,scienceworld_power-component-renewable-vs-nonrenewable-energy_var_1,1,30-30,scienceworld_power-component-renewable-vs-nonrenewable-energy_var_1,1,33-33
364,"Your task is to turn on the red light bulb by powering it using a nonrenewable power source. First, focus on the red light bulb. Then, create an electrical circuit that powers it on.","wire, electrical component",disconnect,RECOVER,Incorrect syntax for disconnecting wires.,"To disconnect a wire, use the 'take <wire>' action, which automatically disconnects it.",VALID_SAME_TRIAL,scienceworld_power-component-renewable-vs-nonrenewable-energy_var_1,1,42-47,scienceworld_power-component-renewable-vs-nonrenewable-energy_var_1,1,48-48
365,"Your task is to turn on the red light bulb by powering it using a nonrenewable power source. First, focus on the red light bulb. Then, create an electrical circuit that powers it on.","wire, electrical component",take,ACQUIRE,"Taking an already connected wire disconnects it, disrupting the circuit.",Avoid taking wires that are already part of a connected circuit unless intentional disconnection is desired.,VALID_SAME_TRIAL,scienceworld_power-component-renewable-vs-nonrenewable-energy_var_1,2,26-26,scienceworld_power-component-renewable-vs-nonrenewable-energy_var_1,2,27-27
366,"Your task is to turn on the red light bulb by powering it using a nonrenewable power source. First, focus on the red light bulb. Then, create an electrical circuit that powers it on.","wire, switch",connect,PROCEDURE,Attempted to connect wire to switch using generic terminal names.,"When connecting to a switch, use 'anode' and 'cathode' as terminal names, not 'terminal 1' or 'terminal 2'.",VALID_SAME_TRIAL,scienceworld_power-component-renewable-vs-nonrenewable-energy_var_1,2,16-16,scienceworld_power-component-renewable-vs-nonrenewable-energy_var_1,2,22-22
367,"Your task is to turn on the red light bulb by powering it using a renewable power source. First, focus on the red light bulb. Then, create an electrical circuit that powers it on.","wind generator, red light bulb, switch, wire","connect, activate",PROCEDURE,"Agent incorrectly connected wind generator directly to red light bulb, bypassing the switch.","Connect the wind generator to the switch, then the switch to the red light bulb, and finally the red light bulb back to the wind generator to form a complete series circuit.",VALID_NEXT_TRIAL,scienceworld_power-component-renewable-vs-nonrenewable-energy_var_2,1,40-43,scienceworld_power-component-renewable-vs-nonrenewable-energy_var_2,2,10-20
368,"Your task is to turn on the red light bulb by powering it using a renewable power source. First, focus on the red light bulb. Then, create an electrical circuit that powers it on.","wind generator, switch",activate,PROCEDURE,"Agent attempted to activate the wind generator directly, which is not an activatable object.",The wind generator is a passive power source; it does not require activation. Ensure the circuit is complete and the switch is on.,VALID_NEXT_TRIAL,scienceworld_power-component-renewable-vs-nonrenewable-energy_var_2,1,46-46,scienceworld_power-component-renewable-vs-nonrenewable-energy_var_2,2,40-40
369,"Your task is to turn on the red light bulb by powering it using a renewable power source. First, focus on the red light bulb. Then, create an electrical circuit that powers it on.","wire, component",connect,PROCEDURE,Agent repeatedly failed to connect wires due to misunderstanding implicit disconnection mechanics.,"To disconnect a wire, connect it to a new component. The game implicitly disconnects the previous connection when a new one is made.",VALID_NEXT_TRIAL,scienceworld_power-component-renewable-vs-nonrenewable-energy_var_2,1,52-82,scienceworld_power-component-renewable-vs-nonrenewable-energy_var_2,3,40-41
370,"Your task is to turn on the red light bulb by powering it using a renewable power source. First, focus on the red light bulb. Then, create an electrical circuit that powers it on.",wind generator,move,ACQUIRE,Agent attempted to move the wind generator directly to 'outside' without putting it in inventory first.,"To move an object to a different room, first move it to inventory, then go to the new room, and finally move it from inventory to the new room.",VALID_SAME_TRIAL,scienceworld_power-component-renewable-vs-nonrenewable-energy_var_2,7,40-40,scienceworld_power-component-renewable-vs-nonrenewable-energy_var_2,7,43-43
371,"Your task is to determine if aluminum foil is electrically conductive. The aluminum foil is located around the workshop. First, focus on the aluminum foil. If it is electrically conductive, place it in the blue box. If it is electrically nonconductive, place it in the orange box.","aluminum foil, battery, wire, light bulb","connect, disconnect, focus",PROCEDURE,Attempted to test conductivity by building a circuit instead of using 'focus' action.,"The 'focus' action on the target object directly determines its property (e.g., conductivity) as per task instructions.",VALID_NEXT_TRIAL,scienceworld_test-conductivity_var_2,1,34-49,scienceworld_test-conductivity_var_2,2,3-4
372,"Your task is to determine if aluminum foil is electrically conductive. The aluminum foil is located around the workshop. First, focus on the aluminum foil. If it is electrically conductive, place it in the blue box. If it is electrically nonconductive, place it in the orange box.","wire, battery, light bulb",disconnect,RECOVER,"Incorrect syntax for 'disconnect' action, leading to repeated failures.",Review valid actions or previous successful actions to determine correct syntax for 'disconnect' action.,CANDIDATE,scienceworld_test-conductivity_var_2,1,40-49,scienceworld_test-conductivity_var_2,1,40-49
373,"Your task is to determine if unknown substance B is electrically conductive. The unknown substance B is located around the workshop. First, focus on the unknown substance B. If it is electrically conductive, place it in the green box. If it is electrically nonconductive, place it in the blue box.","wire, battery, switch, light bulb, substance","connect, disconnect",PROCEDURE,Agent repeatedly failed to disconnect electrical components due to incorrect action phrasing.,"To disconnect a component, use the action 'disconnect [component name]' (e.g., 'disconnect red wire').",VALID_NEXT_TRIAL,scienceworld_test-conductivity-of-unknown-substances_var_1,1,40-48,scienceworld_test-conductivity-of-unknown-substances_var_1,3,20-21
374,"Your task is to determine if unknown substance B is electrically conductive. The unknown substance B is located around the workshop. First, focus on the unknown substance B. If it is electrically conductive, place it in the green box. If it is electrically nonconductive, place it in the blue box.","wire, battery",connect,PROCEDURE,Agent failed to specify the terminal when connecting an unpolarized wire to a polarized battery.,"When connecting an unpolarized wire to a polarized component, specify the wire's terminal and the component's pole (e.g., 'connect red wire terminal 1 to battery anode').",VALID_SAME_TRIAL,scienceworld_test-conductivity-of-unknown-substances_var_1,6,10-13,scienceworld_test-conductivity-of-unknown-substances_var_1,6,14-15
375,"Your task is to determine if unknown substance B is electrically conductive. The unknown substance B is located around the workshop. First, focus on the unknown substance B. If it is electrically conductive, place it in the green box. If it is electrically nonconductive, place it in the blue box.","wire, switch",connect,PROCEDURE,Agent failed to specify the correct connection point (anode/cathode) for a switch.,Examine components to identify their connection points (anode/cathode for switches). Use 'connect [wire terminal] to [component pole]'.,VALID_SAME_TRIAL,scienceworld_test-conductivity-of-unknown-substances_var_1,6,16-17,scienceworld_test-conductivity-of-unknown-substances_var_1,6,18-21
376,"Your task is to determine if unknown substance B is electrically conductive. The unknown substance B is located around the workshop. First, focus on the unknown substance B. If it is electrically conductive, place it in the green box. If it is electrically nonconductive, place it in the blue box.","switch, substance, wire",connect,PROCEDURE,"Agent struggled to connect a switch to the unknown substance B, incorrectly assuming it had anode/cathode terminals.","Connect wires to the unknown substance directly, specifying the wire's terminal and the substance (e.g., 'connect yellow wire terminal 2 to unknown substance').",VALID_SAME_TRIAL,scienceworld_test-conductivity-of-unknown-substances_var_1,6,22-23,scienceworld_test-conductivity-of-unknown-substances_var_1,6,26-27
377,"Your task is to determine if unknown substance B is electrically conductive. The unknown substance B is located around the workshop. First, focus on the unknown substance B. If it is electrically conductive, place it in the green box. If it is electrically nonconductive, place it in the blue box.","battery, switch, wire",connect,PROCEDURE,"Agent attempted to connect components directly without using wires, or specified incorrect connection points.",Always use wires to connect electrical components. Specify wire terminals and component poles (anode/cathode) for connections.,VALID_SAME_TRIAL,scienceworld_test-conductivity-of-unknown-substances_var_1,7,10-11,scienceworld_test-conductivity-of-unknown-substances_var_1,7,14-15
378,"Your task is to determine if unknown substance B is electrically conductive. The unknown substance B is located around the workshop. First, focus on the unknown substance B. If it is electrically conductive, place it in the green box. If it is electrically nonconductive, place it in the blue box.","wire, switch",connect,PROCEDURE,"Agent repeatedly failed to connect a wire to the switch, incorrectly assuming it had generic terminals.",Switches have specific anode/cathode connection points. Use 'connect [wire terminal] to [switch anode/cathode]'.,VALID_SAME_TRIAL,scienceworld_test-conductivity-of-unknown-substances_var_1,7,17-22,scienceworld_test-conductivity-of-unknown-substances_var_1,7,23-24
379,"Your task is to determine if unknown substance B is electrically conductive. The unknown substance B is located around the workshop. First, focus on the unknown substance B. If it is electrically conductive, place it in the green box. If it is electrically nonconductive, place it in the blue box.","switch, light bulb",connect,PROCEDURE,Agent attempted to connect a switch directly to a light bulb without a wire.,"Use a wire to connect the switch to the light bulb, specifying the switch's pole and the wire's terminal.",VALID_SAME_TRIAL,scienceworld_test-conductivity-of-unknown-substances_var_1,7,25-26,scienceworld_test-conductivity-of-unknown-substances_var_1,7,29-30
380,"Your task is to determine if unknown substance B is electrically conductive. The unknown substance B is located around the workshop. First, focus on the unknown substance B. If it is electrically conductive, place it in the green box. If it is electrically nonconductive, place it in the blue box.","light bulb, substance",connect,PROCEDURE,"Agent struggled to connect a light bulb to the unknown substance B, incorrectly assuming it had anode/cathode terminals.","Connect the light bulb's cathode to a wire, then connect that wire to the unknown substance directly.",VALID_SAME_TRIAL,scienceworld_test-conductivity-of-unknown-substances_var_1,7,31-32,scienceworld_test-conductivity-of-unknown-substances_var_1,7,35-36
381,"Your task is to determine if unknown substance B is electrically conductive. The unknown substance B is located around the workshop. First, focus on the unknown substance B. If it is electrically conductive, place it in the green box. If it is electrically nonconductive, place it in the blue box.","substance, battery",connect,PROCEDURE,"Agent struggled to connect the unknown substance B to the battery, incorrectly assuming it had anode/cathode terminals.",Connect the unknown substance directly to the battery cathode using its available terminal.,VALID_SAME_TRIAL,scienceworld_test-conductivity-of-unknown-substances_var_1,7,37-46,scienceworld_test-conductivity-of-unknown-substances_var_1,7,47-48
382,"Your task is to determine if unknown substance B is electrically conductive. The unknown substance B is located around the workshop. First, focus on the unknown substance B. If it is electrically conductive, place it in the blue box. If it is electrically nonconductive, place it in the orange box.","battery, wire, light bulb",connect,PROCEDURE,Incorrect syntax for connecting electrical components.,"Use the exact component and terminal names as shown in the observation for connection actions (e.g., 'connect anode in battery to terminal 1 in black wire').",VALID_NEXT_TRIAL,scienceworld_test-conductivity-of-unknown-substances_var_2,1,20-34,scienceworld_test-conductivity-of-unknown-substances_var_2,3,19-20
383,"Your task is to determine if unknown substance B is electrically conductive. The unknown substance B is located around the workshop. First, focus on the unknown substance B. If it is electrically conductive, place it in the blue box. If it is electrically nonconductive, place it in the orange box.","battery, wire, light bulb",take,ACQUIRE,Attempted to 'take' objects from a container when 'move to inventory' is required.,"Use 'move [object] to inventory' to pick up items, not 'take [object] from [container]'.",VALID_SAME_TRIAL,scienceworld_test-conductivity-of-unknown-substances_var_2,7,10-13,scienceworld_test-conductivity-of-unknown-substances_var_2,7,14-19
384,"Your task is to measure the temperature of unknown substance B, which is located around the living room. First, focus on the thermometer. Next, focus on the unknown substance B. If the unknown substance B temperature is above 50.0 degrees celsius, place it in the yellow box. If the unknown substance B temperature is below 50.0 degrees celsius, place it in the purple box. The boxes are located around the living room.",thermometer,"look around, go to",SEARCH,Agent repeatedly looks for thermometer in the wrong room (living room).,Systematically search all available rooms for the required tool (thermometer).,VALID_SAME_TRIAL,scienceworld_use-thermometer_var_1,1,4-18,scienceworld_use-thermometer_var_1,1,19-21
385,"Your task is to measure the temperature of unknown substance B, which is located around the living room. First, focus on the thermometer. Next, focus on the unknown substance B. If the unknown substance B temperature is above 50.0 degrees celsius, place it in the yellow box. If the unknown substance B temperature is below 50.0 degrees celsius, place it in the purple box. The boxes are located around the living room.","thermometer, unknown substance","focus on, measure, examine, read",MEASURE,Agent attempts invalid actions to measure temperature after focusing on thermometer and substance.,"After focusing on the thermometer and then the substance, the temperature is implicitly measured. Proceed to the next step.",VALID_SAME_TRIAL,scienceworld_use-thermometer_var_1,1,28-30,scienceworld_use-thermometer_var_1,1,31-32
386,"Your task is to measure the temperature of unknown substance B, which is located around the living room. First, focus on the thermometer. Next, focus on the unknown substance B. If the unknown substance B temperature is above 0.0 degrees celsius, place it in the yellow box. If the unknown substance B temperature is below 0.0 degrees celsius, place it in the purple box. The boxes are located around the bathroom.","thermometer, unknown substance, box","focus, take, put",MEASURE,Agent did not measure the temperature of the unknown substance B.,"After focusing on the thermometer and substance, use 'measure temperature of unknown substance B' to get the reading.",CANDIDATE,scienceworld_use-thermometer_var_2,1,10-11,scienceworld_use-thermometer_var_2,1,23-24
387,"Your task is to measure the temperature of unknown substance B, which is located around the living room. First, focus on the thermometer. Next, focus on the unknown substance B. If the unknown substance B temperature is above 0.0 degrees celsius, place it in the yellow box. If the unknown substance B temperature is below 0.0 degrees celsius, place it in the purple box. The boxes are located around the bathroom.","unknown substance, box","take, put",ACQUIRE,Agent tried to place substance in box without taking it first.,Always take the object into inventory before attempting to move or place it in another container.,VALID_SAME_TRIAL,scienceworld_use-thermometer_var_2,1,18-19,scienceworld_use-thermometer_var_2,1,23-24
388,"Your task is to find a(n) animal. First, focus on the thing. Then, move it to the blue box in the kitchen.",room,go to,SEARCH,"Agent tried to go to 'hallway' from 'bathroom' directly, which is not a valid action.","To move between rooms, ensure the path is direct or go back to an intermediate room first.",VALID_SAME_TRIAL,scienceworld_find-animal_var_2,1,100-100,scienceworld_find-animal_var_2,1,104-106
389,"Your task is to find a(n) animal. First, focus on the thing. Then, move it to the blue box in the kitchen.",animal,"take, move",ACQUIRE,Agent repeatedly tried to 'take adult bee' or 'take bee X' without success.,"To acquire an animal, use the 'move [animal] to inventory' action instead of 'take'.",VALID_NEXT_TRIAL,scienceworld_find-animal_var_2,2,40-48,scienceworld_find-animal_var_2,7,18-20
390,"Your task is to find a(n) animal. First, focus on the thing. Then, move it to the blue box in the kitchen.","animal, inventory",move,ACQUIRE,"Agent tried to move an animal to inventory, but the inventory display did not update.","Trust the game's success message for moving items to inventory, even if 'inventory' command doesn't list it.",VALID_NEXT_TRIAL,scienceworld_find-animal_var_2,3,40-41,scienceworld_find-animal_var_2,7,18-20
391,"Your task is to find a(n) animal. First, focus on the thing. Then, move it to the blue box in the kitchen.","animal, blue box",move,ACQUIRE,Agent repeatedly tried to move an animal to the blue box from a different room.,Move the animal to the same room as the blue box before attempting to move it into the box.,VALID_NEXT_TRIAL,scienceworld_find-animal_var_2,2,36-36,scienceworld_find-animal_var_2,7,21-25
392,"Your task is to find a(n) animal. First, focus on the thing. Then, move it to the blue box in the kitchen.","animal, blue box",move,ACQUIRE,"Agent tried to move an animal to the blue box while the animal was in inventory, but the action failed.","After moving an animal to inventory, go to the target room and then move the animal to the target container.",VALID_NEXT_TRIAL,scienceworld_find-animal_var_2,3,50-50,scienceworld_find-animal_var_2,7,26-26
393,"Your task is to find a(n) animal. First, focus on the thing. Then, move it to the blue box in the kitchen.",animal,focus on,SEARCH,Agent tried to focus on a generic 'adult bee' when specific 'bee X' objects were available.,"When multiple instances of an object exist, use the specific identifier (e.g., 'bee 0') for actions.",VALID_NEXT_TRIAL,scienceworld_find-animal_var_2,2,32-32,scienceworld_find-animal_var_2,7,16-16
394,"Your task is to find a(n) animal. First, focus on the thing. Then, move it to the blue box in the kitchen.",animal,look under,SEARCH,"Agent tried to 'look under bed', which is not a valid action.",Use 'look in [container]' or 'look at [object]' to inspect objects and their contents.,VALID_SAME_TRIAL,scienceworld_find-animal_var_2,2,19-19,scienceworld_find-animal_var_2,2,21-21
