task_desc,obj_type,verbs,goal_phase,issue_text,learning_text,valid_level,issue_task_id,issue_trial_num,issue_step_range,evidence_task_id,evidence_trial_num,evidence_step_range
look at alarmclock under the desklamp.,desklamp,"turn on, use, look at, examine",TRANSFORM,"Repeated attempts to turn on, use, or examine desklamp 1 had no effect.",Use the 'use [object]' command to successfully turn on the desklamp.,VALID_SAME_TRIAL,look_at_obj_in_light-AlarmClock-None-DeskLamp-314/trial_T20190908_042454_725701,1,5-12,look_at_obj_in_light-AlarmClock-None-DeskLamp-314/trial_T20190908_042454_725701,1,13-13
look at alarmclock under the desklamp.,"alarmclock, desklamp","look at, take",ACQUIRE,"Directly attempting to 'look at alarmclock under desklamp' failed, even with the lamp on.","First, pick up the alarmclock before attempting to look at it under the desklamp.",VALID_SAME_TRIAL,look_at_obj_in_light-AlarmClock-None-DeskLamp-314/trial_T20190908_042454_725701,1,3-16,look_at_obj_in_light-AlarmClock-None-DeskLamp-314/trial_T20190908_042454_725701,1,19-19
look at book under the desklamp.,"book, desklamp",put,PLACE,Attempted to place book on the general desk surface instead of the specific target under the desklamp.,Place the book specifically under the desklamp to fulfill the task requirement.,VALID_SAME_TRIAL,look_at_obj_in_light-Book-None-DeskLamp-316,1,3-3,look_at_obj_in_light-Book-None-DeskLamp-316,1,4-4
look at book under the desklamp.,"book, desklamp",put,PLACE,Failed to place book under desklamp because the desklamp was not turned on.,Turn on the desklamp using the 'use' command before attempting to place objects under it for observation.,VALID_SAME_TRIAL,look_at_obj_in_light-Book-None-DeskLamp-316,1,4-4,look_at_obj_in_light-Book-None-DeskLamp-316,1,5-5
examine the book with the desklamp.,"book, desklamp","examine, use",TRANSFORM,"Directly examining book with desklamp failed, as the desklamp was not active.","To examine an object with a desklamp, first activate the desklamp using the 'use' command.",VALID_SAME_TRIAL,look_at_obj_in_light-Book-None-DeskLamp-320/trial_T20190909_152445_177541,1,11-11,look_at_obj_in_light-Book-None-DeskLamp-320/trial_T20190909_152445_177541,1,14-14
examine the cellphone with the desklamp.,"CellPhone, DeskLamp","examine, go to, look_at, take, use",ACQUIRE,The 'examine' action failed repeatedly even with the desklamp on.,"To examine an object, it must first be picked up or held by the agent.",VALID_SAME_TRIAL,look_at_obj_in_light-CellPhone-None-DeskLamp-316,1,2-6,look_at_obj_in_light-CellPhone-None-DeskLamp-316,1,7-7
look at laptop under the desklamp.,drawer,"go to, open",SEARCH,"Failed to navigate to a drawer using `go to` command, resulting in ""Nothing happens.""","If `go to` fails for a container, try interacting directly with it using commands like `open`.",VALID_NEXT_TRIAL,look_at_obj_in_light-Laptop-None-DeskLamp-323,1,20-21,look_at_obj_in_light-Laptop-None-DeskLamp-323,2,28-29
look at laptop under the desklamp.,"laptop, desk, desklamp","place, put, use",PLACE,Unable to place the laptop on or under the desklamp using `place` or `put` commands.,Explicit placement might not be required; ensure the object is in the same location as the light source and activate the light source.,VALID_NEXT_TRIAL,look_at_obj_in_light-Laptop-None-DeskLamp-323,5,12-14,look_at_obj_in_light-Laptop-None-DeskLamp-323,6,32-33
look at laptop under the desklamp.,dresser,open,SEARCH,Attempted to `open` a dresser that is not a container or is already open.,No specific learning was applied to resolve this issue within the provided trials.,CANDIDATE,look_at_obj_in_light-Laptop-None-DeskLamp-323,6,19-19,look_at_obj_in_light-Laptop-None-DeskLamp-323,6,19-19
examine the mug with the desklamp.,"mug, desklamp","look at, examine, use",SEARCH,Attempted to look at a desklamp at a location where it was not present.,Search for the object at a different location when it's not found at the current one.,VALID_SAME_TRIAL,look_at_obj_in_light-Mug-None-DeskLamp-301/trial_T20190908_155916_103990,1,4-4,look_at_obj_in_light-Mug-None-DeskLamp-301/trial_T20190908_155916_103990,1,5-5
examine the mug with the desklamp.,"mug, desklamp","look at, examine, use",ACQUIRE,Attempted to take an object (desklamp) that was fixed and could not be moved.,"If an object cannot be taken, bring the other required object to its location.",VALID_SAME_TRIAL,look_at_obj_in_light-Mug-None-DeskLamp-301/trial_T20190908_155916_103990,1,8-8,look_at_obj_in_light-Mug-None-DeskLamp-301/trial_T20190908_155916_103990,1,9-9
examine the mug with the desklamp.,"mug, desklamp","look at, examine, use",TRANSFORM,Attempted to examine an object using a desklamp that was not turned on.,Turn on the desklamp before attempting to use it for examination.,VALID_SAME_TRIAL,look_at_obj_in_light-Mug-None-DeskLamp-301/trial_T20190908_155916_103990,1,13-13,look_at_obj_in_light-Mug-None-DeskLamp-301/trial_T20190908_155916_103990,1,14-14
examine the newspaper with the desklamp.,desklamp,"take, move",ACQUIRE,Desklamp cannot be taken or moved from its location.,Use the desklamp in its fixed location by turning it on.,VALID_SAME_TRIAL,look_at_obj_in_light-Newspaper-None-DeskLamp-216,1,3-3,look_at_obj_in_light-Newspaper-None-DeskLamp-216,1,6-6
examine the newspaper with the desklamp.,newspaper,take,ACQUIRE,Initial attempt to take the newspaper failed.,The newspaper can be taken from its location to bring it to the desklamp.,VALID_NEXT_TRIAL,look_at_obj_in_light-Newspaper-None-DeskLamp-216,1,4-4,look_at_obj_in_light-Newspaper-None-DeskLamp-216,2,12-12
examine the newspaper with the desklamp.,"newspaper, desklamp",examine,TRANSFORM,Failed to examine newspaper when desklamp was not co-located or using incorrect command.,Bring the newspaper to the desklamp's location after turning the desklamp on.,VALID_NEXT_TRIAL,look_at_obj_in_light-Newspaper-None-DeskLamp-216,1,8-10,look_at_obj_in_light-Newspaper-None-DeskLamp-216,2,12-13
examine the newspaper with the desklamp.,"newspaper, desklamp",examine,TRANSFORM,Attempted to examine objects that were not co-located.,Ensure both objects are at the same location before attempting to examine them.,VALID_SAME_TRIAL,look_at_obj_in_light-Newspaper-None-DeskLamp-225/trial_T20190909_085334_452202,1,5-9,look_at_obj_in_light-Newspaper-None-DeskLamp-225/trial_T20190909_085334_452202,1,14-15
examine the newspaper with the desklamp.,desklamp,turn on,TRANSFORM,Used incorrect verb 'turn on' to activate desklamp.,Use the 'use' command to turn on the desklamp.,VALID_SAME_TRIAL,look_at_obj_in_light-Newspaper-None-DeskLamp-225/trial_T20190909_085334_452202,1,6-6,look_at_obj_in_light-Newspaper-None-DeskLamp-225/trial_T20190909_085334_452202,1,7-7
examine the newspaper with the desklamp.,newspaper,take,ACQUIRE,Attempted to take an object from a different location.,Go to the object's location before attempting to take it.,VALID_SAME_TRIAL,look_at_obj_in_light-Newspaper-None-DeskLamp-225/trial_T20190909_085334_452202,1,11-11,look_at_obj_in_light-Newspaper-None-DeskLamp-225/trial_T20190909_085334_452202,1,12-13
examine the pen with the desklamp.,drawer,"go, open",SEARCH,Attempted to interact with a non-existent or inaccessible drawer.,Verify the existence and accessibility of containers before attempting to interact with them.,VALID_SAME_TRIAL,look_at_obj_in_light-Pen-None-DeskLamp-305/trial_T20190907_115849_734053,1,10-11,look_at_obj_in_light-Pen-None-DeskLamp-305/trial_T20190907_115849_734053,1,12-12
examine the pen with the desklamp.,desklamp,take,ACQUIRE,Used 'take' verb on a stationary desklamp instead of 'use' to activate it.,Use the 'use' command to activate stationary light sources like a desklamp.,VALID_SAME_TRIAL,look_at_obj_in_light-Pen-None-DeskLamp-305/trial_T20190907_115849_734053,1,15-15,look_at_obj_in_light-Pen-None-DeskLamp-305/trial_T20190907_115849_734053,1,17-17
examine the pen with the desklamp.,"pen, desklamp",examine,TRANSFORM,Failed to examine object with light source due to missing preconditions.,Ensure the target object is held and the light source is activated before attempting to examine.,VALID_SAME_TRIAL,look_at_obj_in_light-Pen-None-DeskLamp-305/trial_T20190907_115849_734053,1,13-16,look_at_obj_in_light-Pen-None-DeskLamp-305/trial_T20190907_115849_734053,1,14-17
examine the pen with the desklamp.,pen,"go, open",ACQUIRE,Pen not found in expected locations (drawers) after repeated search attempts.,Expand search to other furniture types like shelves when an object is not found in initial expected locations.,VALID_SAME_TRIAL,look_at_obj_in_light-Pen-None-DeskLamp-319/trial_T20190908_222409_540184,1,4-32,look_at_obj_in_light-Pen-None-DeskLamp-319/trial_T20190908_222409_540184,1,33-34
examine the pen with the desklamp.,desklamp,"examine, use",TRANSFORM,Attempted to examine pen with desklamp before turning the desklamp on.,Ensure interactive objects like desklamps are turned on before attempting to use them for a task.,VALID_SAME_TRIAL,look_at_obj_in_light-Pen-None-DeskLamp-319/trial_T20190908_222409_540184,1,38-38,look_at_obj_in_light-Pen-None-DeskLamp-319/trial_T20190908_222409_540184,1,39-40
look at pencil under the desklamp.,pencil,"go to, open",ACQUIRE,"Inefficiently searched for pencil in multiple incorrect locations (drawers, garbagecan, early shelves).","Expand search to a wider range of locations, including shelves, to locate the object.",VALID_SAME_TRIAL,look_at_obj_in_light-Pencil-None-DeskLamp-319/trial_T20190908_135102_644449,1,2-34,look_at_obj_in_light-Pencil-None-DeskLamp-319/trial_T20190908_135102_644449,1,35-35
look at pencil under the desklamp.,"pencil, dresser",look at,SEARCH,"Attempted 'look at' action on dresser 1 to find pencil, but it had no effect.","Verify object presence before using 'look at'; if not found, continue searching elsewhere.",VALID_SAME_TRIAL,look_at_obj_in_light-Pencil-None-DeskLamp-319/trial_T20190908_135102_644449,1,26-26,look_at_obj_in_light-Pencil-None-DeskLamp-319/trial_T20190908_135102_644449,1,35-35
examine the pencil with the desklamp.,desklamp,look at,SEARCH,Attempted to look at desklamp at an incorrect location.,Correctly identified the desklamp's actual location on shelf 2 through continued search.,VALID_SAME_TRIAL,look_at_obj_in_light-Pencil-None-DeskLamp-320/trial_T20190908_143748_669974,1,3-3,look_at_obj_in_light-Pencil-None-DeskLamp-320/trial_T20190908_143748_669974,1,9-9
examine the pencil with the desklamp.,desklamp,take,ACQUIRE,"Failed to take desklamp, confirming it is a fixed object.",Adapted strategy by moving the movable pencil to the fixed desklamp's location.,VALID_NEXT_TRIAL,look_at_obj_in_light-Pencil-None-DeskLamp-320/trial_T20190908_143748_669974,1,10-10,look_at_obj_in_light-Pencil-None-DeskLamp-320/trial_T20190908_143748_669974,4,10-11
examine the pencil with the desklamp.,pencil,take,ACQUIRE,"Failed to take pencil, initially believed to be fixed.","Successfully picked up the pencil, demonstrating it was movable despite prior failures.",VALID_NEXT_TRIAL,look_at_obj_in_light-Pencil-None-DeskLamp-320/trial_T20190908_143748_669974,1,12-12,look_at_obj_in_light-Pencil-None-DeskLamp-320/trial_T20190908_143748_669974,4,10-10
examine the pencil with the desklamp.,"pencil, desklamp",examine,TRANSFORM,Failed to examine objects due to lack of co-location.,Ensured co-location of pencil and desklamp by moving the pencil to the desklamp's location.,VALID_NEXT_TRIAL,look_at_obj_in_light-Pencil-None-DeskLamp-320/trial_T20190908_143748_669974,1,28-31,look_at_obj_in_light-Pencil-None-DeskLamp-320/trial_T20190908_143748_669974,4,10-11
examine the pillow with the desklamp.,"pillow, desklamp","look at, examine",SEARCH,"Attempted to 'look at' a location, which had no effect for finding objects.",Rely on 'go to' observations to identify objects present at a location.,VALID_SAME_TRIAL,look_at_obj_in_light-Pillow-None-DeskLamp-216,1,2-2,look_at_obj_in_light-Pillow-None-DeskLamp-216,1,3-3
examine the pillow with the desklamp.,"pillow, desklamp","look at, examine",TRANSFORM,"Used 'examine X with Y' command, which was ineffective for the task.","To examine an object with a light source, 'use' the light source directly.",VALID_SAME_TRIAL,look_at_obj_in_light-Pillow-None-DeskLamp-216,1,6-6,look_at_obj_in_light-Pillow-None-DeskLamp-216,1,11-11
examine the pillow with the desklamp.,"pillow, desklamp","look at, examine",ACQUIRE,"Attempted to 'take' the desklamp, which was not the correct action for its use.","Do not 'take' the desklamp; instead, 'use' it in its fixed location.",VALID_SAME_TRIAL,look_at_obj_in_light-Pillow-None-DeskLamp-216,1,7-7,look_at_obj_in_light-Pillow-None-DeskLamp-216,1,11-11
examine the pillow with the desklamp.,"desklamp, pillow","examine, look at, use",TRANSFORM,Failed to examine object with desklamp because it was off.,Turn on the desklamp before attempting to examine objects with it.,VALID_SAME_TRIAL,look_at_obj_in_light-Pillow-None-DeskLamp-306,1,7-7,look_at_obj_in_light-Pillow-None-DeskLamp-306,1,10-10
examine the pillow with the desklamp.,desklamp,"take, move",ACQUIRE,"Failed to take or move the desklamp, indicating it is stationary.","If an object is stationary, move the other required object to its location.",VALID_NEXT_TRIAL,look_at_obj_in_light-Pillow-None-DeskLamp-307/trial_T20190908_190608_801964,1,3-3,look_at_obj_in_light-Pillow-None-DeskLamp-307/trial_T20190908_190608_801964,2,10-10
examine the pillow with the desklamp.,pillow,"take, go to",ACQUIRE,Failed to take pillow from bed because agent was not at its location.,Go to the object's location before attempting to take it.,VALID_NEXT_TRIAL,look_at_obj_in_light-Pillow-None-DeskLamp-307/trial_T20190908_190608_801964,1,4-4,look_at_obj_in_light-Pillow-None-DeskLamp-307/trial_T20190908_190608_801964,2,11-12
examine the pillow with the desklamp.,desklamp,"turn on, use",TRANSFORM,Used 'turn on' command instead of 'use' to activate the desklamp.,Use the 'use' command to turn on the desklamp.,VALID_SAME_TRIAL,look_at_obj_in_light-Pillow-None-DeskLamp-307/trial_T20190908_190608_801964,1,5-5,look_at_obj_in_light-Pillow-None-DeskLamp-307/trial_T20190908_190608_801964,1,6-6
examine the pillow with the desklamp.,"pillow, desklamp","examine, use",RECOVER,Attempted to examine pillow without the desklamp present or active.,Ensure the desklamp is present and active when attempting to examine an object.,VALID_NEXT_TRIAL,look_at_obj_in_light-Pillow-None-DeskLamp-307/trial_T20190908_190608_801964,1,8-28,look_at_obj_in_light-Pillow-None-DeskLamp-307/trial_T20190908_190608_801964,2,15-16
examine the pillow with the desklamp.,"pillow, desklamp","examine, go to, take",RECOVER,Failed to examine pillow with desklamp because objects were not co-located.,Bring the pillow to the desklamp's location before attempting examination.,VALID_NEXT_TRIAL,look_at_obj_in_light-Pillow-None-DeskLamp-307/trial_T20190908_190608_801964,1,9-22,look_at_obj_in_light-Pillow-None-DeskLamp-307/trial_T20190908_190608_801964,2,10-13
examine the pillow with the desklamp.,desklamp,"use, go to",TRANSFORM,Attempted to use desklamp from an incorrect location (bed).,Go to the desklamp's location before attempting to use it.,VALID_SAME_TRIAL,look_at_obj_in_light-Pillow-None-DeskLamp-307/trial_T20190908_190608_801964,1,14-21,look_at_obj_in_light-Pillow-None-DeskLamp-307/trial_T20190908_190608_801964,1,26-26
examine the pillow with the desklamp.,"pillow, desklamp","examine with, use on, use",RECOVER,Used 'examine with' or 'use on' commands instead of 'use' for desklamp examination.,"To examine an object with a desklamp, hold the object and use the desklamp.",VALID_NEXT_TRIAL,look_at_obj_in_light-Pillow-None-DeskLamp-307/trial_T20190908_190608_801964,1,20-20,look_at_obj_in_light-Pillow-None-DeskLamp-307/trial_T20190908_190608_801964,2,15-16
look at pillow under the desklamp.,"Pillow, DeskLamp",look at,SEARCH,Failed to locate the desklamp in initial search attempts across multiple locations.,"Systematically explore different locations, such as shelves, when initial searches in common areas like desks fail to find the object.",VALID_SAME_TRIAL,look_at_obj_in_light-Pillow-None-DeskLamp-320/trial_T20190906_225859_247598,1,3-6,look_at_obj_in_light-Pillow-None-DeskLamp-320/trial_T20190906_225859_247598,1,7-7
look at pillow under the desklamp.,"Pillow, DeskLamp",look at,PLACE,"Attempted to place the pillow 'under' or 'on' the desklamp using 'put' actions, which had no effect.","To achieve 'look at obj under desklamp', activate the desklamp using the 'use' command after bringing the object to its location.",VALID_SAME_TRIAL,look_at_obj_in_light-Pillow-None-DeskLamp-320/trial_T20190906_225859_247598,1,8-9,look_at_obj_in_light-Pillow-None-DeskLamp-320/trial_T20190906_225859_247598,1,10-10
look at statue under the desklamp.,statue,take,ACQUIRE,"Initial attempts to take statue 1 failed, leading to the assumption it was fixed.",Statue 1 is a movable object; successfully picked it up from desk 1.,VALID_NEXT_TRIAL,look_at_obj_in_light-Statue-None-DeskLamp-304,1,9-9,look_at_obj_in_light-Statue-None-DeskLamp-304,5,25-25
look at statue under the desklamp.,desklamp,take,ACQUIRE,"Attempted to take desklamp 1, which consistently failed, indicating it is a fixed object.",Desklamp 1 is a fixed object and cannot be picked up or moved.,VALID_NEXT_TRIAL,look_at_obj_in_light-Statue-None-DeskLamp-304,1,8-8,look_at_obj_in_light-Statue-None-DeskLamp-304,2,10-10
look at statue under the desklamp.,"statue, desklamp","look at, use",TRANSFORM,"Looking at statue after remotely turning on desklamp failed, misinterpreting the 'under the desklamp' condition.","To satisfy 'under the desklamp' condition, hold the target object and use the desklamp at its location.",VALID_NEXT_TRIAL,look_at_obj_in_light-Statue-None-DeskLamp-304,1,20-20,look_at_obj_in_light-Statue-None-DeskLamp-304,6,11-11
look at statue under the desklamp.,drawer,"go to, open",SEARCH,"Repeatedly attempted to 'go to' or 'open' drawers, but they remained inaccessible.",Drawers 1 and 2 are currently inaccessible and cannot be opened or navigated to.,VALID_NEXT_TRIAL,look_at_obj_in_light-Statue-None-DeskLamp-304,3,8-8,look_at_obj_in_light-Statue-None-DeskLamp-304,5,14-14
look at statue under the desklamp.,"statue, shelf",put,PLACE,"Attempted to 'put' a held object (statue 1) onto a surface (shelf 1), which failed.",Objects cannot be arbitrarily placed on surfaces using the 'put' command.,VALID_NEXT_TRIAL,look_at_obj_in_light-Statue-None-DeskLamp-304,5,29-29,look_at_obj_in_light-Statue-None-DeskLamp-304,6,10-10
look at statue under the desklamp.,"statue, desklamp",put,PLACE,Used unsupported syntax 'put object under another object' for placement.,The specific command 'put object under another object' is not supported; use 'use' action with the light source instead.,VALID_SAME_TRIAL,look_at_obj_in_light-Statue-None-DeskLamp-304,6,9-9,look_at_obj_in_light-Statue-None-DeskLamp-304,6,11-11
examine the tissuebox with the desklamp.,"tissuebox, desklamp","examine, use",TRANSFORM,Attempted to examine object with an inactive desklamp.,Activate the desklamp using the 'use' verb before examining an object.,VALID_SAME_TRIAL,look_at_obj_in_light-TissueBox-None-DeskLamp-328/trial_T20190907_201322_516201,1,3-3,look_at_obj_in_light-TissueBox-None-DeskLamp-328/trial_T20190907_201322_516201,1,6-6
examine the tissuebox with the desklamp.,desklamp,"turn on, use",ACQUIRE,Used incorrect verb 'turn on' to activate the desklamp.,Use the 'use' verb to activate the desklamp.,VALID_SAME_TRIAL,look_at_obj_in_light-TissueBox-None-DeskLamp-328/trial_T20190907_201322_516201,1,5-5,look_at_obj_in_light-TissueBox-None-DeskLamp-328/trial_T20190907_201322_516201,1,6-6
examine the tissuebox with the desklamp.,"tissuebox, desklamp","examine, look at, take",TRANSFORM,Failed to examine object with active desklamp; object not in inventory.,Take the object into inventory before attempting to examine it with a tool.,VALID_SAME_TRIAL,look_at_obj_in_light-TissueBox-None-DeskLamp-328/trial_T20190907_201322_516201,1,8-16,look_at_obj_in_light-TissueBox-None-DeskLamp-328/trial_T20190907_201322_516201,1,18-18
examine the watch with the desklamp.,"watch, desklamp",examine,TRANSFORM,Attempted to examine watch with desklamp when desklamp was off.,Ensure the desklamp is turned on before attempting to examine an object with it.,VALID_SAME_TRIAL,look_at_obj_in_light-Watch-None-DeskLamp-205/trial_T20190907_001948_509721,1,15-15,look_at_obj_in_light-Watch-None-DeskLamp-205/trial_T20190907_001948_509721,1,19-19
examine the watch with the desklamp.,desklamp,turn on,TRANSFORM,"Used 'turn on' command to activate desklamp, which had no effect.",Use the 'use' command to activate the desklamp.,VALID_SAME_TRIAL,look_at_obj_in_light-Watch-None-DeskLamp-205/trial_T20190907_001948_509721,1,17-17,look_at_obj_in_light-Watch-None-DeskLamp-205/trial_T20190907_001948_509721,1,19-19
put some book on desk.,"book, shelf",search,SEARCH,Book not found on shelf 1.,Search for the book on bed 2.,VALID_SAME_TRIAL,pick_and_place_simple-Book-None-Desk-304/trial_T20190908_141325_880062,1,3-3,pick_and_place_simple-Book-None-Desk-304/trial_T20190908_141325_880062,1,21-21
put some book on desk.,"book, desk",search,SEARCH,Book not found on desk 1.,Search for the book on bed 2.,VALID_SAME_TRIAL,pick_and_place_simple-Book-None-Desk-304/trial_T20190908_141325_880062,1,5-5,pick_and_place_simple-Book-None-Desk-304/trial_T20190908_141325_880062,1,21-21
put some book on desk.,drawer,go to,SEARCH,"`go to drawer X` failed, drawers are not distinct navigable locations.",Avoid using `go to` command for drawers as they are not distinct navigable locations.,VALID_SAME_TRIAL,pick_and_place_simple-Book-None-Desk-304/trial_T20190908_141325_880062,1,7-10,pick_and_place_simple-Book-None-Desk-304/trial_T20190908_141325_880062,1,16-16
put some book on desk.,drawer,open,SEARCH,"`open drawer X` failed repeatedly, indicating drawers are not openable or contain items in this environment.",Abandon searching in drawers; they are not interactable for item retrieval in this environment.,VALID_SAME_TRIAL,pick_and_place_simple-Book-None-Desk-304/trial_T20190908_141325_880062,1,8-13,pick_and_place_simple-Book-None-Desk-304/trial_T20190908_141325_880062,1,21-21
put some book on desk.,desk,go to,RECOVER,"`go to desk 1` failed, indicating agent was already at the location.",Do not use `go to` command if already at the target location or if it's not a distinct navigable point.,VALID_SAME_TRIAL,pick_and_place_simple-Book-None-Desk-304/trial_T20190908_141325_880062,1,15-15,pick_and_place_simple-Book-None-Desk-304/trial_T20190908_141325_880062,1,16-16
put some book on desk.,"book, bed",search,SEARCH,Book not found on bed 1.,Search for the book on bed 2.,VALID_SAME_TRIAL,pick_and_place_simple-Book-None-Desk-304/trial_T20190908_141325_880062,1,17-17,pick_and_place_simple-Book-None-Desk-304/trial_T20190908_141325_880062,1,21-21
put some book on desk.,"book, drawer",search,SEARCH,Book not found on drawer 3.,Search for the book on bed 2.,VALID_SAME_TRIAL,pick_and_place_simple-Book-None-Desk-304/trial_T20190908_141325_880062,1,19-19,pick_and_place_simple-Book-None-Desk-304/trial_T20190908_141325_880062,1,21-21
put some book on desk.,drawer,open,SEARCH,Attempted to access contents of multiple drawers without opening them first.,Always open a closed drawer before attempting to search its contents or take items.,VALID_SAME_TRIAL,pick_and_place_simple-Book-None-Desk-313/trial_T20190909_140547_719284,1,7-15,pick_and_place_simple-Book-None-Desk-313/trial_T20190909_140547_719284,1,8-16
put some book on desk.,book,search,SEARCH,Book not found in common or initially expected locations.,Expand search to less obvious or containerized locations like drawers when primary locations are empty.,VALID_SAME_TRIAL,pick_and_place_simple-Book-None-Desk-313/trial_T20190909_140547_719284,1,3-6,pick_and_place_simple-Book-None-Desk-313/trial_T20190909_140547_719284,1,7-16
put some book on sofa.,"Book, Sofa","pick, place",SEARCH,Book not found at coffeetable 1.,Search for the book at sidetable 1.,VALID_SAME_TRIAL,pick_and_place_simple-Book-None-Sofa-202/trial_T20190907_043652_096323,1,3-3,pick_and_place_simple-Book-None-Sofa-202/trial_T20190907_043652_096323,1,4-4
put a candle in toilet.,drawer,open,SEARCH,Attempted to access a container (drawer) that was closed.,Always open a container before attempting to search or take items from it.,VALID_SAME_TRIAL,pick_and_place_simple-Candle-None-Toilet-409/trial_T20190908_142251_407168,1,3-8,pick_and_place_simple-Candle-None-Toilet-409/trial_T20190908_142251_407168,1,4-9
put a candle in toilet.,"candle, drawer","go, open, take",SEARCH,The target object (candle) was not found in the initial search locations.,Continue searching systematically through all plausible locations until the object is found.,VALID_SAME_TRIAL,pick_and_place_simple-Candle-None-Toilet-409/trial_T20190908_142251_407168,1,4-6,pick_and_place_simple-Candle-None-Toilet-409/trial_T20190908_142251_407168,1,8-9
put some laptop on ottoman.,laptop,pick,SEARCH,"Laptop not found in initial search locations (tables, drawers).",Systematically search all available furniture and containers until the target object is located.,VALID_SAME_TRIAL,pick_and_place_simple-Laptop-None-Ottoman-203/trial_T20190908_110713_350931,1,2-21,pick_and_place_simple-Laptop-None-Ottoman-203/trial_T20190908_110713_350931,1,22-22
put some laptop on ottoman.,drawer,open,SEARCH,Attempted to access multiple closed drawers without opening them first.,Always open a closed drawer before attempting to check its contents for objects.,VALID_SAME_TRIAL,pick_and_place_simple-Laptop-None-Ottoman-203/trial_T20190908_110713_350931,1,5-18,pick_and_place_simple-Laptop-None-Ottoman-203/trial_T20190908_110713_350931,1,6-19
put some pencil on shelf.,Pencil,"pick, place",SEARCH,"Pencil not found in initial search locations (desk 1, drawer 1).",Systematically search all available containers and locations until the object is found.,VALID_SAME_TRIAL,pick_and_place_simple-Pencil-None-Shelf-313/trial_T20190908_182722_927182,1,2-5,pick_and_place_simple-Pencil-None-Shelf-313/trial_T20190908_182722_927182,1,3-8
put some pencil on shelf.,Drawer,open,SEARCH,Attempted to access contents of a closed drawer without opening it first.,Always open a closed container before attempting to access its contents.,VALID_SAME_TRIAL,pick_and_place_simple-Pencil-None-Shelf-313/trial_T20190908_182722_927182,1,4-7,pick_and_place_simple-Pencil-None-Shelf-313/trial_T20190908_182722_927182,1,5-8
put a pencil in sidetable.,pencil,find,SEARCH,Pencil not found on desk 1 as initially expected.,Continue searching other specified locations like drawer 2 to find the object.,VALID_SAME_TRIAL,pick_and_place_simple-Pencil-None-SideTable-309,1,3-3,pick_and_place_simple-Pencil-None-SideTable-309,1,6-6
put a pencil in sidetable.,drawer,open,ACQUIRE,Attempted to access contents of drawer 1 while it was closed.,Open the drawer before attempting to access its contents.,VALID_SAME_TRIAL,pick_and_place_simple-Pencil-None-SideTable-309,1,4-4,pick_and_place_simple-Pencil-None-SideTable-309,1,5-5
put a peppershaker in drawer.,"peppershaker, drawer","pick, place",RECOVER,Attempted to interact with a closed container.,Open the container before attempting to interact with its contents.,VALID_SAME_TRIAL,pick_and_place_simple-PepperShaker-None-Drawer-5,1,5-5,pick_and_place_simple-PepperShaker-None-Drawer-5,1,6-6
put a statue in coffeetable.,"Statue, CoffeeTable","pick, place",SEARCH,Statue not found on coffeetable 1 or coffeetable 2 as initially expected.,Expand search to other furniture like diningtable 1 when the object is not found in initial locations.,VALID_SAME_TRIAL,pick_and_place_simple-Statue-None-CoffeeTable-230/trial_T20190909_145138_877153,1,2-3,pick_and_place_simple-Statue-None-CoffeeTable-230/trial_T20190909_145138_877153,1,4-4
put some tissuebox on toilet.,cabinet,open,SEARCH,Attempted to access contents of a closed cabinet without opening it first.,Always open containers like cabinets before attempting to search or interact with their contents.,VALID_SAME_TRIAL,pick_and_place_simple-TissueBox-None-Toilet-402/trial_T20190908_060020_023543,1,3-11,pick_and_place_simple-TissueBox-None-Toilet-402/trial_T20190908_060020_023543,1,4-12
put some tissuebox on toilet.,tissuebox,search,SEARCH,Inefficiently searched multiple empty cabinets for the tissuebox.,Expand search to other likely locations like countertops when initial container checks fail.,VALID_SAME_TRIAL,pick_and_place_simple-TissueBox-None-Toilet-402/trial_T20190908_060020_023543,1,3-13,pick_and_place_simple-TissueBox-None-Toilet-402/trial_T20190908_060020_023543,1,14-14
put some toiletpaper on toiletpaperhanger.,drawer,open,SEARCH,Attempted to interact with a closed container during search.,Open the container before attempting to search or interact with its contents.,VALID_SAME_TRIAL,pick_and_place_simple-ToiletPaper-None-ToiletPaperHanger-409,1,3-7,pick_and_place_simple-ToiletPaper-None-ToiletPaperHanger-409,1,4-8
put some toiletpaper on toiletpaperhanger.,"toiletpaper, drawer",open,SEARCH,Target object not found in the initially checked containers.,Continue searching systematically through other potential containers until the object is located.,VALID_SAME_TRIAL,pick_and_place_simple-ToiletPaper-None-ToiletPaperHanger-409,1,4-6,pick_and_place_simple-ToiletPaper-None-ToiletPaperHanger-409,1,8-8
put a tomato in microwave.,fridge,"go, open",ACQUIRE,Attempted to take an item from a closed fridge.,Open the fridge before attempting to take items from it.,VALID_SAME_TRIAL,pick_and_place_simple-Tomato-None-Microwave-5/trial_T20190918_171755_707602,1,2-2,pick_and_place_simple-Tomato-None-Microwave-5/trial_T20190918_171755_707602,1,3-3
put a tomato in microwave.,microwave,"go, open",PLACE,Attempted to place an item into a closed microwave.,Open the microwave before attempting to place items into it.,VALID_SAME_TRIAL,pick_and_place_simple-Tomato-None-Microwave-5/trial_T20190918_171755_707602,1,5-5,pick_and_place_simple-Tomato-None-Microwave-5/trial_T20190918_171755_707602,1,6-6
put some winebottle on diningtable.,WineBottle,pick,SEARCH,Target object (winebottle) not found in common or expected storage locations.,Expand search to less common locations like garbage cans when primary locations yield no results.,VALID_SAME_TRIAL,pick_and_place_simple-WineBottle-None-DiningTable-15,1,2-31,pick_and_place_simple-WineBottle-None-DiningTable-15,1,32-32
put some winebottle on diningtable.,container,open,SEARCH,"Attempted to search inside multiple containers (cabinets, fridge, drawers) that were closed.",Always open closed containers before attempting to search or interact with their contents.,VALID_SAME_TRIAL,pick_and_place_simple-WineBottle-None-DiningTable-15,1,3-27,pick_and_place_simple-WineBottle-None-DiningTable-15,1,4-28
clean some apple and put it in fridge.,"apple, fridge",put,PLACE,Failed to place apple in fridge using 'put' command.,Use the 'move' verb instead of 'put' to place items in fridge 1.,VALID_NEXT_TRIAL,pick_clean_then_place_in_recep-Apple-None-Fridge-27/trial_T20190906_220837_406682,1,10-11,pick_clean_then_place_in_recep-Apple-None-Fridge-27/trial_T20190906_220837_406682,3,19-19
clean some apple and put it in fridge.,"apple, fridge",take,RECOVER,Failed to take an item from fridge to make space.,No successful strategy found.,CANDIDATE,pick_clean_then_place_in_recep-Apple-None-Fridge-27/trial_T20190906_220837_406682,2,11-11,pick_clean_then_place_in_recep-Apple-None-Fridge-27/trial_T20190906_220837_406682,2,11-11
clean some apple and put it in fridge.,apple,drop,RECOVER,"Failed to drop apple, indicating it was implicitly dropped or vanished.",No successful strategy found.,CANDIDATE,pick_clean_then_place_in_recep-Apple-None-Fridge-27/trial_T20190906_220837_406682,2,13-13,pick_clean_then_place_in_recep-Apple-None-Fridge-27/trial_T20190906_220837_406682,2,13-13
clean some apple and put it in fridge.,"apple, floor",take,RECOVER,Failed to retrieve apple from floor after it vanished.,No successful strategy found.,CANDIDATE,pick_clean_then_place_in_recep-Apple-None-Fridge-27/trial_T20190906_220837_406682,2,16-16,pick_clean_then_place_in_recep-Apple-None-Fridge-27/trial_T20190906_220837_406682,2,16-16
clean some apple and put it in fridge.,cabinet,open,SEARCH,"Failed to open cabinet 1, preventing search for an apple.",No successful strategy found.,CANDIDATE,pick_clean_then_place_in_recep-Apple-None-Fridge-27/trial_T20190906_220837_406682,2,27-27,pick_clean_then_place_in_recep-Apple-None-Fridge-27/trial_T20190906_220837_406682,2,27-27
clean some apple and put it in fridge.,cabinet,open,SEARCH,"Failed to open cabinet 2, preventing search for an apple.",No successful strategy found.,CANDIDATE,pick_clean_then_place_in_recep-Apple-None-Fridge-27/trial_T20190906_220837_406682,2,32-32,pick_clean_then_place_in_recep-Apple-None-Fridge-27/trial_T20190906_220837_406682,2,32-32
clean some apple and put it in fridge.,"apple, sinkbasin",clean,TRANSFORM,Failed to clean apple due to not being at the sinkbasin.,Ensure agent is at the cleaning location (sinkbasin) before attempting to clean an item.,VALID_SAME_TRIAL,pick_clean_then_place_in_recep-Apple-None-Fridge-27/trial_T20190906_220837_406682,3,5-5,pick_clean_then_place_in_recep-Apple-None-Fridge-27/trial_T20190906_220837_406682,3,6-7
clean some butterknife and put it in drawer.,"butterknife, sinkbasin",clean,TRANSFORM,Failed to clean object because agent was not at the cleaning location.,"Go to the cleaning location (e.g., sinkbasin) before attempting to clean an object.",VALID_SAME_TRIAL,pick_clean_then_place_in_recep-ButterKnife-None-Drawer-8/trial_T20190909_124509_288754,1,7-7,pick_clean_then_place_in_recep-ButterKnife-None-Drawer-8/trial_T20190909_124509_288754,1,9-10
clean some butterknife and put it in drawer.,"butterknife, drawer",put,PLACE,Failed to place object because agent was not at the target receptacle.,"Go to the target receptacle (e.g., drawer) before attempting to place an object.",VALID_SAME_TRIAL,pick_clean_then_place_in_recep-ButterKnife-None-Drawer-8/trial_T20190909_124509_288754,1,12-12,pick_clean_then_place_in_recep-ButterKnife-None-Drawer-8/trial_T20190909_124509_288754,1,14-14
clean some butterknife and put it in drawer.,"butterknife, drawer",put,PLACE,Failed to place object into a closed receptacle.,"Open the receptacle (e.g., drawer) before attempting to place an object inside.",VALID_SAME_TRIAL,pick_clean_then_place_in_recep-ButterKnife-None-Drawer-8/trial_T20190909_124509_288754,1,14-14,pick_clean_then_place_in_recep-ButterKnife-None-Drawer-8/trial_T20190909_124509_288754,1,15-15
clean some butterknife and put it in drawer.,"butterknife, drawer",put,PLACE,Used 'put' verb which had no effect for placing object into receptacle.,Use 'move' verb instead of 'put' to successfully place objects into receptacles.,VALID_SAME_TRIAL,pick_clean_then_place_in_recep-ButterKnife-None-Drawer-8/trial_T20190909_124509_288754,1,17-17,pick_clean_then_place_in_recep-ButterKnife-None-Drawer-8/trial_T20190909_124509_288754,1,18-18
clean some dishsponge and put it in toilet.,"dishsponge, countertop, sinkbasin, drawer, bathtubbasin","go, open, take",SEARCH,Dishsponge not found in common or initially checked locations.,"Systematically search all possible container types and locations, including less obvious ones like bathtubbasin.",VALID_NEXT_TRIAL,pick_clean_then_place_in_recep-DishSponge-None-Toilet-427,1,3-8,pick_clean_then_place_in_recep-DishSponge-None-Toilet-427,2,1-23
clean some dishsponge and put it in toilet.,drawer,go,SEARCH,Repeated 'go to' action failed to move to a specific location.,Re-attempting navigation in a new trial can resolve transient 'Nothing happens' issues.,VALID_NEXT_TRIAL,pick_clean_then_place_in_recep-DishSponge-None-Toilet-427,1,10-11,pick_clean_then_place_in_recep-DishSponge-None-Toilet-427,2,1-1
clean some dishsponge and put it in toilet.,"dishsponge, sinkbasin","clean, go",TRANSFORM,Tried to clean an object without being at the required cleaning location.,"Always navigate to the correct location before attempting an action that requires proximity, like cleaning.",VALID_SAME_TRIAL,pick_clean_then_place_in_recep-DishSponge-None-Toilet-427,2,25-25,pick_clean_then_place_in_recep-DishSponge-None-Toilet-427,2,27-28
clean some dishsponge and put it in toilet.,"dishsponge, toilet","put, move",PLACE,Incorrect verb used for placing an object into a receptacle.,Use the 'move' command instead of 'put' when placing an object into a receptacle like a toilet.,VALID_SAME_TRIAL,pick_clean_then_place_in_recep-DishSponge-None-Toilet-427,2,30-32,pick_clean_then_place_in_recep-DishSponge-None-Toilet-427,2,33-33
put a clean egg in sidetable.,"egg, sinkbasin",clean,TRANSFORM,Failed to clean egg because agent was not at the sinkbasin.,Go to the cleaning location (sinkbasin) before attempting to clean an object.,VALID_SAME_TRIAL,pick_clean_then_place_in_recep-Egg-None-SideTable-21/trial_T20190908_033957_288599,1,8-8,pick_clean_then_place_in_recep-Egg-None-SideTable-21/trial_T20190908_033957_288599,1,10-11
put a clean egg in sidetable.,"egg, sidetable",put,PLACE,"Used 'put' verb to place egg on sidetable, which had no effect.",Use the 'move' verb to place an object directly onto a surface like a sidetable.,VALID_SAME_TRIAL,pick_clean_then_place_in_recep-Egg-None-SideTable-21/trial_T20190908_033957_288599,1,14-14,pick_clean_then_place_in_recep-Egg-None-SideTable-21/trial_T20190908_033957_288599,1,15-15
put a clean kettle in stoveburner.,kettle,pick,SEARCH,Required object (kettle) was not found in the environment after systematic search.,"If an object is not found after exhaustive search, it may not be present in the environment.",CANDIDATE,pick_clean_then_place_in_recep-Kettle-None-StoveBurner-1/trial_T20190908_172105_948396,1,1-49,pick_clean_then_place_in_recep-Kettle-None-StoveBurner-1/trial_T20190908_172105_948396,5,38-38
put a clean kettle in stoveburner.,drawer,"go to, open",SEARCH,Attempting 'go to' a drawer when already at an accessible location had no effect.,"If 'go to' a container fails, try 'open' directly if already in the general area.",VALID_SAME_TRIAL,pick_clean_then_place_in_recep-Kettle-None-StoveBurner-1/trial_T20190908_172105_948396,2,8-8,pick_clean_then_place_in_recep-Kettle-None-StoveBurner-1/trial_T20190908_172105_948396,2,9-9
put a clean kettle in stoveburner.,"drawer, cabinet, coffeemachine, toaster, sinkbasin, garbagecan","open, look in",SEARCH,Attempted to open or look inside a container that was not openable or already open.,"If 'open' or 'look in' a container results in 'Nothing happens', assume it's not openable or already open and proceed.",VALID_SAME_TRIAL,pick_clean_then_place_in_recep-Kettle-None-StoveBurner-1/trial_T20190908_172105_948396,3,9-9,pick_clean_then_place_in_recep-Kettle-None-StoveBurner-1/trial_T20190908_172105_948396,3,15-15
put a clean kettle in stoveburner.,fridge,look in,RECOVER,Attempted to interact with an object (fridge) while not at its location.,Ensure agent is at the correct location before attempting to interact with an object.,VALID_SAME_TRIAL,pick_clean_then_place_in_recep-Kettle-None-StoveBurner-1/trial_T20190908_172105_948396,3,32-32,pick_clean_then_place_in_recep-Kettle-None-StoveBurner-1/trial_T20190908_172105_948396,3,33-33
put a clean kettle in stoveburner.,cabinet,look in,SEARCH,Redundant 'look in' action after 'open' already listed container contents.,"After opening a container, its contents are immediately visible; 'look in' is unnecessary.",VALID_SAME_TRIAL,pick_clean_then_place_in_recep-Kettle-None-StoveBurner-1/trial_T20190908_172105_948396,3,35-35,pick_clean_then_place_in_recep-Kettle-None-StoveBurner-1/trial_T20190908_172105_948396,3,36-36
put a clean kettle in stoveburner.,"countertop, shelf",look around,SEARCH,Redundant 'look around' action after 'go to' already listed location contents.,"After arriving at a location, its contents are immediately visible; 'look around' is unnecessary.",VALID_SAME_TRIAL,pick_clean_then_place_in_recep-Kettle-None-StoveBurner-1/trial_T20190908_172105_948396,5,16-16,pick_clean_then_place_in_recep-Kettle-None-StoveBurner-1/trial_T20190908_172105_948396,5,17-17
put a clean ladle in countertop.,"ladle, countertop",place,PLACE,Failed to place ladle in countertop using 'put' command.,Use 'move X to Y' command instead of 'put X in Y' to successfully place objects.,VALID_SAME_TRIAL,pick_clean_then_place_in_recep-Ladle-None-CounterTop-20/trial_T20190907_130836_804995,1,10-10,pick_clean_then_place_in_recep-Ladle-None-CounterTop-20/trial_T20190907_130836_804995,1,11-11
put a clean ladle in countertop.,ladle,pick,SEARCH,"Ladle not found in initial search locations like sinkbasin, drawers, or cabinets.","Systematically search all possible locations, including less obvious ones like countertops, to locate the object.",VALID_NEXT_TRIAL,pick_clean_then_place_in_recep-Ladle-None-CounterTop-8,1,2-10,pick_clean_then_place_in_recep-Ladle-None-CounterTop-8,6,45-46
put a clean ladle in countertop.,cabinet,"go, open",SEARCH,The 'go to cabinet 9' action resulted in an ambiguous 'Nothing happens' observation.,"If 'go to' yields 'Nothing happens', attempt to 'open' the container if it's a plausible storage location.",VALID_SAME_TRIAL,pick_clean_then_place_in_recep-Ladle-None-CounterTop-8,2,38-38,pick_clean_then_place_in_recep-Ladle-None-CounterTop-8,2,39-39
put a clean ladle in countertop.,cabinet,go,SEARCH,"Repeated 'go to cabinet 9' action resulted in 'Nothing happens' observation, leading to a loop.","When 'go to' yields 'Nothing happens' repeatedly, re-evaluate the action or try an alternative command like 'open'.",CANDIDATE,pick_clean_then_place_in_recep-Ladle-None-CounterTop-8,5,27-28,pick_clean_then_place_in_recep-Ladle-None-CounterTop-8,5,28-28
clean some lettuce and put it in countertop.,fridge,open,SEARCH,Attempted to access a closed container without opening it first.,Open the container before attempting to interact with its contents.,VALID_SAME_TRIAL,pick_clean_then_place_in_recep-Lettuce-None-CounterTop-13,1,3-3,pick_clean_then_place_in_recep-Lettuce-None-CounterTop-13,1,4-4
clean some lettuce and put it in countertop.,"lettuce, sinkbasin","clean, go",TRANSFORM,Tried to clean an object without being at the cleaning location.,Go to the specific cleaning location before attempting to clean an object.,VALID_SAME_TRIAL,pick_clean_then_place_in_recep-Lettuce-None-CounterTop-13,1,9-9,pick_clean_then_place_in_recep-Lettuce-None-CounterTop-13,1,11-12
clean some lettuce and put it in countertop.,"lettuce, countertop","put, move",PLACE,Used an incorrect verb ('put') to place an object onto a surface.,Use the 'move' verb to place an object onto a surface or receptacle.,VALID_SAME_TRIAL,pick_clean_then_place_in_recep-Lettuce-None-CounterTop-13,1,16-16,pick_clean_then_place_in_recep-Lettuce-None-CounterTop-13,1,17-17
clean some lettuce and put it in diningtable.,fridge,open,RECOVER,Attempted to access a container that was closed.,Open the container before attempting to access its contents.,VALID_SAME_TRIAL,pick_clean_then_place_in_recep-Lettuce-None-DiningTable-20,1,2-2,pick_clean_then_place_in_recep-Lettuce-None-DiningTable-20,1,3-3
clean some lettuce and put it in diningtable.,"lettuce, sinkbasin","clean, go",TRANSFORM,Attempted to clean an object without being at the cleaning location.,Go to the cleaning location before attempting to clean an object.,VALID_SAME_TRIAL,pick_clean_then_place_in_recep-Lettuce-None-DiningTable-20,1,6-6,pick_clean_then_place_in_recep-Lettuce-None-DiningTable-20,1,7-8
clean some lettuce and put it in diningtable.,"lettuce, diningtable","put, go",PLACE,Attempted to place an object without being at the target location.,Go to the target location before attempting to place an object.,VALID_SAME_TRIAL,pick_clean_then_place_in_recep-Lettuce-None-DiningTable-20,1,10-10,pick_clean_then_place_in_recep-Lettuce-None-DiningTable-20,1,11-11
clean some lettuce and put it in diningtable.,"lettuce, diningtable","put, move",PLACE,"Used 'put' verb to place an object, which had no effect.",Use the 'move' verb instead of 'put' to place objects in a receptacle.,VALID_SAME_TRIAL,pick_clean_then_place_in_recep-Lettuce-None-DiningTable-20,1,12-12,pick_clean_then_place_in_recep-Lettuce-None-DiningTable-20,1,13-13
clean some mug and put it in coffeemachine.,"mug, sinkbasin",clean,TRANSFORM,Attempted to clean an object without being at the cleaning location.,Go to the cleaning location before attempting to clean an object.,VALID_SAME_TRIAL,pick_clean_then_place_in_recep-Mug-None-CoffeeMachine-1,1,7-7,pick_clean_then_place_in_recep-Mug-None-CoffeeMachine-1,1,8-9
clean some mug and put it in coffeemachine.,"mug, coffeemachine",put in,PLACE,Attempted to place an object without being at the target receptacle's location.,Go to the target receptacle's location before attempting to place an object.,VALID_SAME_TRIAL,pick_clean_then_place_in_recep-Mug-None-CoffeeMachine-1,1,11-11,pick_clean_then_place_in_recep-Mug-None-CoffeeMachine-1,1,12-14
clean some mug and put it in coffeemachine.,"mug, coffeemachine","put in, move to",PLACE,Used 'put in' command which failed to place the object into the receptacle.,Use 'move object to receptacle' command to successfully place the object.,VALID_SAME_TRIAL,pick_clean_then_place_in_recep-Mug-None-CoffeeMachine-1,1,14-14,pick_clean_then_place_in_recep-Mug-None-CoffeeMachine-1,1,15-15
put a clean mug in coffeemachine.,mug,go to,SEARCH,Mug not found at the initial search location (countertop 1).,"Continue searching for the mug at alternative locations (e.g., countertop 2).",VALID_SAME_TRIAL,pick_clean_then_place_in_recep-Mug-None-CoffeeMachine-13,1,3-3,pick_clean_then_place_in_recep-Mug-None-CoffeeMachine-13,1,5-5
put a clean mug in coffeemachine.,"mug, coffeemachine","put, move",PLACE,The 'put' command failed to place the mug into the coffeemachine.,Use the 'move' command as an alternative to successfully place the mug into the coffeemachine.,VALID_SAME_TRIAL,pick_clean_then_place_in_recep-Mug-None-CoffeeMachine-13,1,13-13,pick_clean_then_place_in_recep-Mug-None-CoffeeMachine-13,1,14-14
clean some mug and put it in coffeemachine.,Mug,pick,SEARCH,"Mug not found in initial search locations (diningtable, cabinets).",Prioritize searching countertops and drawers for mugs based on common object locations.,VALID_NEXT_TRIAL,pick_clean_then_place_in_recep-Mug-None-CoffeeMachine-18/trial_T20190909_101110_748348,1,2-8,pick_clean_then_place_in_recep-Mug-None-CoffeeMachine-18/trial_T20190909_101110_748348,2,1-4
clean some pan and put it in fridge.,"cabinet, drawer",open,SEARCH,"Failed to open various cabinets and drawers, receiving 'Nothing happens' observation.","Interpret 'Nothing happens' when attempting to open a container as it being inaccessible or empty, and continue the search.",VALID_SAME_TRIAL,pick_clean_then_place_in_recep-Pan-None-Fridge-13,1,10-10,pick_clean_then_place_in_recep-Pan-None-Fridge-13,1,13-13
clean some pan and put it in fridge.,pan,pick,SEARCH,"Pan not found after checking initial locations (cabinets, drawers, countertops, microwave).",Expand search strategy to include less obvious locations like stoveburners to find the object.,VALID_NEXT_TRIAL,pick_clean_then_place_in_recep-Pan-None-Fridge-13,3,22-31,pick_clean_then_place_in_recep-Pan-None-Fridge-13,3,32-38
clean some pan and put it in fridge.,"pan, sinkbasin",clean,TRANSFORM,Failed to clean pan 1 because the agent was not at the sinkbasin 1.,Go to the target location (sinkbasin) before attempting to use it to clean an object.,VALID_SAME_TRIAL,pick_clean_then_place_in_recep-Pan-None-Fridge-13,3,41-41,pick_clean_then_place_in_recep-Pan-None-Fridge-13,3,43-44
clean some pan and put it in fridge.,"pan, fridge",place,PLACE,Failed to place pan 1 in fridge 1 using the 'put' command.,Use 'move [object] to [container]' command instead of 'put' for placing objects into containers.,VALID_SAME_TRIAL,pick_clean_then_place_in_recep-Pan-None-Fridge-13,3,48-48,pick_clean_then_place_in_recep-Pan-None-Fridge-13,3,49-49
clean some plate and put it in shelf.,"plate, shelf","clean, pick, place",PLACE,Using 'put' verb to place plate 1 in shelf 1 failed.,Use 'move' verb instead of 'put' to place plate 1 in shelf 1.,VALID_SAME_TRIAL,pick_clean_then_place_in_recep-Plate-None-Shelf-7/trial_T20190908_230022_030239,1,11-11,pick_clean_then_place_in_recep-Plate-None-Shelf-7/trial_T20190908_230022_030239,1,12-12
clean some potato and put it in garbagecan.,cabinet 2,"go to, open",SEARCH,"Agent repeatedly failed to interact with cabinet 2, receiving 'Nothing happens' observations.",Recognize when an object is non-interactable and skip it to continue the search.,VALID_SAME_TRIAL,pick_clean_then_place_in_recep-Potato-None-GarbageCan-19/trial_T20190908_074136_618715,1,14-19,pick_clean_then_place_in_recep-Potato-None-GarbageCan-19/trial_T20190908_074136_618715,1,20-20
clean some potato and put it in garbagecan.,potato,pick,SEARCH,Agent failed to locate the potato after searching multiple common locations.,"Prioritize searching countertop 2 for the potato, as it is a common location for produce.",VALID_NEXT_TRIAL,pick_clean_then_place_in_recep-Potato-None-GarbageCan-19/trial_T20190908_074136_618715,1,1-49,pick_clean_then_place_in_recep-Potato-None-GarbageCan-19/trial_T20190908_074136_618715,2,5-5
put a clean soapbar in cabinet.,cabinet,put,PLACE,Failed to put item in cabinet 1 because it was closed.,Open the target container before attempting to place an item inside.,VALID_SAME_TRIAL,pick_clean_then_place_in_recep-SoapBar-None-Cabinet-422/trial_T20190909_170330_111958,1,8-8,pick_clean_then_place_in_recep-SoapBar-None-Cabinet-422/trial_T20190909_170330_111958,1,12-13
put a clean soapbar in cabinet.,cabinet,open,PLACE,Failed to open cabinet 1 because agent was not at its location.,Navigate to the object's location before attempting to interact with it.,VALID_SAME_TRIAL,pick_clean_then_place_in_recep-SoapBar-None-Cabinet-422/trial_T20190909_170330_111958,1,10-10,pick_clean_then_place_in_recep-SoapBar-None-Cabinet-422/trial_T20190909_170330_111958,1,12-12
put a clean soapbar in cabinet.,"soapbar, cabinet","put, move",PLACE,Failed to put soapbar in cabinet 1; 'put' verb ineffective.,Use the 'move' verb instead of 'put' to place objects into containers.,VALID_SAME_TRIAL,pick_clean_then_place_in_recep-SoapBar-None-Cabinet-422/trial_T20190909_170330_111958,1,15-15,pick_clean_then_place_in_recep-SoapBar-None-Cabinet-422/trial_T20190909_170330_111958,1,16-16
put a clean soapbar in cabinet.,soapbar,"clean, drop, put","TRANSFORM, RECOVER, PLACE","Soapbar 3 is un-cleanable, un-droppable, and un-placeable, causing a deadlock.","Avoid `soapbar 3` as it is un-cleanable and cannot be dropped or placed, leading to task deadlock.",VALID_NEXT_TRIAL,pick_clean_then_place_in_recep-SoapBar-None-Cabinet-422/trial_T20190909_170330_111958,1,6-15,pick_clean_then_place_in_recep-SoapBar-None-Cabinet-422/trial_T20190909_170330_111958,4,7-7
put a clean soapbar in cabinet.,soapbar,"clean, drop, put","TRANSFORM, RECOVER, PLACE","Soapbar 1 is un-cleanable, un-droppable, and un-placeable, causing a deadlock.","Avoid `soapbar 1` as it is un-cleanable and cannot be dropped or placed, leading to task deadlock.",VALID_NEXT_TRIAL,pick_clean_then_place_in_recep-SoapBar-None-Cabinet-422/trial_T20190909_170330_111958,2,11-15,pick_clean_then_place_in_recep-SoapBar-None-Cabinet-422/trial_T20190909_170330_111958,4,10-10
put a clean soapbar in cabinet.,soapbar,"clean, drop, put","TRANSFORM, RECOVER, PLACE","Soapbar 4 is un-cleanable, un-droppable, and un-placeable, causing a deadlock.","Avoid `soapbar 4` as it is un-cleanable and cannot be dropped or placed, leading to task deadlock.",CANDIDATE,pick_clean_then_place_in_recep-SoapBar-None-Cabinet-422/trial_T20190909_170330_111958,7,40-45,pick_clean_then_place_in_recep-SoapBar-None-Cabinet-422/trial_T20190909_170330_111958,7,46-48
clean some soapbar and put it in garbagecan.,soapbar,"go to, search",SEARCH,"Soapbar not found after searching multiple common locations (shelves, basins).",Expand search to less obvious locations like the toilet to find the soapbar.,VALID_NEXT_TRIAL,pick_clean_then_place_in_recep-SoapBar-None-GarbageCan-429,1,1-10,pick_clean_then_place_in_recep-SoapBar-None-GarbageCan-429,4,11-11
clean some soapbar and put it in garbagecan.,garbagecan,open,SEARCH,"Attempted to open garbagecan 1, but the action had no effect.",Use the 'move' command to place objects into containers that cannot be opened.,VALID_NEXT_TRIAL,pick_clean_then_place_in_recep-SoapBar-None-GarbageCan-429,2,1-2,pick_clean_then_place_in_recep-SoapBar-None-GarbageCan-429,4,26-26
clean some soapbar and put it in garbagecan.,tissuebox,open,SEARCH,"Attempted to open tissuebox 1, but the action had no effect.","Recognize that some containers like tissuebox 1 may not be openable, requiring alternative search strategies.",CANDIDATE,pick_clean_then_place_in_recep-SoapBar-None-GarbageCan-429,2,4-6,pick_clean_then_place_in_recep-SoapBar-None-GarbageCan-429,3,11-11
clean some soapbar and put it in garbagecan.,"soapbar, toilet",take,ACQUIRE,Failed to take soapbar 1 from toilet 1 despite it being visible.,"Re-attempt 'take' action for visible objects, as initial failures might be transient or due to minor command variations.",VALID_NEXT_TRIAL,pick_clean_then_place_in_recep-SoapBar-None-GarbageCan-429,3,20-25,pick_clean_then_place_in_recep-SoapBar-None-GarbageCan-429,4,12-12
clean some soapbar and put it in garbagecan.,"soapbar, sinkbasin",clean,TRANSFORM,Attempted to clean soapbar 1 with sinkbasin 1 without being at the sinkbasin location.,"Ensure agent is at the correct location before attempting to use an object with a receptacle (e.g., cleaning).",VALID_SAME_TRIAL,pick_clean_then_place_in_recep-SoapBar-None-GarbageCan-429,4,14-14,pick_clean_then_place_in_recep-SoapBar-None-GarbageCan-429,4,16-17
clean some soapbar and put it in garbagecan.,"soapbar, garbagecan",put in,PLACE,Attempted to put soapbar 1 in garbagecan 1 without being at the garbagecan location.,Ensure agent is at the target receptacle before attempting to place an object into it.,VALID_SAME_TRIAL,pick_clean_then_place_in_recep-SoapBar-None-GarbageCan-429,4,19-19,pick_clean_then_place_in_recep-SoapBar-None-GarbageCan-429,4,21-21
clean some soapbar and put it in garbagecan.,"soapbar, garbagecan","put in, move",PLACE,"The 'put in' command failed to place soapbar 1 into garbagecan 1, even when at the location.","If 'put in' fails for a receptacle, try using the 'move [object] to [receptacle]' command as an alternative.",VALID_SAME_TRIAL,pick_clean_then_place_in_recep-SoapBar-None-GarbageCan-429,4,22-22,pick_clean_then_place_in_recep-SoapBar-None-GarbageCan-429,4,26-26
clean some soapbar and put it in garbagecan.,garbagecan,look inside,SEARCH,"Using 'look inside' on garbagecan 1 had no effect, suggesting it's not an inspectable container.","If 'look inside' fails for a container, consider it non-inspectable and try alternative interaction methods or search strategies.",VALID_NEXT_TRIAL,pick_clean_then_place_in_recep-SoapBar-None-GarbageCan-429,3,18-18,pick_clean_then_place_in_recep-SoapBar-None-GarbageCan-429,4,26-26
clean some soapbar and put it in garbagecan.,"soapbar, garbagecan","drop, move",PLACE,The 'drop' command failed to place soapbar 1 into garbagecan 1.,"If 'drop' fails for a receptacle, try using the 'move [object] to [receptacle]' command as an alternative.",VALID_SAME_TRIAL,pick_clean_then_place_in_recep-SoapBar-None-GarbageCan-429,4,25-25,pick_clean_then_place_in_recep-SoapBar-None-GarbageCan-429,4,26-26
clean some spatula and put it in diningtable.,"spatula, diningtable","put, move",PLACE,"Attempted to 'put' an object on a surface, but it failed repeatedly.",Use 'move [object] to [receptacle]' to place an object on a surface.,VALID_SAME_TRIAL,pick_clean_then_place_in_recep-Spatula-None-DiningTable-24/trial_T20190909_021050_633083,1,9-12,pick_clean_then_place_in_recep-Spatula-None-DiningTable-24/trial_T20190909_021050_633083,1,13-13
put a cool apple in garbagecan.,fridge,cool,RECOVER,Attempted to interact with a closed fridge.,Open the fridge before attempting to interact with its contents.,VALID_SAME_TRIAL,pick_cool_then_place_in_recep-Apple-None-GarbageCan-5/trial_T20190908_111836_482484,1,2-2,pick_cool_then_place_in_recep-Apple-None-GarbageCan-5/trial_T20190908_111836_482484,1,3-3
put a cool apple in garbagecan.,apple,pick,SEARCH,Failed to locate the target object 'apple' after searching many common locations.,"Systematically search all possible locations, including less obvious ones like the microwave, to find the target object.",VALID_NEXT_TRIAL,pick_cool_then_place_in_recep-Apple-None-GarbageCan-5/trial_T20190908_111836_482484,1,4-49,pick_cool_then_place_in_recep-Apple-None-GarbageCan-5/trial_T20190908_111836_482484,4,20-20
put a cool apple in garbagecan.,cabinet,pick,SEARCH,"Repeated 'go to' action to a location with no effect, indicating a navigation issue.","Verify current location before attempting to 'go to' an already visited location, or re-issue the command if it fails.",VALID_NEXT_TRIAL,pick_cool_then_place_in_recep-Apple-None-GarbageCan-5/trial_T20190908_111836_482484,2,20-21,pick_cool_then_place_in_recep-Apple-None-GarbageCan-5/trial_T20190908_111836_482484,3,2-2
put a cool apple in garbagecan.,"apple, fridge",cool,TRANSFORM,Used 'put' instead of 'cool' to cool an apple in the fridge.,Use the specific 'cool' command with the cooling appliance to cool an object.,VALID_SAME_TRIAL,pick_cool_then_place_in_recep-Apple-None-GarbageCan-5/trial_T20190908_111836_482484,4,24-24,pick_cool_then_place_in_recep-Apple-None-GarbageCan-5/trial_T20190908_111836_482484,4,25-25
put a cool apple in garbagecan.,"apple, garbagecan",place,PLACE,Used 'put' instead of 'move' to place an apple into the garbagecan.,Use the 'move' command to place an object into the garbagecan.,VALID_SAME_TRIAL,pick_cool_then_place_in_recep-Apple-None-GarbageCan-5/trial_T20190908_111836_482484,4,28-28,pick_cool_then_place_in_recep-Apple-None-GarbageCan-5/trial_T20190908_111836_482484,4,29-29
cool some bowl and put it in cabinet.,cabinet,open,SEARCH,"Attempted to interact with a closed cabinet, preventing access to contents.",Always open a closed cabinet before attempting to search or interact with its contents.,VALID_SAME_TRIAL,pick_cool_then_place_in_recep-Bowl-None-Cabinet-19/trial_T20190908_022130_590876,1,5-12,pick_cool_then_place_in_recep-Bowl-None-Cabinet-19/trial_T20190908_022130_590876,1,6-13
cool some bowl and put it in cabinet.,fridge,"open, cool",TRANSFORM,Attempted to cool an item using a closed fridge.,Open the fridge before attempting to cool items inside it.,VALID_SAME_TRIAL,pick_cool_then_place_in_recep-Bowl-None-Cabinet-19/trial_T20190908_022130_590876,1,17-17,pick_cool_then_place_in_recep-Bowl-None-Cabinet-19/trial_T20190908_022130_590876,1,18-18
put a cool bowl in microwave.,fridge,"open, cool",TRANSFORM,"Failed to interact with the fridge because it was closed, preventing cooling.",Always ensure the appliance is open by using the 'open' action before attempting to interact with it.,VALID_NEXT_TRIAL,pick_cool_then_place_in_recep-Bowl-None-Microwave-7/trial_T20190908_231310_981246,1,6-8,pick_cool_then_place_in_recep-Bowl-None-Microwave-7/trial_T20190908_231310_981246,2,22-23
put a cool bowl in microwave.,"bowl, fridge","put, cool",TRANSFORM,Used 'put [object] in [appliance]' instead of the direct 'cool with' action for cooling.,"To cool an object, use the 'cool [object] with [appliance]' action directly, not 'put in'.",VALID_SAME_TRIAL,pick_cool_then_place_in_recep-Bowl-None-Microwave-7/trial_T20190908_231310_981246,2,24-24,pick_cool_then_place_in_recep-Bowl-None-Microwave-7/trial_T20190908_231310_981246,2,26-26
put a cool bowl in microwave.,"bowl, microwave","put, move",PLACE,Used 'put [object] in [receptacle]' instead of 'move [object] to [receptacle]' to place an item.,"To place an object into a receptacle, use the 'move [object] to [receptacle]' action.",VALID_SAME_TRIAL,pick_cool_then_place_in_recep-Bowl-None-Microwave-7/trial_T20190908_231310_981246,2,29-29,pick_cool_then_place_in_recep-Bowl-None-Microwave-7/trial_T20190908_231310_981246,2,31-31
cool some bread and put it in countertop.,"Bread, CounterTop","pick, cool, place",SEARCH,"Bread not found in initial search locations (cabinet 1, cabinet 2).",Prioritize searching common locations like countertops for bread.,VALID_NEXT_TRIAL,pick_cool_then_place_in_recep-Bread-None-CounterTop-17/trial_T20190907_150853_448489,1,3-4,pick_cool_then_place_in_recep-Bread-None-CounterTop-17/trial_T20190907_150853_448489,2,2-2
cool some bread and put it in countertop.,"Bread, CounterTop","pick, cool, place",SEARCH,Repeatedly attempted to go to an invalid location 'cabinet 3'.,Verify location validity before attempting to navigate.,VALID_NEXT_TRIAL,pick_cool_then_place_in_recep-Bread-None-CounterTop-17/trial_T20190907_150853_448489,1,5-6,pick_cool_then_place_in_recep-Bread-None-CounterTop-17/trial_T20190907_150853_448489,2,1-1
cool some bread and put it in countertop.,"Bread, CounterTop","pick, cool, place",TRANSFORM,Attempted to cool bread with a closed fridge.,Open the fridge before attempting to cool items inside.,VALID_SAME_TRIAL,pick_cool_then_place_in_recep-Bread-None-CounterTop-17/trial_T20190907_150853_448489,2,5-5,pick_cool_then_place_in_recep-Bread-None-CounterTop-17/trial_T20190907_150853_448489,2,6-6
cool some bread and put it in countertop.,"Bread, CounterTop","pick, cool, place",PLACE,Used 'put in' and 'put on' commands which had no effect when placing bread on countertop.,Use 'move X to Y' command to successfully place items on a countertop.,VALID_SAME_TRIAL,pick_cool_then_place_in_recep-Bread-None-CounterTop-17/trial_T20190907_150853_448489,2,12-13,pick_cool_then_place_in_recep-Bread-None-CounterTop-17/trial_T20190907_150853_448489,2,14-14
put a cool bread in diningtable.,"bread, countertop",take,ACQUIRE,Attempted to take object from a different location.,Go to the correct location (countertop 2) before attempting to take an object.,VALID_SAME_TRIAL,pick_cool_then_place_in_recep-Bread-None-DiningTable-15/trial_T20190908_195722_260654,1,3-3,pick_cool_then_place_in_recep-Bread-None-DiningTable-15/trial_T20190908_195722_260654,1,5-6
put a cool bread in diningtable.,"bread, fridge",cool,TRANSFORM,Attempted to cool with a closed container.,Open the container (fridge 1) before attempting to cool an object inside.,VALID_SAME_TRIAL,pick_cool_then_place_in_recep-Bread-None-DiningTable-15/trial_T20190908_195722_260654,1,8-8,pick_cool_then_place_in_recep-Bread-None-DiningTable-15/trial_T20190908_195722_260654,1,9-11
put a cool bread in diningtable.,"bread, diningtable",put,PLACE,Incorrect verb used for placing object on a surface.,Use 'move' instead of 'put' to place objects on surfaces.,VALID_SAME_TRIAL,pick_cool_then_place_in_recep-Bread-None-DiningTable-15/trial_T20190908_195722_260654,1,14-14,pick_cool_then_place_in_recep-Bread-None-DiningTable-15/trial_T20190908_195722_260654,1,15-15
put a cool bread in microwave.,fridge,open,TRANSFORM,Repeatedly failed to open fridge.,Go to the fridge before attempting to open it.,VALID_NEXT_TRIAL,pick_cool_then_place_in_recep-Bread-None-Microwave-15/trial_T20190907_132900_527945,1,7-8,pick_cool_then_place_in_recep-Bread-None-Microwave-15/trial_T20190907_132900_527945,2,8-9
put a cool bread in microwave.,"bread, fridge",put,TRANSFORM,Used 'put' instead of 'cool' to transform bread in fridge.,Use the 'cool' verb to cool an object with an appliance.,VALID_SAME_TRIAL,pick_cool_then_place_in_recep-Bread-None-Microwave-15/trial_T20190907_132900_527945,2,10-10,pick_cool_then_place_in_recep-Bread-None-Microwave-15/trial_T20190907_132900_527945,2,11-11
put a cool bread in microwave.,"bread, microwave",put,PLACE,Used 'put' instead of 'move' to place bread in microwave.,Use the 'move' verb to place an object into a receptacle.,VALID_SAME_TRIAL,pick_cool_then_place_in_recep-Bread-None-Microwave-15/trial_T20190907_132900_527945,2,15-15,pick_cool_then_place_in_recep-Bread-None-Microwave-15/trial_T20190907_132900_527945,2,16-16
put a cool lettuce in countertop.,"lettuce, fridge","cool, put",TRANSFORM,"Failed to cool an item using the fridge, attempting incorrect 'put' actions.",Use the direct 'cool <item> with <appliance>' command; it handles appliance state and does not require placing the item inside first.,VALID_SAME_TRIAL,pick_cool_then_place_in_recep-Lettuce-None-CounterTop-24/trial_T20190908_015250_257517,1,11-19,pick_cool_then_place_in_recep-Lettuce-None-CounterTop-24/trial_T20190908_015250_257517,1,22-22
put a cool lettuce in countertop.,"lettuce, countertop","put, move",PLACE,Failed to place an item on a receptacle because the agent was not at the target location.,Ensure agent is at the target receptacle location before attempting to place an item; use 'move <item> to <receptacle>'.,VALID_SAME_TRIAL,pick_cool_then_place_in_recep-Lettuce-None-CounterTop-24/trial_T20190908_015250_257517,1,24-25,pick_cool_then_place_in_recep-Lettuce-None-CounterTop-24/trial_T20190908_015250_257517,1,28-28
cool some lettuce and put it in diningtable.,"lettuce, fridge","pick, cool, place",TRANSFORM,Attempted to use a closed fridge.,Open the container before attempting to use it.,VALID_SAME_TRIAL,pick_cool_then_place_in_recep-Lettuce-None-DiningTable-21,1,9-9,pick_cool_then_place_in_recep-Lettuce-None-DiningTable-21,1,11-13
cool some lettuce and put it in diningtable.,"lettuce, diningtable","pick, cool, place",PLACE,Failed to place object because agent was not at the target location diningtable.,Navigate to the target location before attempting to place an object there.,VALID_SAME_TRIAL,pick_cool_then_place_in_recep-Lettuce-None-DiningTable-21,1,15-15,pick_cool_then_place_in_recep-Lettuce-None-DiningTable-21,1,17-18
put a cool mug in shelf.,cabinet,go,SEARCH,Attempted to 'go to' an already arrived location or malformed action.,Avoid repeating 'go to' action if already at location; proceed with next logical step.,VALID_NEXT_TRIAL,pick_cool_then_place_in_recep-Mug-None-Shelf-20,2,17-17,pick_cool_then_place_in_recep-Mug-None-Shelf-20,3,19-19
put a cool mug in shelf.,"mug, fridge",cool,TRANSFORM,Failed to cool mug with fridge because fridge was closed.,Open the fridge before attempting to cool an item inside it.,VALID_NEXT_TRIAL,pick_cool_then_place_in_recep-Mug-None-Shelf-20,1,32-32,pick_cool_then_place_in_recep-Mug-None-Shelf-20,3,38-38
put a cool mug in shelf.,fridge,open,TRANSFORM,Failed to open fridge 1.,Successfully open the fridge to access its contents.,VALID_NEXT_TRIAL,pick_cool_then_place_in_recep-Mug-None-Shelf-20,1,33-34,pick_cool_then_place_in_recep-Mug-None-Shelf-20,3,38-38
put a cool mug in shelf.,"cabinet, drawer",open,SEARCH,"Failed to open a container, indicating it may not be a valid container.","If 'open' action fails on a container, infer it's not a container or is empty and move on.",VALID_SAME_TRIAL,pick_cool_then_place_in_recep-Mug-None-Shelf-20,3,18-18,pick_cool_then_place_in_recep-Mug-None-Shelf-20,3,19-19
put a cool mug in shelf.,"mug, fridge",put,TRANSFORM,"Used 'put' action to cool mug in fridge, which was ineffective.","Use the specific 'cool' verb with the appliance for cooling, not 'put'.",VALID_SAME_TRIAL,pick_cool_then_place_in_recep-Mug-None-Shelf-20,3,39-39,pick_cool_then_place_in_recep-Mug-None-Shelf-20,3,41-41
put a cool mug in shelf.,"mug, shelf",put,PLACE,"Used 'put' action to place mug on shelf, which was ineffective.","Use the 'move' verb to place an item on a shelf, not 'put'.",VALID_SAME_TRIAL,pick_cool_then_place_in_recep-Mug-None-Shelf-20,3,44-44,pick_cool_then_place_in_recep-Mug-None-Shelf-20,3,45-45
cool some pan and put it in diningtable.,pan,pick,SEARCH,Agent failed to find an object explicitly named 'pan' after extensive searching.,"Accept 'pot' as an acceptable substitute for 'pan' when 'pan' is not explicitly found, and pick it up.",VALID_NEXT_TRIAL,pick_cool_then_place_in_recep-Pan-None-DiningTable-11,1,2-49,pick_cool_then_place_in_recep-Pan-None-DiningTable-11,2,1-3
cool some pan and put it in diningtable.,"pot, fridge",put,TRANSFORM,"Attempted to 'put' an object into the fridge to cool it, which failed.","Use the 'cool' action directly with the object and fridge to cool it, instead of 'put'.",VALID_SAME_TRIAL,pick_cool_then_place_in_recep-Pan-None-DiningTable-11,2,7-7,pick_cool_then_place_in_recep-Pan-None-DiningTable-11,2,8-8
cool some pan and put it in diningtable.,"pot, diningtable",put,PLACE,"Attempted to 'put' an object on the dining table, which failed.",Use the 'move' action to place an object on a surface like a dining table.,VALID_SAME_TRIAL,pick_cool_then_place_in_recep-Pan-None-DiningTable-11,2,11-11,pick_cool_then_place_in_recep-Pan-None-DiningTable-11,2,12-13
cool some pan and put it in diningtable.,stoveburner,go to,SEARCH,Repeatedly attempted to 'go to' an unreachable or invalid location 'stoveburner 2' or 'stoveburner 4'.,"If 'go to' an object fails with 'Nothing happens', recognize it as unreachable/invalid and proceed to search other locations.",VALID_NEXT_TRIAL,pick_cool_then_place_in_recep-Pan-None-DiningTable-11,4,3-4,pick_cool_then_place_in_recep-Pan-None-DiningTable-11,7,28-28
cool some pan and put it in diningtable.,"pan, pot",pick,SEARCH,"Agent regressed, failing to accept 'pot' as a substitute for 'pan' despite previous successful substitution.",Re-affirm that 'pot' is an acceptable substitute for 'pan' when 'pan' is not explicitly found.,VALID_NEXT_TRIAL,pick_cool_then_place_in_recep-Pan-None-DiningTable-11,5,41-41,pick_cool_then_place_in_recep-Pan-None-DiningTable-11,6,4-4
cool some pan and put it in diningtable.,"pot, fridge","cool, take",RECOVER,Incorrectly assumed 'cool' action removes the object from inventory and places it inside the fridge.,Understand that the 'cool' action does not remove the object from inventory; it remains held by the agent.,VALID_NEXT_TRIAL,pick_cool_then_place_in_recep-Pan-None-DiningTable-11,6,12-12,pick_cool_then_place_in_recep-Pan-None-DiningTable-11,7,12-12
cool some pan and put it in diningtable.,pot,"put, take",RECOVER,"Agent entered a contradictory loop, believing the object vanished after a failed 'put' action and incorrect inventory assumptions.",No specific learning found.,CANDIDATE,pick_cool_then_place_in_recep-Pan-None-DiningTable-11,7,16-22,N/A,-1,-1--1
,,,,,,,,,,,,
cool some plate and put it in cabinet.,"plate, cabinet",pick,SEARCH,Plate not found in initial cabinet searches.,Systematically search multiple cabinets until the plate is located.,VALID_SAME_TRIAL,pick_cool_then_place_in_recep-Plate-None-Cabinet-27/trial_T20190906_173250_466409,1,2-17,pick_cool_then_place_in_recep-Plate-None-Cabinet-27/trial_T20190906_173250_466409,1,18-18
cool some plate and put it in cabinet.,"plate, fridge",cool,TRANSFORM,Attempted to cool plate with a closed fridge.,Ensure the fridge is open before attempting to cool an item with it.,VALID_SAME_TRIAL,pick_cool_then_place_in_recep-Plate-None-Cabinet-27/trial_T20190906_173250_466409,1,20-20,pick_cool_then_place_in_recep-Plate-None-Cabinet-27/trial_T20190906_173250_466409,1,24-24
cool some plate and put it in cabinet.,fridge,open,TRANSFORM,Failed to open fridge while not at its location.,Navigate to the fridge before attempting to open it.,VALID_SAME_TRIAL,pick_cool_then_place_in_recep-Plate-None-Cabinet-27/trial_T20190906_173250_466409,1,21-21,pick_cool_then_place_in_recep-Plate-None-Cabinet-27/trial_T20190906_173250_466409,1,22-23
cool some plate and put it in cabinet.,"plate, cabinet",place,PLACE,Attempted to place plate in cabinet while not at its location.,Go to the target receptacle's location before attempting to place an item.,VALID_SAME_TRIAL,pick_cool_then_place_in_recep-Plate-None-Cabinet-27/trial_T20190906_173250_466409,1,25-25,pick_cool_then_place_in_recep-Plate-None-Cabinet-27/trial_T20190906_173250_466409,1,26-27
cool some plate and put it in cabinet.,"plate, cabinet","pick, cool, place",SEARCH,Agent repeatedly used 'look around' command which had no effect on finding objects.,"To find objects, go to specific locations and observe contents, or open containers to check inside.",VALID_NEXT_TRIAL,pick_cool_then_place_in_recep-Plate-None-Cabinet-7,1,3-4,pick_cool_then_place_in_recep-Plate-None-Cabinet-7,2,2-3
cool some plate and put it in cabinet.,"plate, cabinet","pick, cool, place",SEARCH,"Agent arrived at a closed cabinet, blocking the ability to search for items inside.",Open closed containers before attempting to search or interact with their contents.,VALID_SAME_TRIAL,pick_cool_then_place_in_recep-Plate-None-Cabinet-7,2,2-2,pick_cool_then_place_in_recep-Plate-None-Cabinet-7,2,3-3
cool some plate and put it in cabinet.,"plate, cabinet","pick, cool, place",SEARCH,"Agent attempted to open a cabinet from a different location, resulting in no action.",Go to the specific location of a container before attempting to open or interact with it.,VALID_SAME_TRIAL,pick_cool_then_place_in_recep-Plate-None-Cabinet-7,2,28-28,pick_cool_then_place_in_recep-Plate-None-Cabinet-7,2,30-31
cool some pot and put it in diningtable.,fridge,"cool, open",TRANSFORM,Attempted to cool an item using a closed fridge.,Always open the fridge before attempting to cool items with it.,VALID_SAME_TRIAL,pick_cool_then_place_in_recep-Pot-None-DiningTable-24,1,6-6,pick_cool_then_place_in_recep-Pot-None-DiningTable-24,1,7-7
cool some tomato and put it in diningtable.,fridge,"go, open",RECOVER,Attempted to interact with a closed fridge.,Open the fridge before attempting to access its contents.,VALID_SAME_TRIAL,pick_cool_then_place_in_recep-Tomato-None-DiningTable-11/trial_T20190908_220012_692282,1,2-2,pick_cool_then_place_in_recep-Tomato-None-DiningTable-11/trial_T20190908_220012_692282,1,3-3
cool some tomato and put it in diningtable.,tomato,go,SEARCH,Tomato not found in initial expected locations like fridge or countertops.,Systematically search common food locations like dining table when object is not in initial expected place.,VALID_SAME_TRIAL,pick_cool_then_place_in_recep-Tomato-None-DiningTable-11/trial_T20190908_220012_692282,1,4-9,pick_cool_then_place_in_recep-Tomato-None-DiningTable-11/trial_T20190908_220012_692282,1,10-10
put a cool tomato in garbagecan.,"tomato, fridge",cool,TRANSFORM,"Attempted to cool an item with an open fridge, resulting in no effect.",Close the fridge before attempting to cool an item with it.,VALID_SAME_TRIAL,pick_cool_then_place_in_recep-Tomato-None-GarbageCan-15/trial_T20190907_082803_736076,1,8-14,pick_cool_then_place_in_recep-Tomato-None-GarbageCan-15/trial_T20190907_082803_736076,1,16-17
put a cool tomato in garbagecan.,"tomato, fridge","put, move",TRANSFORM,"Used 'put' to place an item in the fridge, but it had no effect.",Use 'move' action to place an item inside a container like a fridge.,VALID_SAME_TRIAL,pick_cool_then_place_in_recep-Tomato-None-GarbageCan-15/trial_T20190907_082803_736076,1,10-10,pick_cool_then_place_in_recep-Tomato-None-GarbageCan-15/trial_T20190907_082803_736076,1,11-11
cool some tomato and put it in garbagecan.,cabinet,go,SEARCH,Attempting to 'go to' a location (cabinet 2) repeatedly resulted in 'Nothing happens'.,"Proceed with interaction actions like 'open' even if 'go to' reports 'Nothing happens', as the agent might already be at the target location.",VALID_NEXT_TRIAL,pick_cool_then_place_in_recep-Tomato-None-GarbageCan-5,1,5-6,pick_cool_then_place_in_recep-Tomato-None-GarbageCan-5,7,9-9
cool some tomato and put it in garbagecan.,"container, surface",look,SEARCH,Using the 'look in' command on various containers and surfaces consistently resulted in 'Nothing happens'.,Switch to alternative observation commands like 'look around' or rely on automatic observations upon arrival at a location.,VALID_NEXT_TRIAL,pick_cool_then_place_in_recep-Tomato-None-GarbageCan-5,2,5-23,pick_cool_then_place_in_recep-Tomato-None-GarbageCan-5,7,44-47
cool some tomato and put it in garbagecan.,"cabinet, drawer",open,SEARCH,An 'open' action was reported as successful but immediately followed by a contradictory 'Nothing happens' observation.,N/A,CANDIDATE,pick_cool_then_place_in_recep-Tomato-None-GarbageCan-5,5,33-47,,,
cool some tomato and put it in garbagecan.,cabinet,open,SEARCH,Attempting to 'open' a container (cabinet 19) resulted in 'Nothing happens'.,Ensure the agent is at the correct location before attempting to open a container.,VALID_SAME_TRIAL,pick_cool_then_place_in_recep-Tomato-None-GarbageCan-5,6,22-22,pick_cool_then_place_in_recep-Tomato-None-GarbageCan-5,6,23-24
cool some tomato and put it in garbagecan.,shelf,check,SEARCH,Using the 'check' command on a surface (shelf 1) resulted in 'Nothing happens'.,"Rely on automatic observations upon arrival at a location to identify contents, rather than using 'check'.",VALID_SAME_TRIAL,pick_cool_then_place_in_recep-Tomato-None-GarbageCan-5,6,26-26,pick_cool_then_place_in_recep-Tomato-None-GarbageCan-5,6,27-28
cool some tomato and put it in garbagecan.,countertop,look,SEARCH,Using the 'look around' command on a surface resulted in 'Nothing happens'.,N/A,CANDIDATE,pick_cool_then_place_in_recep-Tomato-None-GarbageCan-5,7,44-47,,,
cool some tomato and put it in garbagecan.,tomato,pick,SEARCH,The target object 'tomato' was not found after extensive systematic searching across all trials.,N/A,CANDIDATE,pick_cool_then_place_in_recep-Tomato-None-GarbageCan-5,1,1-6,,,
put a cool winebottle in cabinet.,"winebottle, fridge","cool, open",TRANSFORM,Failed to cool winebottle with fridge because the fridge was closed.,Go to the fridge and open it before attempting to cool an item.,VALID_SAME_TRIAL,pick_cool_then_place_in_recep-WineBottle-None-Cabinet-16/trial_T20190907_084106_624638,1,6-6,pick_cool_then_place_in_recep-WineBottle-None-Cabinet-16/trial_T20190907_084106_624638,1,8-9
put a cool winebottle in cabinet.,fridge,"open, go",TRANSFORM,Failed to open the fridge while not at its location.,Go to the fridge before attempting to open it.,VALID_SAME_TRIAL,pick_cool_then_place_in_recep-WineBottle-None-Cabinet-16/trial_T20190907_084106_624638,1,7-7,pick_cool_then_place_in_recep-WineBottle-None-Cabinet-16/trial_T20190907_084106_624638,1,8-8
put a cool winebottle in cabinet.,"winebottle, cabinet, diningtable, countertop","go, open, take",SEARCH,"Inefficiently searched many cabinets for winebottle, which was not present.",Prioritize searching common locations like countertops and dining tables for the winebottle.,VALID_NEXT_TRIAL,pick_cool_then_place_in_recep-WineBottle-None-Cabinet-16/trial_T20190907_084106_624638,2,3-49,pick_cool_then_place_in_recep-WineBottle-None-Cabinet-16/trial_T20190907_084106_624638,3,4-4
put a cool winebottle in cabinet.,"winebottle, fridge","put, cool",TRANSFORM,Used 'put' instead of 'cool' to transform winebottle in the fridge.,"Use the 'cool' verb with the fridge to cool an object, not 'put'.",VALID_SAME_TRIAL,pick_cool_then_place_in_recep-WineBottle-None-Cabinet-16/trial_T20190907_084106_624638,3,8-8,pick_cool_then_place_in_recep-WineBottle-None-Cabinet-16/trial_T20190907_084106_624638,3,9-9
put a cool winebottle in cabinet.,"winebottle, fridge","take, cool",ACQUIRE,"Tried to take winebottle from fridge, but it was held during cooling.","Understand that 'cool with' action keeps object in hand, so no 'take' is needed.",VALID_SAME_TRIAL,pick_cool_then_place_in_recep-WineBottle-None-Cabinet-16/trial_T20190907_084106_624638,3,10-10,pick_cool_then_place_in_recep-WineBottle-None-Cabinet-16/trial_T20190907_084106_624638,3,11-11
put a cool winebottle in cabinet.,"winebottle, cabinet","put, move",PLACE,Repeatedly failed to place winebottle into cabinets using the 'put' command.,Use 'move' instead of 'put' to place the winebottle into the cabinet.,VALID_NEXT_TRIAL,pick_cool_then_place_in_recep-WineBottle-None-Cabinet-16/trial_T20190907_084106_624638,1,14-15,pick_cool_then_place_in_recep-WineBottle-None-Cabinet-16/trial_T20190907_084106_624638,4,16-16
put a cool winebottle in countertop.,"winebottle, fridge",cool,TRANSFORM,Failed to cool winebottle or open fridge due to not being at the appliance.,Go to the appliance (fridge) and open it before attempting to cool an item.,VALID_SAME_TRIAL,pick_cool_then_place_in_recep-WineBottle-None-CounterTop-17,1,6-7,pick_cool_then_place_in_recep-WineBottle-None-CounterTop-17,1,9-11
put a cool winebottle in countertop.,"winebottle, countertop",place,PLACE,Used 'put in' command instead of 'move to' for placing an object on a surface.,Use the 'move to' command when placing an object on a surface like a countertop.,VALID_SAME_TRIAL,pick_cool_then_place_in_recep-WineBottle-None-CounterTop-17,1,14-14,pick_cool_then_place_in_recep-WineBottle-None-CounterTop-17,1,15-15
heat some apple and put it in fridge.,"apple, microwave",heat,TRANSFORM,Heated apple disappeared from inventory after heating with an open microwave.,Ensure the microwave is closed when heating an item to keep it in inventory.,VALID_NEXT_TRIAL,pick_heat_then_place_in_recep-Apple-None-Fridge-30,1,7-13,pick_heat_then_place_in_recep-Apple-None-Fridge-30,5,9-10
heat some apple and put it in fridge.,fridge,open,RECOVER,Agent attempted to open fridge without being at its location.,Go to the object's location before attempting to interact with it.,VALID_SAME_TRIAL,pick_heat_then_place_in_recep-Apple-None-Fridge-30,2,2-3,pick_heat_then_place_in_recep-Apple-None-Fridge-30,2,4-4
heat some apple and put it in fridge.,"apple, microwave",put,TRANSFORM,"Agent attempted to put apple into microwave before heating, but the action failed.",Do not put the item into the microwave; heat it directly while holding it and ensuring the microwave is closed.,VALID_NEXT_TRIAL,pick_heat_then_place_in_recep-Apple-None-Fridge-30,2,13-14,pick_heat_then_place_in_recep-Apple-None-Fridge-30,4,10-11
heat some apple and put it in fridge.,"apple, microwave",heat,TRANSFORM,Agent attempted to heat apple with microwave while microwave was closed.,Open the microwave before attempting to heat an item.,VALID_SAME_TRIAL,pick_heat_then_place_in_recep-Apple-None-Fridge-30,3,8-8,pick_heat_then_place_in_recep-Apple-None-Fridge-30,3,9-10
heat some apple and put it in fridge.,"apple, fridge","put, move",PLACE,"Agent attempted to put heated apple in fridge using 'put' command, but it failed.",Use the 'move' command to place an item into a receptacle like a fridge.,VALID_NEXT_TRIAL,pick_heat_then_place_in_recep-Apple-None-Fridge-30,1,13-13,pick_heat_then_place_in_recep-Apple-None-Fridge-30,5,16-16
put a hot apple in fridge.,fridge,"open, look",PLACE,Failed to open or look inside the fridge from a distance.,Go to the fridge's location before attempting to open or look inside it.,VALID_NEXT_TRIAL,pick_heat_then_place_in_recep-Apple-None-Fridge-6/trial_T20190908_153716_620298,1,3-5,pick_heat_then_place_in_recep-Apple-None-Fridge-6/trial_T20190908_153716_620298,7,34-35
put a hot apple in fridge.,"cabinet, drawer",open,SEARCH,Failed to open cabinets or drawers without being at their location.,Go to the cabinet or drawer's location before attempting to open it.,VALID_SAME_TRIAL,pick_heat_then_place_in_recep-Apple-None-Fridge-6/trial_T20190908_153716_620298,2,25-25,pick_heat_then_place_in_recep-Apple-None-Fridge-6/trial_T20190908_153716_620298,2,22-23
put a hot apple in fridge.,"apple, cup","put, move",RECOVER,Failed to put down an item using the 'put' command.,Use the 'move' command to place an item from inventory onto a surface.,VALID_SAME_TRIAL,pick_heat_then_place_in_recep-Apple-None-Fridge-6/trial_T20190908_153716_620298,3,21-22,pick_heat_then_place_in_recep-Apple-None-Fridge-6/trial_T20190908_153716_620298,3,31-31
put a hot apple in fridge.,"cup, pot, pan, mug, kettle","take, move",ACQUIRE,Failed to take or move an item while already holding another item.,Place the currently held item down before attempting to take or move another item.,VALID_SAME_TRIAL,pick_heat_then_place_in_recep-Apple-None-Fridge-6/trial_T20190908_153716_620298,3,14-14,pick_heat_then_place_in_recep-Apple-None-Fridge-6/trial_T20190908_153716_620298,3,31-34
put a hot apple in fridge.,"apple, microwave","heat, put",TRANSFORM,Failed to heat apple in microwave or put apple into microwave.,Heat the item in an open microwave; it can be heated even if another item is inside.,VALID_NEXT_TRIAL,pick_heat_then_place_in_recep-Apple-None-Fridge-6/trial_T20190908_153716_620298,2,8-8,pick_heat_then_place_in_recep-Apple-None-Fridge-6/trial_T20190908_153716_620298,7,32-33
put a hot apple in fridge.,"apple, stoveburner","heat, put",TRANSFORM,Failed to heat apple directly on a stoveburner without a container.,"Place the item in a suitable container (e.g., pot, pan) before heating on a stoveburner.",CANDIDATE,pick_heat_then_place_in_recep-Apple-None-Fridge-6/trial_T20190908_153716_620298,2,14-14,,,
put a hot apple in fridge.,"microwave, cup",close,TRANSFORM,Failed to close the microwave while an item was still inside.,Remove all items from the microwave before attempting to close it.,VALID_SAME_TRIAL,pick_heat_then_place_in_recep-Apple-None-Fridge-6/trial_T20190908_153716_620298,3,18-18,pick_heat_then_place_in_recep-Apple-None-Fridge-6/trial_T20190908_153716_620298,3,34-44
put a hot apple in fridge.,apple,"put, take",PLACE,Heated apple became un-interactable after successful heating in microwave.,No successful action or strategy was found to resolve this issue.,CANDIDATE,pick_heat_then_place_in_recep-Apple-None-Fridge-6/trial_T20190908_153716_620298,7,36-36,,,
put a hot bread in diningtable.,"bread, microwave",heat,TRANSFORM,Attempted to heat bread with microwave while it was closed.,"Heat items directly with the microwave when it is closed, without needing to open or put items inside first.",VALID_NEXT_TRIAL,pick_heat_then_place_in_recep-Bread-None-DiningTable-15/trial_T20190907_030751_816698,1,6-6,pick_heat_then_place_in_recep-Bread-None-DiningTable-15/trial_T20190907_030751_816698,2,18-18
put a hot bread in diningtable.,microwave,open,TRANSFORM,"Failed to open microwave, receiving 'Nothing happens' observation.",Successfully open the microwave to prepare for heating.,VALID_NEXT_TRIAL,pick_heat_then_place_in_recep-Bread-None-DiningTable-15/trial_T20190907_030751_816698,1,7-8,pick_heat_then_place_in_recep-Bread-None-DiningTable-15/trial_T20190907_030751_816698,2,14-14
put a hot bread in diningtable.,"bread, toaster",put,TRANSFORM,Used 'put' instead of 'heat' to warm bread with toaster.,"Use the 'heat' action for heating items with appliances, not 'put'.",VALID_SAME_TRIAL,pick_heat_then_place_in_recep-Bread-None-DiningTable-15/trial_T20190907_030751_816698,2,5-5,pick_heat_then_place_in_recep-Bread-None-DiningTable-15/trial_T20190907_030751_816698,2,7-7
put a hot bread in diningtable.,"bread, toaster",heat,TRANSFORM,"Failed to heat bread using toaster, receiving 'Nothing happens'.",Switch to a known working appliance like the microwave when a new appliance fails repeatedly.,VALID_SAME_TRIAL,pick_heat_then_place_in_recep-Bread-None-DiningTable-15/trial_T20190907_030751_816698,2,7-7,pick_heat_then_place_in_recep-Bread-None-DiningTable-15/trial_T20190907_030751_816698,2,13-18
put a hot bread in diningtable.,toaster,open,TRANSFORM,"Failed to open toaster, receiving 'Nothing happens' observation.",Switch to a known working appliance like the microwave when a new appliance fails repeatedly.,VALID_SAME_TRIAL,pick_heat_then_place_in_recep-Bread-None-DiningTable-15/trial_T20190907_030751_816698,2,9-9,pick_heat_then_place_in_recep-Bread-None-DiningTable-15/trial_T20190907_030751_816698,2,13-18
put a hot bread in diningtable.,"bread, microwave",put,TRANSFORM,"Attempted to 'put' bread into an open microwave, which failed.","Use the 'heat' action directly on the item with the appliance, ensuring the appliance is closed, instead of 'put'.",VALID_SAME_TRIAL,pick_heat_then_place_in_recep-Bread-None-DiningTable-15/trial_T20190907_030751_816698,2,15-15,pick_heat_then_place_in_recep-Bread-None-DiningTable-15/trial_T20190907_030751_816698,2,18-18
heat some cup and put it in cabinet.,cabinet,open,SEARCH,"Agent repeatedly failed to open various cabinets, receiving 'Nothing happens' observation.",Cabinets can be opened by explicitly using the 'open' command after navigating to them.,VALID_NEXT_TRIAL,pick_heat_then_place_in_recep-Cup-None-Cabinet-28,1,2-12,pick_heat_then_place_in_recep-Cup-None-Cabinet-28,2,11-12
heat some cup and put it in cabinet.,"cup, microwave","heat, open",TRANSFORM,Agent failed to heat cup with microwave and could not open microwave.,Ensure microwave is open before attempting to heat an item with it.,VALID_NEXT_TRIAL,pick_heat_then_place_in_recep-Cup-None-Cabinet-28,1,17-18,pick_heat_then_place_in_recep-Cup-None-Cabinet-28,2,6-9
heat some cup and put it in cabinet.,"cup, microwave",put,TRANSFORM,Agent failed to put cup into the microwave.,Heating an item with the microwave does not require explicitly putting the item inside; it works directly if the microwave is open.,VALID_NEXT_TRIAL,pick_heat_then_place_in_recep-Cup-None-Cabinet-28,1,20-20,pick_heat_then_place_in_recep-Cup-None-Cabinet-28,2,7-9
heat some cup and put it in cabinet.,"cup, stoveburner",heat,TRANSFORM,Agent failed to heat cup using the stoveburner.,Investigate alternative heating methods if stoveburner fails to heat the item.,CANDIDATE,pick_heat_then_place_in_recep-Cup-None-Cabinet-28,1,22-22,pick_heat_then_place_in_recep-Cup-None-Cabinet-28,1,22-22
heat some cup and put it in cabinet.,"cup, cabinet",put,PLACE,Agent failed to place cup into cabinet using 'put' command.,Use the 'move' command instead of 'put' to place an item into an open cabinet.,VALID_NEXT_TRIAL,pick_heat_then_place_in_recep-Cup-None-Cabinet-28,1,26-26,pick_heat_then_place_in_recep-Cup-None-Cabinet-28,2,13-14
heat some egg and put it in garbagecan.,"fridge, cabinet, drawer, microwave","open, look in",SEARCH,"Commands `open` and `look in` failed for containers like fridge, cabinets, and microwave during object search.","Search for objects on visible surfaces directly, as container interaction commands are non-functional for finding items.",VALID_SAME_TRIAL,pick_heat_then_place_in_recep-Egg-None-GarbageCan-12,1,2-18,pick_heat_then_place_in_recep-Egg-None-GarbageCan-12,1,32-33
heat some egg and put it in garbagecan.,"egg, microwave, stoveburner, pan","heat, open, put",TRANSFORM,Failed to heat egg using microwave (initially unable to open or place egg) or alternative methods like stoveburner/pan.,"To heat the egg, first open the microwave, then `move` the egg inside, and finally `close` the microwave before using the `heat` command.",VALID_NEXT_TRIAL,pick_heat_then_place_in_recep-Egg-None-GarbageCan-12,1,35-43,pick_heat_then_place_in_recep-Egg-None-GarbageCan-12,3,5-11
heat some egg and put it in garbagecan.,"egg, garbagecan",put,PLACE,"Used `put` command to place egg into garbagecan, which resulted in no action.",Use the `move` command instead of `put` to successfully place objects into receptacles.,VALID_SAME_TRIAL,pick_heat_then_place_in_recep-Egg-None-GarbageCan-12,1,46-46,pick_heat_then_place_in_recep-Egg-None-GarbageCan-12,1,48-48
heat some egg and put it in garbagecan.,"egg, garbagecan",move,PLACE,Failed to move egg to garbagecan because the agent was not at the garbagecan's location.,Navigate to the target receptacle's location before attempting to move an object into it.,VALID_SAME_TRIAL,pick_heat_then_place_in_recep-Egg-None-GarbageCan-12,3,12-12,pick_heat_then_place_in_recep-Egg-None-GarbageCan-12,3,14-16
heat some mug and put it in cabinet.,"fridge, mug","open, look in",SEARCH,"Failed to open fridge 1 or find mug inside, requiring a change in search strategy.","If a container cannot be opened or an item is not found, check alternative locations for the desired object.",VALID_NEXT_TRIAL,pick_heat_then_place_in_recep-Mug-None-Cabinet-12/trial_T20190909_032940_018377,1,3-6,pick_heat_then_place_in_recep-Mug-None-Cabinet-12/trial_T20190909_032940_018377,2,3-4
heat some mug and put it in cabinet.,countertop,open,SEARCH,"Attempted to open countertop 1, which is not an openable container.",Countertops are typically open by default; use 'go to' to approach and 'take' to acquire items directly.,VALID_SAME_TRIAL,pick_heat_then_place_in_recep-Mug-None-Cabinet-12/trial_T20190909_032940_018377,1,7-7,pick_heat_then_place_in_recep-Mug-None-Cabinet-12/trial_T20190909_032940_018377,1,8-9
heat some mug and put it in cabinet.,"mug, microwave","heat, put, open",TRANSFORM,"Misunderstood the process for heating an item, attempting to manually place it in the microwave.",The 'heat' action is direct and handles placing the item; do not explicitly open the microwave or put the item inside.,VALID_NEXT_TRIAL,pick_heat_then_place_in_recep-Mug-None-Cabinet-12/trial_T20190909_032940_018377,1,11-16,pick_heat_then_place_in_recep-Mug-None-Cabinet-12/trial_T20190909_032940_018377,2,11-12
heat some mug and put it in cabinet.,microwave,open,TRANSFORM,Failed to open microwave 1 without first navigating to its location.,Always navigate to an appliance's location using 'go to' before attempting to open it.,VALID_SAME_TRIAL,pick_heat_then_place_in_recep-Mug-None-Cabinet-12/trial_T20190909_032940_018377,1,12-12,pick_heat_then_place_in_recep-Mug-None-Cabinet-12/trial_T20190909_032940_018377,1,13-14
heat some mug and put it in cabinet.,cabinet,open,PLACE,Failed to open cabinet 1 without first navigating to its location.,Always navigate to a container's location using 'go to' before attempting to open it.,VALID_SAME_TRIAL,pick_heat_then_place_in_recep-Mug-None-Cabinet-12/trial_T20190909_032940_018377,2,16-16,pick_heat_then_place_in_recep-Mug-None-Cabinet-12/trial_T20190909_032940_018377,2,18-19
heat some mug and put it in cabinet.,"mug, cabinet","put, move",PLACE,Used 'put' instead of 'move' to place an item into an open cabinet.,"Use the 'move' action to place an item into an open container, not 'put'.",VALID_SAME_TRIAL,pick_heat_then_place_in_recep-Mug-None-Cabinet-12/trial_T20190909_032940_018377,2,21-21,pick_heat_then_place_in_recep-Mug-None-Cabinet-12/trial_T20190909_032940_018377,2,22-23
heat some mug and put it in coffeemachine.,fridge,open,SEARCH,"Failed to open fridge 1, as the action had no effect.","If an appliance is unresponsive, abandon it and search for objects in other locations.",VALID_SAME_TRIAL,pick_heat_then_place_in_recep-Mug-None-CoffeeMachine-16/trial_T20190908_181242_051846,1,2-2,pick_heat_then_place_in_recep-Mug-None-CoffeeMachine-16/trial_T20190908_181242_051846,1,3-4
heat some mug and put it in coffeemachine.,"mug, microwave",put,TRANSFORM,"Attempted to put mug 4 into microwave 1, but nothing happened.","To heat an object, use the specific 'heat' command with the object and appliance, not 'put'.",VALID_SAME_TRIAL,pick_heat_then_place_in_recep-Mug-None-CoffeeMachine-16/trial_T20190908_181242_051846,1,9-9,pick_heat_then_place_in_recep-Mug-None-CoffeeMachine-16/trial_T20190908_181242_051846,1,10-10
heat some mug and put it in coffeemachine.,"mug, coffeemachine",put,PLACE,"Attempted to put mug 4 into coffeemachine 1, but nothing happened.","To place an object into a receptacle, use the 'move' command if 'put' fails.",VALID_SAME_TRIAL,pick_heat_then_place_in_recep-Mug-None-CoffeeMachine-16/trial_T20190908_181242_051846,1,12-12,pick_heat_then_place_in_recep-Mug-None-CoffeeMachine-16/trial_T20190908_181242_051846,1,13-13
heat some mug and put it in coffeemachine.,"mug, fridge, cabinet","open, look",SEARCH,"Mug not found in fridge or cabinets, or containers are non-interactable.",Check alternative locations like countertops when primary containers are empty or non-interactable.,VALID_NEXT_TRIAL,pick_heat_then_place_in_recep-Mug-None-CoffeeMachine-30,1,3-5,pick_heat_then_place_in_recep-Mug-None-CoffeeMachine-30,2,7-9
heat some mug and put it in coffeemachine.,"mug, coffeemachine","put, move, open",PLACE,"Mug cannot be placed in coffeemachine using 'put', 'move', or 'open' actions.",Use 'move [object] to [receptacle]' for placing items on or into certain receptacles like coffeemachines.,VALID_NEXT_TRIAL,pick_heat_then_place_in_recep-Mug-None-CoffeeMachine-30,2,14-18,pick_heat_then_place_in_recep-Mug-None-CoffeeMachine-30,4,37-37
heat some mug and put it in coffeemachine.,"mug, microwave","open, heat",TRANSFORM,Actions on microwave fail because agent is not at the appliance's location.,"Always go to the appliance's location before attempting to interact with it (e.g., open or heat).",VALID_SAME_TRIAL,pick_heat_then_place_in_recep-Mug-None-CoffeeMachine-30,4,17-19,pick_heat_then_place_in_recep-Mug-None-CoffeeMachine-30,4,21-23
heat some mug and put it in coffeemachine.,"mug, microwave",put,TRANSFORM,Attempting to 'put' mug into microwave before heating fails.,"Use the direct 'heat' action with the appliance, not 'put' an item inside, for heating.",VALID_SAME_TRIAL,pick_heat_then_place_in_recep-Mug-None-CoffeeMachine-30,4,25-25,pick_heat_then_place_in_recep-Mug-None-CoffeeMachine-30,4,27-27
heat some mug and put it in coffeemachine.,"mug, microwave","look, open, move, put",RECOVER,"Misunderstanding mug's location after heating, assuming it's in microwave or dropped.","After heating an item, assume it remains in inventory unless explicitly stated otherwise.",VALID_NEXT_TRIAL,pick_heat_then_place_in_recep-Mug-None-CoffeeMachine-30,2,22-27,pick_heat_then_place_in_recep-Mug-None-CoffeeMachine-30,4,35-37
put a hot mug in shelf.,"cabinet, mug","open, search",SEARCH,"Cabinets are unopenable, preventing object search.","If cabinets are unopenable, search for objects on countertops.",VALID_SAME_TRIAL,pick_heat_then_place_in_recep-Mug-None-Shelf-20/trial_T20190907_054036_412242,1,3-7,pick_heat_then_place_in_recep-Mug-None-Shelf-20/trial_T20190907_054036_412242,1,9-10
put a hot mug in shelf.,microwave,"open, go to",RECOVER,Attempted to open microwave without being at its location.,Go to the appliance's location before attempting to open it.,VALID_SAME_TRIAL,pick_heat_then_place_in_recep-Mug-None-Shelf-20/trial_T20190907_054036_412242,1,13-13,pick_heat_then_place_in_recep-Mug-None-Shelf-20/trial_T20190907_054036_412242,1,15-16
put a hot mug in shelf.,"mug, microwave",heat,TRANSFORM,Direct heating of mug with microwave failed initially.,Use 'heat [item] with [appliance]' for direct heating when appliance is ready.,VALID_NEXT_TRIAL,pick_heat_then_place_in_recep-Mug-None-Shelf-20/trial_T20190907_054036_412242,1,12-12,pick_heat_then_place_in_recep-Mug-None-Shelf-20/trial_T20190907_054036_412242,5,26-26
put a hot mug in shelf.,"mug, microwave",put,RECOVER,"Attempted to put mug inside microwave, but it failed.",The 'heat [item] with [appliance]' command handles placement implicitly; avoid explicit 'put in'.,VALID_NEXT_TRIAL,pick_heat_then_place_in_recep-Mug-None-Shelf-20/trial_T20190907_054036_412242,1,17-18,pick_heat_then_place_in_recep-Mug-None-Shelf-20/trial_T20190907_054036_412242,5,26-26
put a hot mug in shelf.,"fridge, mug","open, search",SEARCH,"Fridge is unopenable, preventing object search.","If fridge is unopenable, search for objects on countertops.",VALID_NEXT_TRIAL,pick_heat_then_place_in_recep-Mug-None-Shelf-20/trial_T20190907_054036_412242,2,6-6,pick_heat_then_place_in_recep-Mug-None-Shelf-20/trial_T20190907_054036_412242,3,6-7
put a hot mug in shelf.,"potato, microwave",take,RECOVER,Cannot remove blocking item (potato) from microwave.,Some items in appliances are irremovable and do not block heating actions.,VALID_NEXT_TRIAL,pick_heat_then_place_in_recep-Mug-None-Shelf-20/trial_T20190907_054036_412242,2,12-13,pick_heat_then_place_in_recep-Mug-None-Shelf-20/trial_T20190907_054036_412242,5,26-26
put a hot mug in shelf.,"mug, coffeemachine","put, heat",TRANSFORM,Tried multiple incorrect methods to heat mug with coffeemachine.,"If coffeemachine fails to heat, try alternative heating appliances like the microwave.",VALID_NEXT_TRIAL,pick_heat_then_place_in_recep-Mug-None-Shelf-20/trial_T20190907_054036_412242,3,10-12,pick_heat_then_place_in_recep-Mug-None-Shelf-20/trial_T20190907_054036_412242,5,24-26
put a hot mug in shelf.,"pan, stoveburner",take,RECOVER,Cannot remove blocking item (pan) from stoveburner.,"Some items on stoveburners are irremovable, blocking their use for heating.",CANDIDATE,pick_heat_then_place_in_recep-Mug-None-Shelf-20/trial_T20190907_054036_412242,3,19-19,,,
put a hot mug in shelf.,"mug, stoveburner","put, heat",TRANSFORM,Attempted to heat mug directly on stoveburner without a container.,Heating on a stoveburner requires placing the item within a suitable container like a pan.,CANDIDATE,pick_heat_then_place_in_recep-Mug-None-Shelf-20/trial_T20190907_054036_412242,3,22-22,,,
put a hot mug in shelf.,"pan, countertop",take,RECOVER,"Cannot take pan from countertop, it is irremovable.",Some objects on countertops are irremovable and cannot be acquired.,CANDIDATE,pick_heat_then_place_in_recep-Mug-None-Shelf-20/trial_T20190907_054036_412242,3,26-26,,,
put a hot mug in shelf.,microwave,open,RECOVER,"Microwave cannot be opened, suggesting it is unusable or blocked.","If an appliance cannot be opened, try an alternative heating method.",VALID_NEXT_TRIAL,pick_heat_then_place_in_recep-Mug-None-Shelf-20/trial_T20190907_054036_412242,4,6-6,pick_heat_then_place_in_recep-Mug-None-Shelf-20/trial_T20190907_054036_412242,5,24-26
put a hot mug in shelf.,mug,take,ACQUIRE,Cannot pick up a new mug while already holding an item.,Release the currently held item before attempting to pick up a new one.,CANDIDATE,pick_heat_then_place_in_recep-Mug-None-Shelf-20/trial_T20190907_054036_412242,4,12-12,,,
put a hot mug in shelf.,"mug, countertop","put, drop",RECOVER,Unable to put down or drop the currently held mug on any surface.,Verify environmental conditions or alternative drop points if an item cannot be released.,CANDIDATE,pick_heat_then_place_in_recep-Mug-None-Shelf-20/trial_T20190907_054036_412242,4,16-33,,,
put a hot mug in shelf.,"mug, shelf","put, move",PLACE,Used incorrect verb/preposition to place mug on shelf.,Use 'move [item] to [destination]' to place an item on a surface.,VALID_SAME_TRIAL,pick_heat_then_place_in_recep-Mug-None-Shelf-20/trial_T20190907_054036_412242,5,28-31,pick_heat_then_place_in_recep-Mug-None-Shelf-20/trial_T20190907_054036_412242,5,33-33
put a hot plate in cabinet.,"plate, microwave","heat, open",TRANSFORM,Heating a plate with the microwave fails when the microwave is closed.,Open the microwave before heating a plate while holding it.,VALID_NEXT_TRIAL,pick_heat_then_place_in_recep-Plate-None-Cabinet-28/trial_T20190907_035752_332060,1,7-7,pick_heat_then_place_in_recep-Plate-None-Cabinet-28/trial_T20190907_035752_332060,2,10-12
put a hot plate in cabinet.,"plate, microwave","heat, close",TRANSFORM,Heating a plate with the microwave fails when the microwave is open.,Close the microwave before heating a plate while holding it.,VALID_NEXT_TRIAL,pick_heat_then_place_in_recep-Plate-None-Cabinet-28/trial_T20190907_035752_332060,4,26-26,pick_heat_then_place_in_recep-Plate-None-Cabinet-28/trial_T20190907_035752_332060,3,27-28
put a hot plate in cabinet.,microwave,"open, close, go",TRANSFORM,Attempting to open or close the microwave from a distant location fails.,Go to the microwave's location before attempting to open or close it.,VALID_NEXT_TRIAL,pick_heat_then_place_in_recep-Plate-None-Cabinet-28/trial_T20190907_035752_332060,1,8-9,pick_heat_then_place_in_recep-Plate-None-Cabinet-28/trial_T20190907_035752_332060,2,9-10
put a hot plate in cabinet.,"plate, stoveburner, pan",put,TRANSFORM,Unable to place a plate on a stoveburner that is already occupied.,Find an empty stoveburner or clear an occupied one to place the plate.,CANDIDATE,pick_heat_then_place_in_recep-Plate-None-Cabinet-28/trial_T20190907_035752_332060,2,7-7,,,
put a hot plate in cabinet.,"plate, microwave",put,TRANSFORM,Unable to place a plate inside an open microwave.,Plates cannot be placed inside the microwave; they must be heated while held.,CANDIDATE,pick_heat_then_place_in_recep-Plate-None-Cabinet-28/trial_T20190907_035752_332060,2,11-11,,,
put a hot plate in cabinet.,"plate, cabinet, countertop","heat, put",PLACE,"After heating a plate while holding it, the plate becomes unplaceable.","Avoid heating plates while holding them, as it leads to an unrecoverable state where they cannot be placed.",CANDIDATE,pick_heat_then_place_in_recep-Plate-None-Cabinet-28/trial_T20190907_035752_332060,2,15-24,,,
put a hot plate in cabinet.,plate,take,ACQUIRE,Unable to pick up new items while holding an unplaceable heated plate.,Ensure the currently held item can be placed before attempting to acquire new items.,CANDIDATE,pick_heat_then_place_in_recep-Plate-None-Cabinet-28/trial_T20190907_035752_332060,2,27-27,,,
put a hot plate in cabinet.,"stoveburner, pan, pot, plate",take,TRANSFORM,Unable to take items from occupied stoveburners while holding another item.,Place down the currently held item before attempting to clear an occupied stoveburner.,CANDIDATE,pick_heat_then_place_in_recep-Plate-None-Cabinet-28/trial_T20190907_035752_332060,3,12-21,,,
put a hot plate in cabinet.,"microwave, plate",close,TRANSFORM,Unable to close the microwave door while holding an item.,Place down the held item before attempting to close the microwave.,CANDIDATE,pick_heat_then_place_in_recep-Plate-None-Cabinet-28/trial_T20190907_035752_332060,4,27-31,,,
put a hot plate in cabinet.,"plate, stoveburner",heat,TRANSFORM,Heating a plate with a stoveburner while holding it fails.,Place the plate on an empty stoveburner before heating it.,CANDIDATE,pick_heat_then_place_in_recep-Plate-None-Cabinet-28/trial_T20190907_035752_332060,4,34-34,,,
heat some plate and put it in countertop.,cabinet,open,SEARCH,Failed to open multiple cabinets without first navigating to them.,Always navigate to the cabinet's location before attempting to open it.,VALID_NEXT_TRIAL,pick_heat_then_place_in_recep-Plate-None-CounterTop-1/trial_T20190909_115633_911483,1,3-11,pick_heat_then_place_in_recep-Plate-None-CounterTop-1/trial_T20190909_115633_911483,2,14-15
heat some plate and put it in countertop.,"plate, microwave",heat,TRANSFORM,Failed to heat plate with microwave.,Successfully heat the plate using the microwave by going to it and using the heat command.,VALID_NEXT_TRIAL,pick_heat_then_place_in_recep-Plate-None-CounterTop-1/trial_T20190909_115633_911483,1,18-18,pick_heat_then_place_in_recep-Plate-None-CounterTop-1/trial_T20190909_115633_911483,4,28-29
heat some plate and put it in countertop.,microwave,open,TRANSFORM,"Failed to open microwave, suggesting it is not an openable container.",The microwave is not an openable container; do not attempt to open it.,VALID_NEXT_TRIAL,pick_heat_then_place_in_recep-Plate-None-CounterTop-1/trial_T20190909_115633_911483,1,19-19,pick_heat_then_place_in_recep-Plate-None-CounterTop-1/trial_T20190909_115633_911483,4,28-29
heat some plate and put it in countertop.,"plate, stoveburner","heat, turn on, toggle",TRANSFORM,"Failed to activate stoveburner, suggesting it is not an activatable appliance for plates.",The stoveburner is not an activatable appliance for heating plates; do not attempt to use it.,CANDIDATE,pick_heat_then_place_in_recep-Plate-None-CounterTop-1/trial_T20190909_115633_911483,1,21-23,,,
heat some plate and put it in countertop.,"plate, countertop",move,PLACE,Failed to move plate to countertop while not at the target location.,Navigate to the target receptacle's location before attempting to move an object to it.,VALID_SAME_TRIAL,pick_heat_then_place_in_recep-Plate-None-CounterTop-1/trial_T20190909_115633_911483,1,27-27,pick_heat_then_place_in_recep-Plate-None-CounterTop-1/trial_T20190909_115633_911483,1,29-32
heat some plate and put it in countertop.,"plate, countertop","put, move",PLACE,"Failed to place plate using 'put' command, even when at the target location.",Use the 'move [object] to [location]' command instead of 'put [object] in [location]' to place items.,VALID_SAME_TRIAL,pick_heat_then_place_in_recep-Plate-None-CounterTop-1/trial_T20190909_115633_911483,1,30-30,pick_heat_then_place_in_recep-Plate-None-CounterTop-1/trial_T20190909_115633_911483,1,31-32
heat some plate and put it in countertop.,"plate, cabinet",take,ACQUIRE,Failed to take plate from cabinet while already holding another object.,Put down the currently held object and navigate to the target object's location before attempting to take it.,VALID_SAME_TRIAL,pick_heat_then_place_in_recep-Plate-None-CounterTop-1/trial_T20190909_115633_911483,2,19-19,pick_heat_then_place_in_recep-Plate-None-CounterTop-1/trial_T20190909_115633_911483,2,30-32
heat some plate and put it in countertop.,cabinet,open,SEARCH,"Failed to open cabinet 4, suggesting it is not an openable container.",Some cabinets are not interactive or openable; skip them if 'open' command fails.,CANDIDATE,pick_heat_then_place_in_recep-Plate-None-CounterTop-1/trial_T20190909_115633_911483,2,38-39,,,
heat some plate and put it in countertop.,drawer,open,SEARCH,"Failed to open multiple drawers, suggesting they are not openable containers.",Drawers are not openable containers; do not attempt to open them.,CANDIDATE,pick_heat_then_place_in_recep-Plate-None-CounterTop-1/trial_T20190909_115633_911483,4,4-5,,,
heat some plate and put it in countertop.,fridge,open,SEARCH,"Failed to open fridge, suggesting it is not an openable container.",The fridge is not an openable container; do not attempt to open it.,CANDIDATE,pick_heat_then_place_in_recep-Plate-None-CounterTop-1/trial_T20190909_115633_911483,4,20-20,,,
heat some plate and put it in countertop.,shelf,open,SEARCH,"Failed to open multiple shelves, suggesting they are not openable containers.",Shelves are not openable containers; do not attempt to open them.,CANDIDATE,pick_heat_then_place_in_recep-Plate-None-CounterTop-1/trial_T20190909_115633_911483,4,21-23,,,
put a hot plate in countertop.,"plate, microwave","heat, open",TRANSFORM,Attempted to interact with an appliance (heat or open) from a distant location.,Navigate to the appliance's location before attempting to interact with it.,VALID_SAME_TRIAL,pick_heat_then_place_in_recep-Plate-None-CounterTop-28/trial_T20190907_180330_211175,1,23-24,pick_heat_then_place_in_recep-Plate-None-CounterTop-28/trial_T20190907_180330_211175,1,26-26
put a hot plate in countertop.,"plate, microwave","put, heat",TRANSFORM,"Tried to heat a plate by placing it inside the microwave, which had no effect.",Heat an object directly with the microwave when it is in hand.,VALID_NEXT_TRIAL,pick_heat_then_place_in_recep-Plate-None-CounterTop-28/trial_T20190907_180330_211175,1,28-31,pick_heat_then_place_in_recep-Plate-None-CounterTop-28/trial_T20190907_180330_211175,4,30-30
put a hot plate in countertop.,"plate, stoveburner","put, heat",TRANSFORM,Tried to heat a plate by placing it on an occupied stoveburner.,Use the microwave to heat the plate directly while holding it.,VALID_NEXT_TRIAL,pick_heat_then_place_in_recep-Plate-None-CounterTop-28/trial_T20190907_180330_211175,1,37-37,pick_heat_then_place_in_recep-Plate-None-CounterTop-28/trial_T20190907_180330_211175,4,30-30
put a hot plate in countertop.,"cabinet, drawer, fridge",open,SEARCH,"Tried to open a container (cabinet, drawer, fridge) without first navigating to its location.",Always navigate to a container's location before attempting to open it.,VALID_SAME_TRIAL,pick_heat_then_place_in_recep-Plate-None-CounterTop-28/trial_T20190907_180330_211175,2,7-7,pick_heat_then_place_in_recep-Plate-None-CounterTop-28/trial_T20190907_180330_211175,2,46-47
put a hot plate in countertop.,cabinet,open,SEARCH,Tried to open a cabinet that was not an openable container.,,CANDIDATE,pick_heat_then_place_in_recep-Plate-None-CounterTop-28/trial_T20190907_180330_211175,3,21-26,,0,0-0
put a hot plate in countertop.,plate,heat,TRANSFORM,"Concluded that the plate could not be heated, leading to an incomplete task.",Heat an object directly with the microwave when it is in hand.,VALID_NEXT_TRIAL,pick_heat_then_place_in_recep-Plate-None-CounterTop-28/trial_T20190907_180330_211175,3,36-37,pick_heat_then_place_in_recep-Plate-None-CounterTop-28/trial_T20190907_180330_211175,4,30-30
put a hot plate in countertop.,"plate, countertop","move, place",PLACE,Tried to place an object on a receptacle without first navigating to its location.,Navigate to the target receptacle before attempting to place an object on it.,VALID_SAME_TRIAL,pick_heat_then_place_in_recep-Plate-None-CounterTop-28/trial_T20190907_180330_211175,4,32-32,pick_heat_then_place_in_recep-Plate-None-CounterTop-28/trial_T20190907_180330_211175,4,34-35
heat some plate and put it in countertop.,"plate, microwave",heat,TRANSFORM,Failed to heat plate directly with microwave without opening it.,"To heat an object, go to the microwave, open it, and then use the 'heat' command.",VALID_NEXT_TRIAL,pick_heat_then_place_in_recep-Plate-None-CounterTop-7,1,5-5,pick_heat_then_place_in_recep-Plate-None-CounterTop-7,2,24-27
heat some plate and put it in countertop.,microwave,open,RECOVER,Failed to open microwave without first navigating to its location.,Go to the appliance's location before attempting to open it.,VALID_NEXT_TRIAL,pick_heat_then_place_in_recep-Plate-None-CounterTop-7,1,6-7,pick_heat_then_place_in_recep-Plate-None-CounterTop-7,2,24-25
heat some plate and put it in countertop.,"cabinet, plate","open, search",SEARCH,"Failed to open multiple cabinets, indicating they might be inaccessible or empty.","If cabinets are inaccessible or empty, search for the object in alternative locations like countertops.",VALID_SAME_TRIAL,pick_heat_then_place_in_recep-Plate-None-CounterTop-7,2,2-14,pick_heat_then_place_in_recep-Plate-None-CounterTop-7,2,16-18
heat some plate and put it in countertop.,"plate, stoveburner",put,PLACE,"Failed to place plate on stoveburner, as it's not a suitable receptacle.","Place the plate on a countertop, not a stoveburner, as stoveburners are not suitable receptacles.",VALID_SAME_TRIAL,pick_heat_then_place_in_recep-Plate-None-CounterTop-7,2,21-22,pick_heat_then_place_in_recep-Plate-None-CounterTop-7,2,30-30
heat some plate and put it in countertop.,"plate, microwave",put,TRANSFORM,Failed to place plate inside open microwave using 'put in' command.,Directly use the 'heat' command on the object with the microwave; explicit 'put in' might not be required.,VALID_SAME_TRIAL,pick_heat_then_place_in_recep-Plate-None-CounterTop-7,2,26-26,pick_heat_then_place_in_recep-Plate-None-CounterTop-7,2,27-27
heat some potato and put it in garbagecan.,fridge,open,SEARCH,"Failed to open fridge, likely due to not being at its location.",Go to the container's location before attempting to open it.,VALID_NEXT_TRIAL,pick_heat_then_place_in_recep-Potato-None-GarbageCan-3,1,1-2,pick_heat_then_place_in_recep-Potato-None-GarbageCan-3,2,7-8
heat some potato and put it in garbagecan.,cabinet,open,SEARCH,"Failed to open cabinet, likely due to not being at its location.",Go to the container's location before attempting to open it.,VALID_SAME_TRIAL,pick_heat_then_place_in_recep-Potato-None-GarbageCan-3,2,1-1,pick_heat_then_place_in_recep-Potato-None-GarbageCan-3,2,3-4
heat some potato and put it in garbagecan.,"potato, microwave",heat,TRANSFORM,"Attempted to heat potato with microwave but nothing happened, likely due to not being at the microwave.",Go to the appliance's location before attempting to use it for transformation.,VALID_SAME_TRIAL,pick_heat_then_place_in_recep-Potato-None-GarbageCan-3,2,10-10,pick_heat_then_place_in_recep-Potato-None-GarbageCan-3,2,12-12
heat some potato and put it in garbagecan.,microwave,open,TRANSFORM,"Failed to open microwave, likely due to not being at its location.",Go to the appliance's location before attempting to open it.,VALID_SAME_TRIAL,pick_heat_then_place_in_recep-Potato-None-GarbageCan-3,2,11-11,pick_heat_then_place_in_recep-Potato-None-GarbageCan-3,2,12-13
heat some potato and put it in garbagecan.,"potato, microwave","put, heat",TRANSFORM,"Attempted to 'put' potato in microwave to heat it, but 'put' is not the correct command for heating.","Use the specific 'heat' command with the item and appliance, rather than 'put' to initiate heating.",VALID_SAME_TRIAL,pick_heat_then_place_in_recep-Potato-None-GarbageCan-3,2,14-14,pick_heat_then_place_in_recep-Potato-None-GarbageCan-3,2,19-19
heat some potato and put it in garbagecan.,microwave,close,RECOVER,"Closed the microwave immediately after opening it, preventing the next action.",Avoid closing an appliance if the next action requires it to be open.,VALID_SAME_TRIAL,pick_heat_then_place_in_recep-Potato-None-GarbageCan-3,2,15-15,pick_heat_then_place_in_recep-Potato-None-GarbageCan-3,2,17-17
put a hot tomato in garbagecan.,fridge,open,SEARCH,"Failed to open fridge 1 repeatedly, receiving 'Nothing happens' observation.","When containers fail to open, search open surfaces like countertops for the target object.",VALID_NEXT_TRIAL,pick_heat_then_place_in_recep-Tomato-None-GarbageCan-16/trial_T20190906_171701_034036,1,2-3,pick_heat_then_place_in_recep-Tomato-None-GarbageCan-16/trial_T20190906_171701_034036,2,24-27
put a hot tomato in garbagecan.,"drawer, cabinet",open,SEARCH,"Repeatedly failed to open various drawers and cabinets, receiving 'Nothing happens'.",Prioritize checking open surfaces like countertops for objects when container 'open' actions fail.,VALID_SAME_TRIAL,pick_heat_then_place_in_recep-Tomato-None-GarbageCan-16/trial_T20190906_171701_034036,2,1-22,pick_heat_then_place_in_recep-Tomato-None-GarbageCan-16/trial_T20190906_171701_034036,2,23-27
put a hot tomato in garbagecan.,"tomato, microwave","put, heat",TRANSFORM,"Attempted to 'put' tomato into microwave for heating, but it failed.",Use the specific 'heat' verb directly with the object and microwave to heat it.,VALID_SAME_TRIAL,pick_heat_then_place_in_recep-Tomato-None-GarbageCan-16/trial_T20190906_171701_034036,2,31-31,pick_heat_then_place_in_recep-Tomato-None-GarbageCan-16/trial_T20190906_171701_034036,2,32-32
put a hot tomato in sidetable.,fridge,open,ACQUIRE,Failed to open the fridge.,Go to the fridge before attempting to open it.,VALID_NEXT_TRIAL,pick_heat_then_place_in_recep-Tomato-None-SideTable-3/trial_T20190907_140859_097831,1,2-3,pick_heat_then_place_in_recep-Tomato-None-SideTable-3/trial_T20190907_140859_097831,2,5-6
put a hot tomato in sidetable.,cabinet,open,ACQUIRE,Failed to open the cabinet.,Search for the object on the countertop after failing to open the cabinet.,VALID_SAME_TRIAL,pick_heat_then_place_in_recep-Tomato-None-SideTable-3/trial_T20190907_140859_097831,2,1-1,pick_heat_then_place_in_recep-Tomato-None-SideTable-3/trial_T20190907_140859_097831,2,8-8
put a hot tomato in sidetable.,cabinet,look in,SEARCH,Failed to look inside the cabinet.,Search for the object on the countertop after failing to look in the cabinet.,VALID_SAME_TRIAL,pick_heat_then_place_in_recep-Tomato-None-SideTable-3/trial_T20190907_140859_097831,2,2-2,pick_heat_then_place_in_recep-Tomato-None-SideTable-3/trial_T20190907_140859_097831,2,8-8
put a hot tomato in sidetable.,fridge,open,ACQUIRE,Failed to open the fridge.,Go to the fridge before attempting to open it.,VALID_SAME_TRIAL,pick_heat_then_place_in_recep-Tomato-None-SideTable-3/trial_T20190907_140859_097831,2,3-3,pick_heat_then_place_in_recep-Tomato-None-SideTable-3/trial_T20190907_140859_097831,2,5-6
put a hot tomato in sidetable.,fridge,look in,SEARCH,Failed to find the object in the fridge.,Search for the object on the countertop after failing to find it in the fridge.,VALID_SAME_TRIAL,pick_heat_then_place_in_recep-Tomato-None-SideTable-3/trial_T20190907_140859_097831,2,7-7,pick_heat_then_place_in_recep-Tomato-None-SideTable-3/trial_T20190907_140859_097831,2,8-8
put a hot tomato in sidetable.,microwave,heat,TRANSFORM,Failed to heat the tomato with the microwave.,Go to the microwave and open it before heating an object.,VALID_SAME_TRIAL,pick_heat_then_place_in_recep-Tomato-None-SideTable-3/trial_T20190907_140859_097831,2,10-10,pick_heat_then_place_in_recep-Tomato-None-SideTable-3/trial_T20190907_140859_097831,2,11-12
put a hot tomato in sidetable.,"tomato, sidetable",put,PLACE,Used 'put' command which failed to place the tomato in the sidetable.,Use 'move' command to place an object into a receptacle.,VALID_SAME_TRIAL,pick_heat_then_place_in_recep-Tomato-None-SideTable-3/trial_T20190907_140859_097831,2,15-15,pick_heat_then_place_in_recep-Tomato-None-SideTable-3/trial_T20190907_140859_097831,2,16-16
put two alarmclock in desk.,desk,go,SEARCH,"Agent issued a redundant 'go to' command for a location it was already at, resulting in no action.",Avoid redundant 'go to' commands; proceed with the next task action once at the target location.,VALID_NEXT_TRIAL,pick_two_obj_and_place-AlarmClock-None-Desk-307/trial_T20190907_013752_725369,1,14-14,pick_two_obj_and_place-AlarmClock-None-Desk-307/trial_T20190907_013752_725369,2,14-15
put two alarmclock in dresser.,drawer,open,TRANSFORM,Attempted to open a drawer that is not a closed container.,Do not attempt to open objects that are not closed containers.,VALID_SAME_TRIAL,pick_two_obj_and_place-AlarmClock-None-Dresser-305/trial_T20190907_165758_902037,1,12-13,pick_two_obj_and_place-AlarmClock-None-Dresser-305/trial_T20190907_165758_902037,1,15-15
put two alarmclock in dresser.,drawer,go to,SEARCH,Attempted to go to an inaccessible or invalid location.,"If 'go to' action results in 'Nothing happens', proceed to check the next potential location.",VALID_SAME_TRIAL,pick_two_obj_and_place-AlarmClock-None-Dresser-305/trial_T20190907_165758_902037,1,14-16,pick_two_obj_and_place-AlarmClock-None-Dresser-305/trial_T20190907_165758_902037,1,17-18
put two alarmclock in dresser.,"alarmclock, dresser",move,PLACE,Failed to move an object to a target location while not at the target location.,Ensure agent is at the target location before attempting to 'move' an object to it.,VALID_SAME_TRIAL,pick_two_obj_and_place-AlarmClock-None-Dresser-305/trial_T20190907_165758_902037,1,20-20,pick_two_obj_and_place-AlarmClock-None-Dresser-305/trial_T20190907_165758_902037,1,24-25
put two alarmclock in dresser.,"alarmclock, dresser",put,PLACE,Used 'put' action for a surface instead of a container.,"Use 'move' action for placing objects on surfaces, not 'put'.",VALID_SAME_TRIAL,pick_two_obj_and_place-AlarmClock-None-Dresser-305/trial_T20190907_165758_902037,1,22-22,pick_two_obj_and_place-AlarmClock-None-Dresser-305/trial_T20190907_165758_902037,1,24-25
put two alarmclock in shelf.,"alarmclock, shelf","pick, place",SEARCH,Alarmclock not found at the initially expected location bed 1.,Check alternative locations like desk 1 when the object is not found at the primary search spot.,VALID_SAME_TRIAL,pick_two_obj_and_place-AlarmClock-None-Shelf-316/trial_T20190909_010429_853588,1,3-3,pick_two_obj_and_place-AlarmClock-None-Shelf-316/trial_T20190909_010429_853588,1,4-4
find two book and put them in drawer.,drawer,go to,SEARCH,"Failed to navigate to drawer 3, consistently receiving 'Nothing happens'.","If 'go to' a location consistently fails, assume it's inaccessible and prioritize searching other locations.",CANDIDATE,pick_two_obj_and_place-Book-None-Drawer-307,1,8-8,pick_two_obj_and_place-Book-None-Drawer-307,3,26-26
find two book and put them in drawer.,"book, drawer","move, put",PLACE,"Failed to place an object into a drawer, receiving 'Nothing happens' when not at the target location.",Always navigate to the target container using 'go to' before attempting to place an object inside.,VALID_SAME_TRIAL,pick_two_obj_and_place-Book-None-Drawer-307,1,17-22,pick_two_obj_and_place-Book-None-Drawer-307,1,23-23
find two book and put them in drawer.,"book, bed",take,ACQUIRE,"Books on bed 1 appeared unpickable, consistently receiving 'Nothing happens' when attempting to take them.","Attempt to take different book IDs from bed 1, as some may be pickable despite initial failures.",VALID_NEXT_TRIAL,pick_two_obj_and_place-Book-None-Drawer-307,2,11-14,pick_two_obj_and_place-Book-None-Drawer-307,6,9-9
find two book and put them in drawer.,drawer,open,SEARCH,"Failed to open drawer 3, receiving 'Nothing happens'.","If 'open' a container fails, consider it unopenable and adjust search strategy to other locations.",CANDIDATE,pick_two_obj_and_place-Book-None-Drawer-307,4,21-21,pick_two_obj_and_place-Book-None-Drawer-307,4,32-32
find two book and put them in drawer.,"garbagecan, laundryhamper",open,SEARCH,"Failed to open garbagecan 1 or laundryhamper 1, receiving 'Nothing happens'.","If 'open' a container fails, consider it unopenable and adjust search strategy to other locations.",CANDIDATE,pick_two_obj_and_place-Book-None-Drawer-307,4,26-28,pick_two_obj_and_place-Book-None-Drawer-307,4,32-32
find two bowl and put them in dresser.,"Bowl, Dresser","move, go to",PLACE,Attempted to move an object to a location without being present at the destination.,Go to the target location (dresser 1) before attempting to move an object there.,VALID_SAME_TRIAL,pick_two_obj_and_place-Bowl-None-Dresser-327,1,8-8,pick_two_obj_and_place-Bowl-None-Dresser-327,1,9-10
find two bowl and put them in dresser.,"Bowl, Dresser","move, go to",PLACE,Attempted to move an object to a location without being present at the destination.,Go to the target location (dresser 1) before attempting to move an object there.,VALID_SAME_TRIAL,pick_two_obj_and_place-Bowl-None-Dresser-327,1,16-16,pick_two_obj_and_place-Bowl-None-Dresser-327,1,17-18
put two cd in dresser.,drawer,go,SEARCH,"Attempted to 'go to' drawer 2, but the action had no effect.","Successfully navigated to other drawers (3, 4, 5) by using the 'go to' command on valid targets.",VALID_SAME_TRIAL,pick_two_obj_and_place-CD-None-Dresser-303,1,3-3,pick_two_obj_and_place-CD-None-Dresser-303,1,5-5
put two cd in dresser.,drawer,open,SEARCH,"Attempted to 'open' drawer 2, but the action had no effect.",Successfully opened 'drawer 3' by using the 'open' command on an accessible drawer.,VALID_SAME_TRIAL,pick_two_obj_and_place-CD-None-Dresser-303,1,4-4,pick_two_obj_and_place-CD-None-Dresser-303,1,6-6
put two cd in dresser.,"cd, dresser",move,PLACE,"Attempted to move an object to a container, but the action had no effect.","Re-attempted the 'move' action after re-going to the target location, which resolved the issue.",VALID_SAME_TRIAL,pick_two_obj_and_place-CD-None-Dresser-303,1,19-19,pick_two_obj_and_place-CD-None-Dresser-303,1,21-21
find two candle and put them in cabinet.,candle,take,ACQUIRE,Attempted to pick up a second object while already holding one.,Place the currently held object into the target container before attempting to pick up another.,VALID_SAME_TRIAL,pick_two_obj_and_place-Candle-None-Cabinet-403/trial_T20190909_065841_838469,1,4-4,pick_two_obj_and_place-Candle-None-Cabinet-403/trial_T20190909_065841_838469,1,8-8
put two candle in drawer.,"candle, drawer",place,PLACE,"Failed to place candle in drawer 1, possibly due to it being full.","When a target container is full or fails to accept an item, find and use an alternative empty container.",VALID_SAME_TRIAL,pick_two_obj_and_place-Candle-None-Drawer-427/trial_T20190909_043940_867553,1,16-16,pick_two_obj_and_place-Candle-None-Drawer-427/trial_T20190909_043940_867553,1,20-20
put two candle in drawer.,task,finish,RECOVER,Attempted to complete the task using descriptive phrases or explicit 'finish' commands.,The task completes automatically when all conditions are met; explicit 'finish' or descriptive commands are not required.,VALID_NEXT_TRIAL,pick_two_obj_and_place-Candle-None-Drawer-427/trial_T20190909_043940_867553,1,22-31,pick_two_obj_and_place-Candle-None-Drawer-427/trial_T20190909_043940_867553,2,9-9
find two cellphone and put them in drawer.,drawer,open,SEARCH,Attempted to access contents of a closed drawer without opening it first.,Always open a closed drawer before attempting to access its contents.,VALID_SAME_TRIAL,pick_two_obj_and_place-CellPhone-None-Drawer-329/trial_T20190909_030006_191201,1,6-6,pick_two_obj_and_place-CellPhone-None-Drawer-329/trial_T20190909_030006_191201,1,7-7
find two cellphone and put them in drawer.,cellphone,pick,SEARCH,"Cellphone not found in initial expected locations (sidetables, drawers).",Expand search to other potential locations like diningtable or bed if initial locations are empty.,VALID_SAME_TRIAL,pick_two_obj_and_place-CellPhone-None-Drawer-329/trial_T20190909_030006_191201,1,3-15,pick_two_obj_and_place-CellPhone-None-Drawer-329/trial_T20190909_030006_191201,1,16-16
find two cellphone and put them in drawer.,"cellphone, drawer","move, open",PLACE,"Attempted to place an object into a closed drawer, leading to failure.",Ensure the target container is open before attempting to place an object inside.,VALID_NEXT_TRIAL,pick_two_obj_and_place-CellPhone-None-Drawer-329/trial_T20190909_030006_191201,1,25-28,pick_two_obj_and_place-CellPhone-None-Drawer-329/trial_T20190909_030006_191201,2,8-17
find two cellphone and put them in drawer.,"cellphone, drawer","move, go",PLACE,Attempted to move an object to a location without being present there.,Navigate to the target location before attempting to move an object into it.,VALID_SAME_TRIAL,pick_two_obj_and_place-CellPhone-None-Drawer-329/trial_T20190909_030006_191201,2,14-15,pick_two_obj_and_place-CellPhone-None-Drawer-329/trial_T20190909_030006_191201,2,16-17
find two creditcard and put them in sofa.,drawer,open,ACQUIRE,Attempted to check a closed drawer for an object.,Always open a container before attempting to check its contents.,VALID_SAME_TRIAL,pick_two_obj_and_place-CreditCard-None-Sofa-216,1,2-2,pick_two_obj_and_place-CreditCard-None-Sofa-216,1,3-3
find two creditcard and put them in sofa.,creditcard,"go to, open",SEARCH,"Creditcard not found in initial search locations (drawers, sidetables).",Expand search to alternative locations until the target object is found.,VALID_SAME_TRIAL,pick_two_obj_and_place-CreditCard-None-Sofa-216,1,3-17,pick_two_obj_and_place-CreditCard-None-Sofa-216,1,18-18
find two egg and put them in microwave.,fridge,open,ACQUIRE,Attempted to access items from a closed fridge.,Always open a fridge before attempting to take items from it.,VALID_SAME_TRIAL,pick_two_obj_and_place-Egg-None-Microwave-30/trial_T20190907_163255_256147,1,2-2,pick_two_obj_and_place-Egg-None-Microwave-30/trial_T20190907_163255_256147,1,3-3
find two egg and put them in microwave.,microwave,open,PLACE,Attempted to place an object into a closed microwave.,Always open a microwave before attempting to place items inside.,VALID_SAME_TRIAL,pick_two_obj_and_place-Egg-None-Microwave-30/trial_T20190907_163255_256147,1,7-7,pick_two_obj_and_place-Egg-None-Microwave-30/trial_T20190907_163255_256147,1,9-9
put two keychain in drawer.,drawer,go,SEARCH,"Repeatedly failed to go to drawer 4, action had no effect.","Persist with 'go to' action for a location, as it may succeed on retry.",VALID_NEXT_TRIAL,pick_two_obj_and_place-KeyChain-None-Drawer-317/trial_T20190912_073129_052747,1,9-10,pick_two_obj_and_place-KeyChain-None-Drawer-317/trial_T20190912_073129_052747,2,1-1
put two keychain in drawer.,keychain,take,ACQUIRE,"Failed to pick up a second keychain, indicating a single item carrying capacity.","To acquire multiple items, pick up one, place it, then return to pick up the next.",VALID_SAME_TRIAL,pick_two_obj_and_place-KeyChain-None-Drawer-317/trial_T20190912_073129_052747,2,23-23,pick_two_obj_and_place-KeyChain-None-Drawer-317/trial_T20190912_073129_052747,2,30-33
put two keychain in drawer.,"keychain, drawer","move, put",PLACE,"Failed to place keychain 1 in drawer 1, due to incorrect location or verb.",Go to the target container and ensure it is open before attempting to move an item into it.,VALID_SAME_TRIAL,pick_two_obj_and_place-KeyChain-None-Drawer-317/trial_T20190912_073129_052747,2,25-26,pick_two_obj_and_place-KeyChain-None-Drawer-317/trial_T20190912_073129_052747,2,28-30
find two newspaper and put them in sofa.,newspaper,"pick, place",SEARCH,"Second newspaper not found at coffeetable 1, where the first was initially located.","When an object is not found in a previously successful location, expand search to new, likely container types.",VALID_SAME_TRIAL,pick_two_obj_and_place-Newspaper-None-Sofa-212,1,10-10,pick_two_obj_and_place-Newspaper-None-Sofa-212,1,11-11
find two newspaper and put them in sofa.,newspaper,"pick, place",SEARCH,Using 'look around' command had no effect on finding the object.,"When 'look around' is ineffective, continue searching by moving to new, unexamined locations.",VALID_SAME_TRIAL,pick_two_obj_and_place-Newspaper-None-Sofa-212,1,13-13,pick_two_obj_and_place-Newspaper-None-Sofa-212,1,14-14
find two pillow and put them in ottoman.,"Pillow, Ottoman","pick, place",PLACE,Attempted to place an object without being at the target container.,Go to the target container's location before attempting to place an object into it.,VALID_SAME_TRIAL,pick_two_obj_and_place-Pillow-None-Ottoman-208/trial_T20190908_091434_545645,1,5-5,pick_two_obj_and_place-Pillow-None-Ottoman-208/trial_T20190908_091434_545645,1,6-7
find two saltshaker and put them in drawer.,"saltshaker, drawer",move,PLACE,Attempted to move an object to a container from a distant location.,Navigate to the target container's location before attempting to move an object into it.,VALID_SAME_TRIAL,pick_two_obj_and_place-SaltShaker-None-Drawer-12,1,15-15,pick_two_obj_and_place-SaltShaker-None-Drawer-12,1,16-19
find two saltshaker and put them in drawer.,"saltshaker, drawer",put,PLACE,Used an incorrect verb ('put') to place a held object into a container.,Use the 'move [item] to [container]' command for placing a held object into a container.,VALID_SAME_TRIAL,pick_two_obj_and_place-SaltShaker-None-Drawer-12,1,17-17,pick_two_obj_and_place-SaltShaker-None-Drawer-12,1,19-19
put two soapbar in cabinet.,cabinet,open,ACQUIRE,Attempted to open a cabinet without being at its location.,Go to the cabinet's location before attempting to open it.,VALID_SAME_TRIAL,pick_two_obj_and_place-SoapBar-None-Cabinet-428/trial_T20190909_013318_053714,1,11-11,pick_two_obj_and_place-SoapBar-None-Cabinet-428/trial_T20190909_013318_053714,1,13-14
put two soapbar in cabinet.,cabinet,look,SEARCH,Attempted to look inside a cabinet that was closed.,Open the cabinet first before attempting to look inside it.,VALID_SAME_TRIAL,pick_two_obj_and_place-SoapBar-None-Cabinet-428/trial_T20190909_013318_053714,1,12-12,pick_two_obj_and_place-SoapBar-None-Cabinet-428/trial_T20190909_013318_053714,1,14-14
put two soapbar in cabinet.,cabinet,look,SEARCH,Using 'look in' action after opening a cabinet yields no new information.,"Rely on the observation from 'open' action for cabinet contents, as 'look in' is ineffective.",VALID_SAME_TRIAL,pick_two_obj_and_place-SoapBar-None-Cabinet-428/trial_T20190909_013318_053714,1,15-15,pick_two_obj_and_place-SoapBar-None-Cabinet-428/trial_T20190909_013318_053714,1,14-14
put two soapbar in cabinet.,"soapbar, toilet",take,ACQUIRE,"Repeatedly failed to take visible soapbars from toilet, receiving 'Nothing happens'.","Persist in attempting to take objects from locations where they are visible, as they may eventually become pickable.",VALID_NEXT_TRIAL,pick_two_obj_and_place-SoapBar-None-Cabinet-428/trial_T20190909_013318_053714,1,29-30,pick_two_obj_and_place-SoapBar-None-Cabinet-428/trial_T20190909_013318_053714,5,14-14
put two soapbar in cabinet.,"soapbar, cabinet",move,PLACE,Failed to move item to container because agent was not at the container's location.,Always go to the target container before attempting to move an item into it.,VALID_SAME_TRIAL,pick_two_obj_and_place-SoapBar-None-Cabinet-428/trial_T20190909_013318_053714,2,25-25,pick_two_obj_and_place-SoapBar-None-Cabinet-428/trial_T20190909_013318_053714,2,27-28
put two soapbar in cabinet.,"soapbar, cabinet",put,PLACE,Used redundant 'put' action after item was already moved into the container.,Verify item placement after 'move' action and avoid redundant 'put' commands.,VALID_SAME_TRIAL,pick_two_obj_and_place-SoapBar-None-Cabinet-428/trial_T20190909_013318_053714,2,30-30,pick_two_obj_and_place-SoapBar-None-Cabinet-428/trial_T20190909_013318_053714,2,31-31
find two soapbottle and put them in cart.,"soapbottle, bathtubbasin, sinkbasin, shelf, cart, garbagecan","search, find",SEARCH,"Soapbottle not found in common locations like bathtubbasin, sinkbasin, shelves, or cart.",Expand search to less common locations like garbagecan when primary locations are empty.,VALID_SAME_TRIAL,pick_two_obj_and_place-SoapBottle-None-Cart-401,1,3-15,pick_two_obj_and_place-SoapBottle-None-Cart-401,1,16-17
find two soapbottle and put them in cart.,"soapbottle, cart","move, go",PLACE,Attempted to move object to a container without being at the target location.,Go to the target location before attempting to place an object into it.,VALID_SAME_TRIAL,pick_two_obj_and_place-SoapBottle-None-Cart-401,1,20-20,pick_two_obj_and_place-SoapBottle-None-Cart-401,1,22-22
find two soapbottle and put them in cart.,"soapbottle, cart","put, move",PLACE,"Used 'put' command which failed, indicating an incorrect verb for placing an object.",Use 'move' command instead of 'put' to place an object into a container.,VALID_SAME_TRIAL,pick_two_obj_and_place-SoapBottle-None-Cart-401,1,23-23,pick_two_obj_and_place-SoapBottle-None-Cart-401,1,24-24
find two soapbottle and put them in cart.,"soapbottle, garbagecan, toilet","search, find",SEARCH,Second soapbottle not found in previously successful or common locations.,Continue expanding search to less obvious locations like toilet when primary locations are exhausted.,VALID_SAME_TRIAL,pick_two_obj_and_place-SoapBottle-None-Cart-401,1,25-27,pick_two_obj_and_place-SoapBottle-None-Cart-401,1,28-28
put two spraybottle in toilet.,"spraybottle, cabinet, countertop","go, open",SEARCH,Inefficiently searched for spraybottle by checking cabinets before countertops.,"Prioritize checking countertops for spraybottle, as they are more likely locations.",VALID_NEXT_TRIAL,pick_two_obj_and_place-SprayBottle-None-Toilet-422,1,2-15,pick_two_obj_and_place-SprayBottle-None-Toilet-422,2,2-3
put two spraybottle in toilet.,toilet,go,PLACE,Failed to navigate directly to 'toilet' using 'go to' command.,Successfully navigate to 'toilet 1' by using 'go to toilet 1'.,VALID_NEXT_TRIAL,pick_two_obj_and_place-SprayBottle-None-Toilet-422,1,20-20,pick_two_obj_and_place-SprayBottle-None-Toilet-422,4,5-5
put two spraybottle in toilet.,"spraybottle, toilet, toiletbasin","move, put, drop",PLACE,Repeatedly failed to place spraybottle into 'toilet' or 'toiletbasin' using various commands.,Successfully place spraybottle into 'toilet 1' after navigating to the toilet.,VALID_NEXT_TRIAL,pick_two_obj_and_place-SprayBottle-None-Toilet-422,1,21-32,pick_two_obj_and_place-SprayBottle-None-Toilet-422,4,6-6
put two spraybottle in toilet.,drawer,open,RECOVER,Failed to open 'drawer 1'.,No successful action found to open 'drawer 1' across trials.,CANDIDATE,pick_two_obj_and_place-SprayBottle-None-Toilet-422,2,20-20,pick_two_obj_and_place-SprayBottle-None-Toilet-422,2,20-20
put two spraybottle in toilet.,spraybottle,"drop, move",PLACE,"Failed to drop spraybottle, indicating 'drop' command was ineffective.","Use 'move [object] to [container]' to place items, as 'drop' may not be supported or effective.",VALID_SAME_TRIAL,pick_two_obj_and_place-SprayBottle-None-Toilet-422,2,30-30,pick_two_obj_and_place-SprayBottle-None-Toilet-422,2,41-41
put two spraybottle in toilet.,spraybottle,take,ACQUIRE,Failed to pick up a second spraybottle while holding an un-droppable item.,Ensure the first item is successfully placed before attempting to pick up a second item.,VALID_SAME_TRIAL,pick_two_obj_and_place-SprayBottle-None-Toilet-422,2,32-32,pick_two_obj_and_place-SprayBottle-None-Toilet-422,2,44-44
put two spraybottle in toilet.,"spraybottle, toilet",move,PLACE,Failed to place second spraybottle into 'toilet 1' while not at the toilet.,Ensure agent is at the target container's location before attempting to place an item into it.,VALID_SAME_TRIAL,pick_two_obj_and_place-SprayBottle-None-Toilet-422,4,11-11,pick_two_obj_and_place-SprayBottle-None-Toilet-422,4,14-14
put two toiletpaper in shelf.,cabinet,open,SEARCH,Cannot access contents of a container because it is closed.,Open the container to access its contents and continue searching.,VALID_SAME_TRIAL,pick_two_obj_and_place-ToiletPaper-None-Shelf-422/trial_T20190908_065858_170962,1,3-11,pick_two_obj_and_place-ToiletPaper-None-Shelf-422/trial_T20190908_065858_170962,1,4-12
put two toiletpaper in shelf.,toiletpaper,"go to, take",SEARCH,Toiletpaper not found at toiletpaperhanger 1.,Continue searching other potential locations for the toiletpaper.,VALID_SAME_TRIAL,pick_two_obj_and_place-ToiletPaper-None-Shelf-422/trial_T20190908_065858_170962,1,2-2,pick_two_obj_and_place-ToiletPaper-None-Shelf-422/trial_T20190908_065858_170962,1,14-14
put two toiletpaper in shelf.,toiletpaper,"go to, take",SEARCH,Toiletpaper not found at drawer 1.,Continue searching other potential locations for the toiletpaper.,VALID_SAME_TRIAL,pick_two_obj_and_place-ToiletPaper-None-Shelf-422/trial_T20190908_065858_170962,1,13-13,pick_two_obj_and_place-ToiletPaper-None-Shelf-422/trial_T20190908_065858_170962,1,14-14
put two toiletpaper in shelf.,toiletpaper,"go to, take",SEARCH,Toiletpaper not found at countertop 1.,Continue searching other potential locations for the toiletpaper.,VALID_SAME_TRIAL,pick_two_obj_and_place-ToiletPaper-None-Shelf-422/trial_T20190908_065858_170962,1,19-19,pick_two_obj_and_place-ToiletPaper-None-Shelf-422/trial_T20190908_065858_170962,1,20-20
look at book under the desklamp.,"book, desklamp",put,PLACE,Attempted to place book on the general desk surface instead of the specific target under the desklamp.,Place the book specifically under the desklamp to fulfill the task requirement.,VALID_SAME_TRIAL,look_at_obj_in_light-Book-None-DeskLamp-316,1,3-3,look_at_obj_in_light-Book-None-DeskLamp-316,1,4-4
look at book under the desklamp.,"book, desklamp",put,PLACE,Failed to place book under desklamp because the desklamp was not turned on.,Turn on the desklamp using the 'use' command before attempting to place objects under it for observation.,VALID_SAME_TRIAL,look_at_obj_in_light-Book-None-DeskLamp-316,1,4-4,look_at_obj_in_light-Book-None-DeskLamp-316,1,5-5
examine the cellphone with the desklamp.,"cellphone, desklamp",examine,TRANSFORM,"Attempted to examine with desklamp while it was off, resulting in no effect.",Turn on the desklamp using the 'use' command before attempting to examine objects with it.,VALID_SAME_TRIAL,look_at_obj_in_light-CellPhone-None-DeskLamp-316/trial_T20190907_075452_465579,1,2-2,look_at_obj_in_light-CellPhone-None-DeskLamp-316/trial_T20190907_075452_465579,1,3-3
examine the cellphone with the desklamp.,"cellphone, desklamp",examine,TRANSFORM,Failed repeatedly to examine cellphone with desklamp while cellphone was on the desk.,Acquire the object (cellphone) by taking it before attempting to examine it with another object.,VALID_SAME_TRIAL,look_at_obj_in_light-CellPhone-None-DeskLamp-316/trial_T20190907_075452_465579,1,2-6,look_at_obj_in_light-CellPhone-None-DeskLamp-316/trial_T20190907_075452_465579,1,7-7
look at laptop under the desklamp.,drawer,go to,SEARCH,"Attempted to 'go to' drawer 7, but it resulted in 'Nothing happens' repeatedly.","When 'go to' fails for a container, try to interact directly with 'open' to access its contents.",VALID_NEXT_TRIAL,look_at_obj_in_light-Laptop-None-DeskLamp-323/trial_T20190908_014226_839563,1,20-21,look_at_obj_in_light-Laptop-None-DeskLamp-323/trial_T20190908_014226_839563,2,28-29
look at laptop under the desklamp.,"laptop, desklamp, desk","place, put",PLACE,Failed to place laptop on or under desklamp using 'place' or 'put' commands.,"To fulfill 'under the desklamp' condition, ensure the object is in the same location as the desklamp and activate the desklamp, rather than explicitly 'placing' it.",VALID_NEXT_TRIAL,look_at_obj_in_light-Laptop-None-DeskLamp-323/trial_T20190908_014226_839563,5,12-14,look_at_obj_in_light-Laptop-None-DeskLamp-323/trial_T20190908_014226_839563,6,32-33
examine the newspaper with the desklamp.,desklamp,"take, move",ACQUIRE,"Attempted to take or move the desklamp, but it was fixed in place.","Realized the desklamp is not movable; instead, turn it on and bring the newspaper to its location.",VALID_NEXT_TRIAL,look_at_obj_in_light-Newspaper-None-DeskLamp-216,1,3-3,look_at_obj_in_light-Newspaper-None-DeskLamp-216,2,10-13
examine the newspaper with the desklamp.,newspaper,take,ACQUIRE,Failed to take the newspaper from its location.,Successfully picked up the newspaper by specifying its location with the 'from' keyword.,VALID_NEXT_TRIAL,look_at_obj_in_light-Newspaper-None-DeskLamp-216,1,4-4,look_at_obj_in_light-Newspaper-None-DeskLamp-216,2,12-12
examine the newspaper with the desklamp.,"newspaper, desklamp",examine,RECOVER,"Attempted to examine the newspaper, but it was not in the correct proximity to the active desklamp.","Turn on the desklamp, then acquire the newspaper and bring it to the desklamp's location.",VALID_NEXT_TRIAL,look_at_obj_in_light-Newspaper-None-DeskLamp-216,1,8-10,look_at_obj_in_light-Newspaper-None-DeskLamp-216,2,8-13
examine the pillow with the desklamp.,"pillow, desklamp","look at, examine",SEARCH,"Attempted to 'look at' a location, which had no effect for finding objects.",Rely on 'go to' observations to identify objects present at a location.,VALID_SAME_TRIAL,look_at_obj_in_light-Pillow-None-DeskLamp-216,1,2-2,look_at_obj_in_light-Pillow-None-DeskLamp-216,1,3-3
examine the pillow with the desklamp.,"pillow, desklamp","look at, examine",TRANSFORM,"Used 'examine X with Y' command, which was ineffective for the task.","To examine an object with a light source, 'use' the light source directly.",VALID_SAME_TRIAL,look_at_obj_in_light-Pillow-None-DeskLamp-216,1,6-6,look_at_obj_in_light-Pillow-None-DeskLamp-216,1,11-11
examine the pillow with the desklamp.,"pillow, desklamp","look at, examine",ACQUIRE,"Attempted to 'take' the desklamp, which was not the correct action for its use.","Do not 'take' the desklamp; instead, 'use' it in its fixed location.",VALID_SAME_TRIAL,look_at_obj_in_light-Pillow-None-DeskLamp-216,1,7-7,look_at_obj_in_light-Pillow-None-DeskLamp-216,1,11-11
examine the pillow with the desklamp.,"Pillow, DeskLamp",examine,TRANSFORM,Attempted to examine object with desklamp without turning it on.,Turn on the desklamp before attempting to examine objects with it.,VALID_SAME_TRIAL,look_at_obj_in_light-Pillow-None-DeskLamp-306/trial_T20190909_075045_578840,1,7-7,look_at_obj_in_light-Pillow-None-DeskLamp-306/trial_T20190909_075045_578840,1,10-10
look at statue under the desklamp.,statue,take,ACQUIRE,"Initial attempts to take statue 1 failed, leading to the assumption it was fixed.",Statue 1 is a movable object; successfully picked it up from desk 1.,VALID_NEXT_TRIAL,look_at_obj_in_light-Statue-None-DeskLamp-304,1,9-9,look_at_obj_in_light-Statue-None-DeskLamp-304,5,25-25
look at statue under the desklamp.,desklamp,take,ACQUIRE,"Attempted to take desklamp 1, which consistently failed, indicating it is a fixed object.",Desklamp 1 is a fixed object and cannot be picked up or moved.,VALID_NEXT_TRIAL,look_at_obj_in_light-Statue-None-DeskLamp-304,1,8-8,look_at_obj_in_light-Statue-None-DeskLamp-304,2,10-10
look at statue under the desklamp.,"statue, desklamp","look at, use",TRANSFORM,"Looking at statue after remotely turning on desklamp failed, misinterpreting the 'under the desklamp' condition.","To satisfy 'under the desklamp' condition, hold the target object and use the desklamp at its location.",VALID_NEXT_TRIAL,look_at_obj_in_light-Statue-None-DeskLamp-304,1,20-20,look_at_obj_in_light-Statue-None-DeskLamp-304,6,11-11
look at statue under the desklamp.,drawer,"go to, open",SEARCH,"Repeatedly attempted to 'go to' or 'open' drawers, but they remained inaccessible.",Drawers 1 and 2 are currently inaccessible and cannot be opened or navigated to.,VALID_NEXT_TRIAL,look_at_obj_in_light-Statue-None-DeskLamp-304,3,8-8,look_at_obj_in_light-Statue-None-DeskLamp-304,5,14-14
look at statue under the desklamp.,"statue, shelf",put,PLACE,"Attempted to 'put' a held object (statue 1) onto a surface (shelf 1), which failed.",Objects cannot be arbitrarily placed on surfaces using the 'put' command.,VALID_NEXT_TRIAL,look_at_obj_in_light-Statue-None-DeskLamp-304,5,29-29,look_at_obj_in_light-Statue-None-DeskLamp-304,6,10-10
look at statue under the desklamp.,"statue, desklamp",put,PLACE,Used unsupported syntax 'put object under another object' for placement.,The specific command 'put object under another object' is not supported; use 'use' action with the light source instead.,VALID_SAME_TRIAL,look_at_obj_in_light-Statue-None-DeskLamp-304,6,9-9,look_at_obj_in_light-Statue-None-DeskLamp-304,6,11-11
put a pencil in sidetable.,"pencil, sidetable","pick, place",SEARCH,"Pencil not found in initial search locations (desk 1, drawer 1).",Systematically search alternative locations like drawer 2 to locate the object.,VALID_SAME_TRIAL,pick_and_place_simple-Pencil-None-SideTable-309/trial_T20190909_040329_875526,1,3-5,pick_and_place_simple-Pencil-None-SideTable-309/trial_T20190909_040329_875526,1,6-6
put a peppershaker in drawer.,"peppershaker, drawer","pick, place",RECOVER,Attempted to interact with a closed container.,Open the container before attempting to interact with its contents.,VALID_SAME_TRIAL,pick_and_place_simple-PepperShaker-None-Drawer-5,1,5-5,pick_and_place_simple-PepperShaker-None-Drawer-5,1,6-6
put some toiletpaper on toiletpaperhanger.,drawer,open,SEARCH,Attempted to interact with a closed container during search.,Open the container before attempting to search or interact with its contents.,VALID_SAME_TRIAL,pick_and_place_simple-ToiletPaper-None-ToiletPaperHanger-409,1,3-7,pick_and_place_simple-ToiletPaper-None-ToiletPaperHanger-409,1,4-8
put some toiletpaper on toiletpaperhanger.,"toiletpaper, drawer",open,SEARCH,Target object not found in the initially checked containers.,Continue searching systematically through other potential containers until the object is located.,VALID_SAME_TRIAL,pick_and_place_simple-ToiletPaper-None-ToiletPaperHanger-409,1,4-6,pick_and_place_simple-ToiletPaper-None-ToiletPaperHanger-409,1,8-8
put some winebottle on diningtable.,WineBottle,pick,SEARCH,Target object (winebottle) not found in common or expected storage locations.,Expand search to less common locations like garbage cans when primary locations yield no results.,VALID_SAME_TRIAL,pick_and_place_simple-WineBottle-None-DiningTable-15,1,2-31,pick_and_place_simple-WineBottle-None-DiningTable-15,1,32-32
put some winebottle on diningtable.,container,open,SEARCH,"Attempted to search inside multiple containers (cabinets, fridge, drawers) that were closed.",Always open closed containers before attempting to search or interact with their contents.,VALID_SAME_TRIAL,pick_and_place_simple-WineBottle-None-DiningTable-15,1,3-27,pick_and_place_simple-WineBottle-None-DiningTable-15,1,4-28
clean some dishsponge and put it in toilet.,drawer,go,SEARCH,"Failed to navigate to a location, resulting in 'Nothing happens' observation.",Re-attempt navigation to the target location to ensure arrival.,VALID_NEXT_TRIAL,pick_clean_then_place_in_recep-DishSponge-None-Toilet-427,1,10-11,pick_clean_then_place_in_recep-DishSponge-None-Toilet-427,2,1-1
clean some dishsponge and put it in toilet.,dishsponge,pick,SEARCH,"Dishwipe not found in common locations like countertops, sinkbasins, or drawers.",Systematically search less common locations like bathtubbasin 1 to find the object.,VALID_NEXT_TRIAL,pick_clean_then_place_in_recep-DishSponge-None-Toilet-427,1,3-9,pick_clean_then_place_in_recep-DishSponge-None-Toilet-427,2,22-22
clean some dishsponge and put it in toilet.,"dishsponge, sinkbasin",clean,TRANSFORM,Attempted to clean an object without being at the cleaning location.,Navigate to the cleaning location (sinkbasin) before attempting to clean an object with it.,VALID_SAME_TRIAL,pick_clean_then_place_in_recep-DishSponge-None-Toilet-427,2,25-25,pick_clean_then_place_in_recep-DishSponge-None-Toilet-427,2,27-28
clean some dishsponge and put it in toilet.,"dishsponge, toilet",place,PLACE,"Used 'put' command to place an object, which failed even at the correct location.","When 'put' fails, try using the 'move' command to place an object into a receptacle.",VALID_SAME_TRIAL,pick_clean_then_place_in_recep-DishSponge-None-Toilet-427,2,30-32,pick_clean_then_place_in_recep-DishSponge-None-Toilet-427,2,33-33
put a clean ladle in countertop.,"ladle, countertop","pick, clean, place",SEARCH,Ladle not found in initial systematic search of drawers and cabinets.,"Expand search to all possible locations, including less obvious ones like countertops.",VALID_NEXT_TRIAL,pick_clean_then_place_in_recep-Ladle-None-CounterTop-8/trial_T20190909_121931_494324,1,3-10,pick_clean_then_place_in_recep-Ladle-None-CounterTop-8/trial_T20190909_121931_494324,6,45-46
put a clean ladle in countertop.,cabinet,"go, open",SEARCH,"Attempted 'go to' action for cabinet 9, which repeatedly failed with 'Nothing happens'.","If 'go to' fails for a container, attempt to 'open' it directly if already in the vicinity.",VALID_SAME_TRIAL,pick_clean_then_place_in_recep-Ladle-None-CounterTop-8/trial_T20190909_121931_494324,2,38-38,pick_clean_then_place_in_recep-Ladle-None-CounterTop-8/trial_T20190909_121931_494324,2,39-39
clean some lettuce and put it in countertop.,fridge,open,SEARCH,Attempted to access a closed container without opening it first.,Open the container before attempting to interact with its contents.,VALID_SAME_TRIAL,pick_clean_then_place_in_recep-Lettuce-None-CounterTop-13,1,3-3,pick_clean_then_place_in_recep-Lettuce-None-CounterTop-13,1,4-4
clean some lettuce and put it in countertop.,"lettuce, sinkbasin","clean, go",TRANSFORM,Tried to clean an object without being at the cleaning location.,Go to the specific cleaning location before attempting to clean an object.,VALID_SAME_TRIAL,pick_clean_then_place_in_recep-Lettuce-None-CounterTop-13,1,9-9,pick_clean_then_place_in_recep-Lettuce-None-CounterTop-13,1,11-12
clean some lettuce and put it in countertop.,"lettuce, countertop","put, move",PLACE,Used an incorrect verb ('put') to place an object onto a surface.,Use the 'move' verb to place an object onto a surface or receptacle.,VALID_SAME_TRIAL,pick_clean_then_place_in_recep-Lettuce-None-CounterTop-13,1,16-16,pick_clean_then_place_in_recep-Lettuce-None-CounterTop-13,1,17-17
clean some lettuce and put it in diningtable.,fridge,open,RECOVER,Attempted to access a container that was closed.,Open the container before attempting to access its contents.,VALID_SAME_TRIAL,pick_clean_then_place_in_recep-Lettuce-None-DiningTable-20,1,2-2,pick_clean_then_place_in_recep-Lettuce-None-DiningTable-20,1,3-3
clean some lettuce and put it in diningtable.,"lettuce, sinkbasin","clean, go",TRANSFORM,Attempted to clean an object without being at the cleaning location.,Go to the cleaning location before attempting to clean an object.,VALID_SAME_TRIAL,pick_clean_then_place_in_recep-Lettuce-None-DiningTable-20,1,6-6,pick_clean_then_place_in_recep-Lettuce-None-DiningTable-20,1,7-8
clean some lettuce and put it in diningtable.,"lettuce, diningtable","put, go",PLACE,Attempted to place an object without being at the target location.,Go to the target location before attempting to place an object.,VALID_SAME_TRIAL,pick_clean_then_place_in_recep-Lettuce-None-DiningTable-20,1,10-10,pick_clean_then_place_in_recep-Lettuce-None-DiningTable-20,1,11-11
clean some lettuce and put it in diningtable.,"lettuce, diningtable","put, move",PLACE,"Used 'put' verb to place an object, which had no effect.",Use the 'move' verb instead of 'put' to place objects in a receptacle.,VALID_SAME_TRIAL,pick_clean_then_place_in_recep-Lettuce-None-DiningTable-20,1,12-12,pick_clean_then_place_in_recep-Lettuce-None-DiningTable-20,1,13-13
clean some mug and put it in coffeemachine.,"mug, sinkbasin",clean,TRANSFORM,Attempted to clean an object without being at the cleaning location.,Go to the cleaning location before attempting to clean an object.,VALID_SAME_TRIAL,pick_clean_then_place_in_recep-Mug-None-CoffeeMachine-1,1,7-7,pick_clean_then_place_in_recep-Mug-None-CoffeeMachine-1,1,8-9
clean some mug and put it in coffeemachine.,"mug, coffeemachine",put in,PLACE,Attempted to place an object without being at the target receptacle's location.,Go to the target receptacle's location before attempting to place an object.,VALID_SAME_TRIAL,pick_clean_then_place_in_recep-Mug-None-CoffeeMachine-1,1,11-11,pick_clean_then_place_in_recep-Mug-None-CoffeeMachine-1,1,12-14
clean some mug and put it in coffeemachine.,"mug, coffeemachine","put in, move to",PLACE,Used 'put in' command which failed to place the object into the receptacle.,Use 'move object to receptacle' command to successfully place the object.,VALID_SAME_TRIAL,pick_clean_then_place_in_recep-Mug-None-CoffeeMachine-1,1,14-14,pick_clean_then_place_in_recep-Mug-None-CoffeeMachine-1,1,15-15
put a clean mug in coffeemachine.,mug,go to,SEARCH,Mug not found at the initial search location (countertop 1).,"Continue searching for the mug at alternative locations (e.g., countertop 2).",VALID_SAME_TRIAL,pick_clean_then_place_in_recep-Mug-None-CoffeeMachine-13,1,3-3,pick_clean_then_place_in_recep-Mug-None-CoffeeMachine-13,1,5-5
put a clean mug in coffeemachine.,"mug, coffeemachine","put, move",PLACE,The 'put' command failed to place the mug into the coffeemachine.,Use the 'move' command as an alternative to successfully place the mug into the coffeemachine.,VALID_SAME_TRIAL,pick_clean_then_place_in_recep-Mug-None-CoffeeMachine-13,1,13-13,pick_clean_then_place_in_recep-Mug-None-CoffeeMachine-13,1,14-14
clean some pan and put it in fridge.,"cabinet, drawer",open,SEARCH,"Failed to open various cabinets and drawers, receiving 'Nothing happens' observation.","Interpret 'Nothing happens' when attempting to open a container as it being inaccessible or empty, and continue the search.",VALID_SAME_TRIAL,pick_clean_then_place_in_recep-Pan-None-Fridge-13,1,10-10,pick_clean_then_place_in_recep-Pan-None-Fridge-13,1,13-13
clean some pan and put it in fridge.,pan,pick,SEARCH,"Pan not found after checking initial locations (cabinets, drawers, countertops, microwave).",Expand search strategy to include less obvious locations like stoveburners to find the object.,VALID_NEXT_TRIAL,pick_clean_then_place_in_recep-Pan-None-Fridge-13,3,22-31,pick_clean_then_place_in_recep-Pan-None-Fridge-13,3,32-38
clean some pan and put it in fridge.,"pan, sinkbasin",clean,TRANSFORM,Failed to clean pan 1 because the agent was not at the sinkbasin 1.,Go to the target location (sinkbasin) before attempting to use it to clean an object.,VALID_SAME_TRIAL,pick_clean_then_place_in_recep-Pan-None-Fridge-13,3,41-41,pick_clean_then_place_in_recep-Pan-None-Fridge-13,3,43-44
clean some pan and put it in fridge.,"pan, fridge",place,PLACE,Failed to place pan 1 in fridge 1 using the 'put' command.,Use 'move [object] to [container]' command instead of 'put' for placing objects into containers.,VALID_SAME_TRIAL,pick_clean_then_place_in_recep-Pan-None-Fridge-13,3,48-48,pick_clean_then_place_in_recep-Pan-None-Fridge-13,3,49-49
clean some soapbar and put it in garbagecan.,soapbar,"go to, search",SEARCH,"Soapbar not found after searching multiple common locations (shelves, basins).",Expand search to less obvious locations like the toilet to find the soapbar.,VALID_NEXT_TRIAL,pick_clean_then_place_in_recep-SoapBar-None-GarbageCan-429,1,1-10,pick_clean_then_place_in_recep-SoapBar-None-GarbageCan-429,4,11-11
clean some soapbar and put it in garbagecan.,garbagecan,open,SEARCH,"Attempted to open garbagecan 1, but the action had no effect.",Use the 'move' command to place objects into containers that cannot be opened.,VALID_NEXT_TRIAL,pick_clean_then_place_in_recep-SoapBar-None-GarbageCan-429,2,1-2,pick_clean_then_place_in_recep-SoapBar-None-GarbageCan-429,4,26-26
clean some soapbar and put it in garbagecan.,tissuebox,open,SEARCH,"Attempted to open tissuebox 1, but the action had no effect.","Recognize that some containers like tissuebox 1 may not be openable, requiring alternative search strategies.",CANDIDATE,pick_clean_then_place_in_recep-SoapBar-None-GarbageCan-429,2,4-6,pick_clean_then_place_in_recep-SoapBar-None-GarbageCan-429,3,11-11
clean some soapbar and put it in garbagecan.,"soapbar, toilet",take,ACQUIRE,Failed to take soapbar 1 from toilet 1 despite it being visible.,"Re-attempt 'take' action for visible objects, as initial failures might be transient or due to minor command variations.",VALID_NEXT_TRIAL,pick_clean_then_place_in_recep-SoapBar-None-GarbageCan-429,3,20-25,pick_clean_then_place_in_recep-SoapBar-None-GarbageCan-429,4,12-12
clean some soapbar and put it in garbagecan.,"soapbar, sinkbasin",clean,TRANSFORM,Attempted to clean soapbar 1 with sinkbasin 1 without being at the sinkbasin location.,"Ensure agent is at the correct location before attempting to use an object with a receptacle (e.g., cleaning).",VALID_SAME_TRIAL,pick_clean_then_place_in_recep-SoapBar-None-GarbageCan-429,4,14-14,pick_clean_then_place_in_recep-SoapBar-None-GarbageCan-429,4,16-17
clean some soapbar and put it in garbagecan.,"soapbar, garbagecan",put in,PLACE,Attempted to put soapbar 1 in garbagecan 1 without being at the garbagecan location.,Ensure agent is at the target receptacle before attempting to place an object into it.,VALID_SAME_TRIAL,pick_clean_then_place_in_recep-SoapBar-None-GarbageCan-429,4,19-19,pick_clean_then_place_in_recep-SoapBar-None-GarbageCan-429,4,21-21
clean some soapbar and put it in garbagecan.,"soapbar, garbagecan","put in, move",PLACE,"The 'put in' command failed to place soapbar 1 into garbagecan 1, even when at the location.","If 'put in' fails for a receptacle, try using the 'move [object] to [receptacle]' command as an alternative.",VALID_SAME_TRIAL,pick_clean_then_place_in_recep-SoapBar-None-GarbageCan-429,4,22-22,pick_clean_then_place_in_recep-SoapBar-None-GarbageCan-429,4,26-26
clean some soapbar and put it in garbagecan.,garbagecan,look inside,SEARCH,"Using 'look inside' on garbagecan 1 had no effect, suggesting it's not an inspectable container.","If 'look inside' fails for a container, consider it non-inspectable and try alternative interaction methods or search strategies.",VALID_NEXT_TRIAL,pick_clean_then_place_in_recep-SoapBar-None-GarbageCan-429,3,18-18,pick_clean_then_place_in_recep-SoapBar-None-GarbageCan-429,4,26-26
clean some soapbar and put it in garbagecan.,"soapbar, garbagecan","drop, move",PLACE,The 'drop' command failed to place soapbar 1 into garbagecan 1.,"If 'drop' fails for a receptacle, try using the 'move [object] to [receptacle]' command as an alternative.",VALID_SAME_TRIAL,pick_clean_then_place_in_recep-SoapBar-None-GarbageCan-429,4,25-25,pick_clean_then_place_in_recep-SoapBar-None-GarbageCan-429,4,26-26
cool some lettuce and put it in diningtable.,fridge,"cool, open",RECOVER,Attempted to use a closed fridge for cooling an item.,Open the fridge before attempting to cool items inside it.,VALID_SAME_TRIAL,pick_cool_then_place_in_recep-Lettuce-None-DiningTable-21/trial_T20190909_045142_232083,1,9-9,pick_cool_then_place_in_recep-Lettuce-None-DiningTable-21/trial_T20190909_045142_232083,1,11-11
cool some lettuce and put it in diningtable.,"lettuce, diningtable","place, move, go",PLACE,Failed to place an item because the agent was not at the target location.,Navigate to the target location before attempting to place an item there.,VALID_SAME_TRIAL,pick_cool_then_place_in_recep-Lettuce-None-DiningTable-21/trial_T20190909_045142_232083,1,15-15,pick_cool_then_place_in_recep-Lettuce-None-DiningTable-21/trial_T20190909_045142_232083,1,17-18
put a cool mug in shelf.,cabinet,"go, open",SEARCH,"Attempted to use an observation as an action, resulting in no effect.","Perform explicit 'open' action on containers after arriving, instead of using observations as actions.",VALID_SAME_TRIAL,pick_cool_then_place_in_recep-Mug-None-Shelf-20/trial_T20190908_121332_701155,1,14-14,pick_cool_then_place_in_recep-Mug-None-Shelf-20/trial_T20190908_121332_701155,1,15-15
put a cool mug in shelf.,"mug, fridge","cool, open",TRANSFORM,Attempted to cool mug with fridge while fridge was closed.,Open the fridge before attempting to cool an item with it.,VALID_NEXT_TRIAL,pick_cool_then_place_in_recep-Mug-None-Shelf-20/trial_T20190908_121332_701155,1,32-32,pick_cool_then_place_in_recep-Mug-None-Shelf-20/trial_T20190908_121332_701155,3,38-41
put a cool mug in shelf.,fridge,"go, open",TRANSFORM,Repeated 'open fridge' action without being at the correct location.,Ensure agent is at the correct location before attempting to open a container.,VALID_NEXT_TRIAL,pick_cool_then_place_in_recep-Mug-None-Shelf-20/trial_T20190908_121332_701155,1,33-34,pick_cool_then_place_in_recep-Mug-None-Shelf-20/trial_T20190908_121332_701155,3,37-38
put a cool mug in shelf.,cabinet,go,SEARCH,Executed redundant 'go to' action to an already reached location.,Avoid redundant navigation actions to locations already reached by attempting new actions.,VALID_NEXT_TRIAL,pick_cool_then_place_in_recep-Mug-None-Shelf-20/trial_T20190908_121332_701155,2,17-17,pick_cool_then_place_in_recep-Mug-None-Shelf-20/trial_T20190908_121332_701155,3,18-18
put a cool mug in shelf.,cabinet,open,SEARCH,Attempted to open an object that is not a container or is already open/empty.,Recognize when an object is not a container or is already open/empty and proceed to search other locations.,VALID_SAME_TRIAL,pick_cool_then_place_in_recep-Mug-None-Shelf-20/trial_T20190908_121332_701155,3,18-18,pick_cool_then_place_in_recep-Mug-None-Shelf-20/trial_T20190908_121332_701155,3,19-20
put a cool mug in shelf.,cabinet,open,SEARCH,Attempted to open an object that is not a container or is already open/empty.,Recognize when an object is not a container or is already open/empty and proceed to search other locations.,VALID_SAME_TRIAL,pick_cool_then_place_in_recep-Mug-None-Shelf-20/trial_T20190908_121332_701155,3,29-29,pick_cool_then_place_in_recep-Mug-None-Shelf-20/trial_T20190908_121332_701155,3,30-31
put a cool mug in shelf.,drawer,open,SEARCH,Attempted to open an object that is not a container or is already open/empty.,Recognize when an object is not a container or is already open/empty and proceed to search other locations.,VALID_SAME_TRIAL,pick_cool_then_place_in_recep-Mug-None-Shelf-20/trial_T20190908_121332_701155,3,32-32,pick_cool_then_place_in_recep-Mug-None-Shelf-20/trial_T20190908_121332_701155,3,33-34
put a cool mug in shelf.,"mug, fridge","put, cool",TRANSFORM,"Used incorrect verb 'put' for cooling action, resulting in no effect.","Use the specific 'cool' verb for cooling an object with a cooling appliance, not 'put'.",VALID_SAME_TRIAL,pick_cool_then_place_in_recep-Mug-None-Shelf-20/trial_T20190908_121332_701155,3,39-39,pick_cool_then_place_in_recep-Mug-None-Shelf-20/trial_T20190908_121332_701155,3,41-41
put a cool mug in shelf.,"mug, shelf","put, move",PLACE,"Used incorrect verb 'put' for placing an object on a shelf, resulting in no effect.","Use the specific 'move' verb for placing an object on a shelf, not 'put'.",VALID_SAME_TRIAL,pick_cool_then_place_in_recep-Mug-None-Shelf-20/trial_T20190908_121332_701155,3,44-44,pick_cool_then_place_in_recep-Mug-None-Shelf-20/trial_T20190908_121332_701155,3,45-45
cool some pan and put it in diningtable.,pan,pick,SEARCH,Agent failed to find a 'pan' and did not identify 'pot' as a suitable substitute.,Identify 'pot' from stoveburner 1 as a substitute for 'pan' when 'pan' is not found.,VALID_NEXT_TRIAL,pick_cool_then_place_in_recep-Pan-None-DiningTable-11/trial_T20190908_204315_625279,1,1-49,pick_cool_then_place_in_recep-Pan-None-DiningTable-11/trial_T20190908_204315_625279,2,1-3
cool some pan and put it in diningtable.,"pot, fridge",cool,TRANSFORM,"Attempted to 'put' the object into the fridge for cooling, which had no effect.",Use the 'cool [object] with [appliance]' action directly to cool an item.,VALID_SAME_TRIAL,pick_cool_then_place_in_recep-Pan-None-DiningTable-11/trial_T20190908_204315_625279,2,7-7,pick_cool_then_place_in_recep-Pan-None-DiningTable-11/trial_T20190908_204315_625279,2,8-8
cool some pan and put it in diningtable.,"pot, diningtable",place,PLACE,"Attempted to 'put' the object on the dining table, which had no effect.",Use the 'move [object] to [location]' action to place an item on a surface.,VALID_SAME_TRIAL,pick_cool_then_place_in_recep-Pan-None-DiningTable-11/trial_T20190908_204315_625279,2,11-11,pick_cool_then_place_in_recep-Pan-None-DiningTable-11/trial_T20190908_204315_625279,2,13-13
cool some pan and put it in diningtable.,stoveburner,go,SEARCH,Agent repeatedly attempted to go to unreachable locations 'stoveburner 2' and 'stoveburner 4'.,No explicit learning was observed; agent continued to attempt going to unreachable locations.,CANDIDATE,pick_cool_then_place_in_recep-Pan-None-DiningTable-11/trial_T20190908_204315_625279,4,3-4,pick_cool_then_place_in_recep-Pan-None-DiningTable-11/trial_T20190908_204315_625279,7,27-27
cool some pan and put it in diningtable.,"pot, fridge",take,RECOVER,"Agent incorrectly assumed 'cool' action places object in fridge, leading to failed 'take' attempt.",Understand that 'cool' action does not remove the item from inventory; it remains held.,VALID_SAME_TRIAL,pick_cool_then_place_in_recep-Pan-None-DiningTable-11/trial_T20190908_204315_625279,7,11-11,pick_cool_then_place_in_recep-Pan-None-DiningTable-11/trial_T20190908_204315_625279,7,12-12
cool some pan and put it in diningtable.,pot,"place, take",PLACE,"Object was not in inventory after cooling, causing 'put' action to fail, leading to confusion about object location.",No explicit learning was observed; agent abandoned the object due to persistent confusion about its location.,CANDIDATE,pick_cool_then_place_in_recep-Pan-None-DiningTable-11/trial_T20190908_204315_625279,6,11-14,pick_cool_then_place_in_recep-Pan-None-DiningTable-11/trial_T20190908_204315_625279,7,22-23
,,,,,,,,,,,,
cool some plate and put it in cabinet.,"plate, cabinet","pick, cool, place",SEARCH,Agent repeatedly used 'look around' command which had no effect on finding objects.,"To find objects, go to specific locations and observe contents, or open containers to check inside.",VALID_NEXT_TRIAL,pick_cool_then_place_in_recep-Plate-None-Cabinet-7,1,3-4,pick_cool_then_place_in_recep-Plate-None-Cabinet-7,2,2-3
cool some plate and put it in cabinet.,"plate, cabinet","pick, cool, place",SEARCH,"Agent arrived at a closed cabinet, blocking the ability to search for items inside.",Open closed containers before attempting to search or interact with their contents.,VALID_SAME_TRIAL,pick_cool_then_place_in_recep-Plate-None-Cabinet-7,2,2-2,pick_cool_then_place_in_recep-Plate-None-Cabinet-7,2,3-3
cool some plate and put it in cabinet.,"plate, cabinet","pick, cool, place",SEARCH,"Agent attempted to open a cabinet from a different location, resulting in no action.",Go to the specific location of a container before attempting to open or interact with it.,VALID_SAME_TRIAL,pick_cool_then_place_in_recep-Plate-None-Cabinet-7,2,28-28,pick_cool_then_place_in_recep-Plate-None-Cabinet-7,2,30-31
cool some pot and put it in diningtable.,fridge,cool,ACQUIRE,Attempted to use a fridge for cooling while it was closed.,Open the fridge before attempting to cool an object with it.,VALID_SAME_TRIAL,pick_cool_then_place_in_recep-Pot-None-DiningTable-24/trial_T20190908_111415_336140,1,6-6,pick_cool_then_place_in_recep-Pot-None-DiningTable-24/trial_T20190908_111415_336140,1,7-7
cool some tomato and put it in garbagecan.,cabinet,go,SEARCH,Attempting to 'go to' a location (cabinet 2) repeatedly resulted in 'Nothing happens'.,"Proceed with interaction actions like 'open' even if 'go to' reports 'Nothing happens', as the agent might already be at the target location.",VALID_NEXT_TRIAL,pick_cool_then_place_in_recep-Tomato-None-GarbageCan-5,1,5-6,pick_cool_then_place_in_recep-Tomato-None-GarbageCan-5,7,9-9
cool some tomato and put it in garbagecan.,"container, surface",look,SEARCH,Using the 'look in' command on various containers and surfaces consistently resulted in 'Nothing happens'.,Switch to alternative observation commands like 'look around' or rely on automatic observations upon arrival at a location.,VALID_NEXT_TRIAL,pick_cool_then_place_in_recep-Tomato-None-GarbageCan-5,2,5-23,pick_cool_then_place_in_recep-Tomato-None-GarbageCan-5,7,44-47
cool some tomato and put it in garbagecan.,"cabinet, drawer",open,SEARCH,An 'open' action was reported as successful but immediately followed by a contradictory 'Nothing happens' observation.,N/A,CANDIDATE,pick_cool_then_place_in_recep-Tomato-None-GarbageCan-5,5,33-47,,,
cool some tomato and put it in garbagecan.,cabinet,open,SEARCH,Attempting to 'open' a container (cabinet 19) resulted in 'Nothing happens'.,Ensure the agent is at the correct location before attempting to open a container.,VALID_SAME_TRIAL,pick_cool_then_place_in_recep-Tomato-None-GarbageCan-5,6,22-22,pick_cool_then_place_in_recep-Tomato-None-GarbageCan-5,6,23-24
cool some tomato and put it in garbagecan.,shelf,check,SEARCH,Using the 'check' command on a surface (shelf 1) resulted in 'Nothing happens'.,"Rely on automatic observations upon arrival at a location to identify contents, rather than using 'check'.",VALID_SAME_TRIAL,pick_cool_then_place_in_recep-Tomato-None-GarbageCan-5,6,26-26,pick_cool_then_place_in_recep-Tomato-None-GarbageCan-5,6,27-28
cool some tomato and put it in garbagecan.,countertop,look,SEARCH,Using the 'look around' command on a surface resulted in 'Nothing happens'.,N/A,CANDIDATE,pick_cool_then_place_in_recep-Tomato-None-GarbageCan-5,7,44-47,,,
cool some tomato and put it in garbagecan.,tomato,pick,SEARCH,The target object 'tomato' was not found after extensive systematic searching across all trials.,N/A,CANDIDATE,pick_cool_then_place_in_recep-Tomato-None-GarbageCan-5,1,1-6,,,
put a cool winebottle in countertop.,"winebottle, fridge",cool,TRANSFORM,Failed to cool winebottle or open fridge due to not being at the appliance.,Go to the appliance (fridge) and open it before attempting to cool an item.,VALID_SAME_TRIAL,pick_cool_then_place_in_recep-WineBottle-None-CounterTop-17,1,6-7,pick_cool_then_place_in_recep-WineBottle-None-CounterTop-17,1,9-11
put a cool winebottle in countertop.,"winebottle, countertop",place,PLACE,Used 'put in' command instead of 'move to' for placing an object on a surface.,Use the 'move to' command when placing an object on a surface like a countertop.,VALID_SAME_TRIAL,pick_cool_then_place_in_recep-WineBottle-None-CounterTop-17,1,14-14,pick_cool_then_place_in_recep-WineBottle-None-CounterTop-17,1,15-15
heat some apple and put it in fridge.,"apple, fridge",put,PLACE,"Attempted to place heated apple in fridge using 'put' command, but it failed.",Use the 'move' command instead of 'put' to place an item into a receptacle.,VALID_NEXT_TRIAL,pick_heat_then_place_in_recep-Apple-None-Fridge-30,1,13-13,pick_heat_then_place_in_recep-Apple-None-Fridge-30,5,16-16
heat some apple and put it in fridge.,"fridge, cabinet",open,SEARCH,Tried to open a container without being at its location.,Always go to the object's location before attempting to open it.,VALID_SAME_TRIAL,pick_heat_then_place_in_recep-Apple-None-Fridge-30,2,2-2,pick_heat_then_place_in_recep-Apple-None-Fridge-30,2,4-5
heat some apple and put it in fridge.,"apple, microwave",put,TRANSFORM,"Attempted to put apple directly into an open microwave before heating, which failed.",Do not explicitly put items into the microwave; ensure it is closed and use the 'heat' action directly.,VALID_NEXT_TRIAL,pick_heat_then_place_in_recep-Apple-None-Fridge-30,2,13-14,pick_heat_then_place_in_recep-Apple-None-Fridge-30,4,11-12
heat some apple and put it in fridge.,"apple, microwave",heat,TRANSFORM,Attempted to heat an item with the microwave without being at its location.,Go to the appliance's location before attempting to use it for heating.,VALID_SAME_TRIAL,pick_heat_then_place_in_recep-Apple-None-Fridge-30,3,8-8,pick_heat_then_place_in_recep-Apple-None-Fridge-30,3,9-11
heat some apple and put it in fridge.,"apple, microwave",heat,TRANSFORM,"Heated an apple with an open microwave, causing the item to disappear from inventory.",Ensure the microwave is closed before performing the 'heat' action to retain the item.,VALID_NEXT_TRIAL,pick_heat_then_place_in_recep-Apple-None-Fridge-30,3,11-11,pick_heat_then_place_in_recep-Apple-None-Fridge-30,4,11-12
heat some apple and put it in fridge.,fridge,close,RECOVER,Attempted to close a container without being at its location.,Go to the object's location before attempting to close it.,CANDIDATE,pick_heat_then_place_in_recep-Apple-None-Fridge-30,4,24-25,pick_heat_then_place_in_recep-Apple-None-Fridge-30,4,24-25
heat some cup and put it in cabinet.,cabinet,open,SEARCH,"Agent repeatedly failed to open various cabinets, receiving 'Nothing happens' observation.",Cabinets can be opened by explicitly using the 'open' command after navigating to them.,VALID_NEXT_TRIAL,pick_heat_then_place_in_recep-Cup-None-Cabinet-28,1,2-12,pick_heat_then_place_in_recep-Cup-None-Cabinet-28,2,11-12
heat some cup and put it in cabinet.,"cup, microwave","heat, open",TRANSFORM,Agent failed to heat cup with microwave and could not open microwave.,Ensure microwave is open before attempting to heat an item with it.,VALID_NEXT_TRIAL,pick_heat_then_place_in_recep-Cup-None-Cabinet-28,1,17-18,pick_heat_then_place_in_recep-Cup-None-Cabinet-28,2,6-9
heat some cup and put it in cabinet.,"cup, microwave",put,TRANSFORM,Agent failed to put cup into the microwave.,Heating an item with the microwave does not require explicitly putting the item inside; it works directly if the microwave is open.,VALID_NEXT_TRIAL,pick_heat_then_place_in_recep-Cup-None-Cabinet-28,1,20-20,pick_heat_then_place_in_recep-Cup-None-Cabinet-28,2,7-9
heat some cup and put it in cabinet.,"cup, stoveburner",heat,TRANSFORM,Agent failed to heat cup using the stoveburner.,Investigate alternative heating methods if stoveburner fails to heat the item.,CANDIDATE,pick_heat_then_place_in_recep-Cup-None-Cabinet-28,1,22-22,pick_heat_then_place_in_recep-Cup-None-Cabinet-28,1,22-22
heat some cup and put it in cabinet.,"cup, cabinet",put,PLACE,Agent failed to place cup into cabinet using 'put' command.,Use the 'move' command instead of 'put' to place an item into an open cabinet.,VALID_NEXT_TRIAL,pick_heat_then_place_in_recep-Cup-None-Cabinet-28,1,26-26,pick_heat_then_place_in_recep-Cup-None-Cabinet-28,2,13-14
heat some egg and put it in garbagecan.,"fridge, cabinet, drawer, microwave","open, look in",SEARCH,"Commands `open` and `look in` failed for containers like fridge, cabinets, and microwave during object search.","Search for objects on visible surfaces directly, as container interaction commands are non-functional for finding items.",VALID_SAME_TRIAL,pick_heat_then_place_in_recep-Egg-None-GarbageCan-12,1,2-18,pick_heat_then_place_in_recep-Egg-None-GarbageCan-12,1,32-33
heat some egg and put it in garbagecan.,"egg, microwave, stoveburner, pan","heat, open, put",TRANSFORM,Failed to heat egg using microwave (initially unable to open or place egg) or alternative methods like stoveburner/pan.,"To heat the egg, first open the microwave, then `move` the egg inside, and finally `close` the microwave before using the `heat` command.",VALID_NEXT_TRIAL,pick_heat_then_place_in_recep-Egg-None-GarbageCan-12,1,35-43,pick_heat_then_place_in_recep-Egg-None-GarbageCan-12,3,5-11
heat some egg and put it in garbagecan.,"egg, garbagecan",put,PLACE,"Used `put` command to place egg into garbagecan, which resulted in no action.",Use the `move` command instead of `put` to successfully place objects into receptacles.,VALID_SAME_TRIAL,pick_heat_then_place_in_recep-Egg-None-GarbageCan-12,1,46-46,pick_heat_then_place_in_recep-Egg-None-GarbageCan-12,1,48-48
heat some egg and put it in garbagecan.,"egg, garbagecan",move,PLACE,Failed to move egg to garbagecan because the agent was not at the garbagecan's location.,Navigate to the target receptacle's location before attempting to move an object into it.,VALID_SAME_TRIAL,pick_heat_then_place_in_recep-Egg-None-GarbageCan-12,3,12-12,pick_heat_then_place_in_recep-Egg-None-GarbageCan-12,3,14-16
heat some mug and put it in coffeemachine.,"mug, cabinet, fridge, countertop","open, look in, go to, take",SEARCH,"Failed to find mug by opening cabinets or fridge, which yielded no results.",Search for the mug on countertops when cabinets and fridges are not interactable or empty.,VALID_NEXT_TRIAL,pick_heat_then_place_in_recep-Mug-None-CoffeeMachine-30/trial_T20190908_044350_359469,1,3-5,pick_heat_then_place_in_recep-Mug-None-CoffeeMachine-30/trial_T20190908_044350_359469,2,7-9
heat some mug and put it in coffeemachine.,microwave,"open, go to",ACQUIRE,Failed to open microwave because the agent was not at its location.,Go to the appliance's location before attempting to open or interact with it.,VALID_SAME_TRIAL,pick_heat_then_place_in_recep-Mug-None-CoffeeMachine-30/trial_T20190908_044350_359469,4,17-17,pick_heat_then_place_in_recep-Mug-None-CoffeeMachine-30/trial_T20190908_044350_359469,4,20-23
heat some mug and put it in coffeemachine.,"mug, microwave","heat, go to",TRANSFORM,Failed to heat mug with microwave because the agent was not at its location.,Go to the appliance's location before attempting to heat an object with it.,VALID_SAME_TRIAL,pick_heat_then_place_in_recep-Mug-None-CoffeeMachine-30/trial_T20190908_044350_359469,4,19-19,pick_heat_then_place_in_recep-Mug-None-CoffeeMachine-30/trial_T20190908_044350_359469,4,20-27
heat some mug and put it in coffeemachine.,"mug, microwave","put, heat",TRANSFORM,"Attempted to put mug inside microwave before heating, which is not the correct procedure.",Heat objects directly with the microwave; do not attempt to put them inside first.,VALID_SAME_TRIAL,pick_heat_then_place_in_recep-Mug-None-CoffeeMachine-30/trial_T20190908_044350_359469,4,25-25,pick_heat_then_place_in_recep-Mug-None-CoffeeMachine-30/trial_T20190908_044350_359469,4,26-27
heat some mug and put it in coffeemachine.,"mug, coffeemachine","put, move",PLACE,"Failed to place mug in coffeemachine using 'put' or 'move' actions, leading to incorrect assumptions about mug's inventory status.","Use the 'move' action to place objects on the coffeemachine, and confirm the object remains in inventory after heating.",VALID_NEXT_TRIAL,pick_heat_then_place_in_recep-Mug-None-CoffeeMachine-30/trial_T20190908_044350_359469,2,14-16,pick_heat_then_place_in_recep-Mug-None-CoffeeMachine-30/trial_T20190908_044350_359469,4,35-37
heat some plate and put it in countertop.,"plate, microwave",heat,TRANSFORM,Failed to heat plate directly with microwave without opening it.,"To heat an object, go to the microwave, open it, and then use the 'heat' command.",VALID_NEXT_TRIAL,pick_heat_then_place_in_recep-Plate-None-CounterTop-7,1,5-5,pick_heat_then_place_in_recep-Plate-None-CounterTop-7,2,24-27
heat some plate and put it in countertop.,microwave,open,RECOVER,Failed to open microwave without first navigating to its location.,Go to the appliance's location before attempting to open it.,VALID_NEXT_TRIAL,pick_heat_then_place_in_recep-Plate-None-CounterTop-7,1,6-7,pick_heat_then_place_in_recep-Plate-None-CounterTop-7,2,24-25
heat some plate and put it in countertop.,"cabinet, plate","open, search",SEARCH,"Failed to open multiple cabinets, indicating they might be inaccessible or empty.","If cabinets are inaccessible or empty, search for the object in alternative locations like countertops.",VALID_SAME_TRIAL,pick_heat_then_place_in_recep-Plate-None-CounterTop-7,2,2-14,pick_heat_then_place_in_recep-Plate-None-CounterTop-7,2,16-18
heat some plate and put it in countertop.,"plate, stoveburner",put,PLACE,"Failed to place plate on stoveburner, as it's not a suitable receptacle.","Place the plate on a countertop, not a stoveburner, as stoveburners are not suitable receptacles.",VALID_SAME_TRIAL,pick_heat_then_place_in_recep-Plate-None-CounterTop-7,2,21-22,pick_heat_then_place_in_recep-Plate-None-CounterTop-7,2,30-30
heat some plate and put it in countertop.,"plate, microwave",put,TRANSFORM,Failed to place plate inside open microwave using 'put in' command.,Directly use the 'heat' command on the object with the microwave; explicit 'put in' might not be required.,VALID_SAME_TRIAL,pick_heat_then_place_in_recep-Plate-None-CounterTop-7,2,26-26,pick_heat_then_place_in_recep-Plate-None-CounterTop-7,2,27-27
heat some potato and put it in garbagecan.,fridge,open,SEARCH,Failed to open fridge 1 due to not being at its location.,Always go to the fridge's location before attempting to open it.,VALID_NEXT_TRIAL,pick_heat_then_place_in_recep-Potato-None-GarbageCan-3,1,1-2,pick_heat_then_place_in_recep-Potato-None-GarbageCan-3,2,7-8
heat some potato and put it in garbagecan.,cabinet,open,SEARCH,Failed to open cabinet 1 due to not being at its location.,Always go to the cabinet's location before attempting to open it.,VALID_SAME_TRIAL,pick_heat_then_place_in_recep-Potato-None-GarbageCan-3,2,1-1,pick_heat_then_place_in_recep-Potato-None-GarbageCan-3,2,3-4
heat some potato and put it in garbagecan.,"potato, cabinet",find,SEARCH,Potato not found in cabinet 1 after opening it.,"If an object is not in one container, check other likely containers like the fridge.",VALID_SAME_TRIAL,pick_heat_then_place_in_recep-Potato-None-GarbageCan-3,2,4-5,pick_heat_then_place_in_recep-Potato-None-GarbageCan-3,2,8-9
heat some potato and put it in garbagecan.,microwave,open,TRANSFORM,Failed to open microwave 1 due to not being at its location.,Always go to the microwave's location before attempting to open it.,VALID_SAME_TRIAL,pick_heat_then_place_in_recep-Potato-None-GarbageCan-3,2,11-11,pick_heat_then_place_in_recep-Potato-None-GarbageCan-3,2,12-13
heat some potato and put it in garbagecan.,"potato, microwave","put, heat",TRANSFORM,Repeatedly failed to put potato 2 in microwave 1 before heating.,The 'heat' command implicitly handles placing the item in the microwave; 'put' is not needed.,VALID_SAME_TRIAL,pick_heat_then_place_in_recep-Potato-None-GarbageCan-3,2,14-18,pick_heat_then_place_in_recep-Potato-None-GarbageCan-3,2,19-19
heat some potato and put it in garbagecan.,microwave,"close, open",TRANSFORM,Accidentally closed microwave 1 while attempting to heat potato.,Re-open the microwave immediately after accidentally closing it during a task.,VALID_SAME_TRIAL,pick_heat_then_place_in_recep-Potato-None-GarbageCan-3,2,15-15,pick_heat_then_place_in_recep-Potato-None-GarbageCan-3,2,17-17
find two book and put them in drawer.,drawer,go to,SEARCH,"Failed to navigate to drawer 3, consistently receiving 'Nothing happens'.","If 'go to' a location consistently fails, assume it's inaccessible and prioritize searching other locations.",CANDIDATE,pick_two_obj_and_place-Book-None-Drawer-307,1,8-8,pick_two_obj_and_place-Book-None-Drawer-307,3,26-26
find two book and put them in drawer.,"book, drawer","move, put",PLACE,"Failed to place an object into a drawer, receiving 'Nothing happens' when not at the target location.",Always navigate to the target container using 'go to' before attempting to place an object inside.,VALID_SAME_TRIAL,pick_two_obj_and_place-Book-None-Drawer-307,1,17-22,pick_two_obj_and_place-Book-None-Drawer-307,1,23-23
find two book and put them in drawer.,"book, bed",take,ACQUIRE,"Books on bed 1 appeared unpickable, consistently receiving 'Nothing happens' when attempting to take them.","Attempt to take different book IDs from bed 1, as some may be pickable despite initial failures.",VALID_NEXT_TRIAL,pick_two_obj_and_place-Book-None-Drawer-307,2,11-14,pick_two_obj_and_place-Book-None-Drawer-307,6,9-9
find two book and put them in drawer.,drawer,open,SEARCH,"Failed to open drawer 3, receiving 'Nothing happens'.","If 'open' a container fails, consider it unopenable and adjust search strategy to other locations.",CANDIDATE,pick_two_obj_and_place-Book-None-Drawer-307,4,21-21,pick_two_obj_and_place-Book-None-Drawer-307,4,32-32
find two book and put them in drawer.,"garbagecan, laundryhamper",open,SEARCH,"Failed to open garbagecan 1 or laundryhamper 1, receiving 'Nothing happens'.","If 'open' a container fails, consider it unopenable and adjust search strategy to other locations.",CANDIDATE,pick_two_obj_and_place-Book-None-Drawer-307,4,26-28,pick_two_obj_and_place-Book-None-Drawer-307,4,32-32
find two bowl and put them in dresser.,"Bowl, Dresser","pick, place",PLACE,Attempted to move an object to a location without being at the location.,Go to the target location before attempting to move an object there.,VALID_SAME_TRIAL,pick_two_obj_and_place-Bowl-None-Dresser-327,1,8-8,pick_two_obj_and_place-Bowl-None-Dresser-327,1,9-10
put two cd in dresser.,drawer,go,SEARCH,"Attempted to 'go to' drawer 2, but the action had no effect.","Successfully navigated to other drawers (3, 4, 5) by using the 'go to' command on valid targets.",VALID_SAME_TRIAL,pick_two_obj_and_place-CD-None-Dresser-303,1,3-3,pick_two_obj_and_place-CD-None-Dresser-303,1,5-5
put two cd in dresser.,drawer,open,SEARCH,"Attempted to 'open' drawer 2, but the action had no effect.",Successfully opened 'drawer 3' by using the 'open' command on an accessible drawer.,VALID_SAME_TRIAL,pick_two_obj_and_place-CD-None-Dresser-303,1,4-4,pick_two_obj_and_place-CD-None-Dresser-303,1,6-6
put two cd in dresser.,"cd, dresser",move,PLACE,"Attempted to move an object to a container, but the action had no effect.","Re-attempted the 'move' action after re-going to the target location, which resolved the issue.",VALID_SAME_TRIAL,pick_two_obj_and_place-CD-None-Dresser-303,1,19-19,pick_two_obj_and_place-CD-None-Dresser-303,1,21-21
find two creditcard and put them in sofa.,drawer,open,ACQUIRE,Attempted to check a closed drawer for an object.,Always open a container before attempting to check its contents.,VALID_SAME_TRIAL,pick_two_obj_and_place-CreditCard-None-Sofa-216,1,2-2,pick_two_obj_and_place-CreditCard-None-Sofa-216,1,3-3
find two creditcard and put them in sofa.,creditcard,"go to, open",SEARCH,"Creditcard not found in initial search locations (drawers, sidetables).",Expand search to alternative locations until the target object is found.,VALID_SAME_TRIAL,pick_two_obj_and_place-CreditCard-None-Sofa-216,1,3-17,pick_two_obj_and_place-CreditCard-None-Sofa-216,1,18-18
find two newspaper and put them in sofa.,"newspaper, sofa","pick, place",SEARCH,Attempted to find second newspaper in a previously emptied location.,"Expand search to new, unvisited locations when an object is not found in a previously checked spot.",VALID_SAME_TRIAL,pick_two_obj_and_place-Newspaper-None-Sofa-212/trial_T20190908_003932_911911,1,10-11,pick_two_obj_and_place-Newspaper-None-Sofa-212/trial_T20190908_003932_911911,1,12-17
find two saltshaker and put them in drawer.,"saltshaker, drawer","move, go to, place",PLACE,Attempted to move an object to a container without being at the container's location.,Go to the target container's location before attempting to move an object into it.,VALID_SAME_TRIAL,pick_two_obj_and_place-SaltShaker-None-Drawer-12/trial_T20190907_175233_453383,1,15-15,pick_two_obj_and_place-SaltShaker-None-Drawer-12/trial_T20190907_175233_453383,1,16-19
find two saltshaker and put them in drawer.,"saltshaker, drawer","put, move, place",PLACE,Used incorrect verb 'put' instead of 'move' to place a held object into a container.,Use the 'move [object] to [container]' command to place a held object into a container.,VALID_SAME_TRIAL,pick_two_obj_and_place-SaltShaker-None-Drawer-12/trial_T20190907_175233_453383,1,17-17,pick_two_obj_and_place-SaltShaker-None-Drawer-12/trial_T20190907_175233_453383,1,19-19
find two soapbottle and put them in cart.,"soapbottle, bathtubbasin, sinkbasin, shelf, cart, garbagecan","search, find",SEARCH,"Soapbottle not found in common locations like bathtubbasin, sinkbasin, shelves, or cart.",Expand search to less common locations like garbagecan when primary locations are empty.,VALID_SAME_TRIAL,pick_two_obj_and_place-SoapBottle-None-Cart-401,1,3-15,pick_two_obj_and_place-SoapBottle-None-Cart-401,1,16-17
find two soapbottle and put them in cart.,"soapbottle, cart","move, go",PLACE,Attempted to move object to a container without being at the target location.,Go to the target location before attempting to place an object into it.,VALID_SAME_TRIAL,pick_two_obj_and_place-SoapBottle-None-Cart-401,1,20-20,pick_two_obj_and_place-SoapBottle-None-Cart-401,1,22-22
find two soapbottle and put them in cart.,"soapbottle, cart","put, move",PLACE,"Used 'put' command which failed, indicating an incorrect verb for placing an object.",Use 'move' command instead of 'put' to place an object into a container.,VALID_SAME_TRIAL,pick_two_obj_and_place-SoapBottle-None-Cart-401,1,23-23,pick_two_obj_and_place-SoapBottle-None-Cart-401,1,24-24
find two soapbottle and put them in cart.,"soapbottle, garbagecan, toilet","search, find",SEARCH,Second soapbottle not found in previously successful or common locations.,Continue expanding search to less obvious locations like toilet when primary locations are exhausted.,VALID_SAME_TRIAL,pick_two_obj_and_place-SoapBottle-None-Cart-401,1,25-27,pick_two_obj_and_place-SoapBottle-None-Cart-401,1,28-28
put two spraybottle in toilet.,"spraybottle, cabinet, countertop","go, open",SEARCH,Inefficiently searched for spraybottle by checking cabinets before countertops.,"Prioritize checking countertops for spraybottle, as they are more likely locations.",VALID_NEXT_TRIAL,pick_two_obj_and_place-SprayBottle-None-Toilet-422,1,2-15,pick_two_obj_and_place-SprayBottle-None-Toilet-422,2,2-3
put two spraybottle in toilet.,toilet,go,PLACE,Failed to navigate directly to 'toilet' using 'go to' command.,Successfully navigate to 'toilet 1' by using 'go to toilet 1'.,VALID_NEXT_TRIAL,pick_two_obj_and_place-SprayBottle-None-Toilet-422,1,20-20,pick_two_obj_and_place-SprayBottle-None-Toilet-422,4,5-5
put two spraybottle in toilet.,"spraybottle, toilet, toiletbasin","move, put, drop",PLACE,Repeatedly failed to place spraybottle into 'toilet' or 'toiletbasin' using various commands.,Successfully place spraybottle into 'toilet 1' after navigating to the toilet.,VALID_NEXT_TRIAL,pick_two_obj_and_place-SprayBottle-None-Toilet-422,1,21-32,pick_two_obj_and_place-SprayBottle-None-Toilet-422,4,6-6
put two spraybottle in toilet.,drawer,open,RECOVER,Failed to open 'drawer 1'.,No successful action found to open 'drawer 1' across trials.,CANDIDATE,pick_two_obj_and_place-SprayBottle-None-Toilet-422,2,20-20,pick_two_obj_and_place-SprayBottle-None-Toilet-422,2,20-20
put two spraybottle in toilet.,spraybottle,"drop, move",PLACE,"Failed to drop spraybottle, indicating 'drop' command was ineffective.","Use 'move [object] to [container]' to place items, as 'drop' may not be supported or effective.",VALID_SAME_TRIAL,pick_two_obj_and_place-SprayBottle-None-Toilet-422,2,30-30,pick_two_obj_and_place-SprayBottle-None-Toilet-422,2,41-41
put two spraybottle in toilet.,spraybottle,take,ACQUIRE,Failed to pick up a second spraybottle while holding an un-droppable item.,Ensure the first item is successfully placed before attempting to pick up a second item.,VALID_SAME_TRIAL,pick_two_obj_and_place-SprayBottle-None-Toilet-422,2,32-32,pick_two_obj_and_place-SprayBottle-None-Toilet-422,2,44-44
put two spraybottle in toilet.,"spraybottle, toilet",move,PLACE,Failed to place second spraybottle into 'toilet 1' while not at the toilet.,Ensure agent is at the target container's location before attempting to place an item into it.,VALID_SAME_TRIAL,pick_two_obj_and_place-SprayBottle-None-Toilet-422,4,11-11,pick_two_obj_and_place-SprayBottle-None-Toilet-422,4,14-14
