unique_id,task_desc,obj_type,verbs,goal_phase,issue_text,learning_text,valid_level,issue_task_id,issue_trial_num,issue_step_range,evidence_task_id,evidence_trial_num,evidence_step_range
1,look at alarmclock under the desklamp.,desklamp,"turn on, use, look at, examine",TRANSFORM,,Use the 'use [object]' command to successfully turn on the desklamp.,VALID_SAME_TRIAL,look_at_obj_in_light-AlarmClock-None-DeskLamp-314/trial_T20190908_042454_725701,1,,look_at_obj_in_light-AlarmClock-None-DeskLamp-314/trial_T20190908_042454_725701,1,
2,look at alarmclock under the desklamp.,"alarmclock, desklamp","look at, take",ACQUIRE,,"First, pick up the alarmclock before attempting to look at it under the desklamp.",VALID_SAME_TRIAL,look_at_obj_in_light-AlarmClock-None-DeskLamp-314/trial_T20190908_042454_725701,1,,look_at_obj_in_light-AlarmClock-None-DeskLamp-314/trial_T20190908_042454_725701,1,
3,look at book under the desklamp.,"book, desklamp",put,PLACE,,Place the book specifically under the desklamp to fulfill the task requirement.,VALID_SAME_TRIAL,look_at_obj_in_light-Book-None-DeskLamp-316,1,,look_at_obj_in_light-Book-None-DeskLamp-316,1,
4,look at book under the desklamp.,"book, desklamp",put,PLACE,,Turn on the desklamp using the 'use' command before attempting to place objects under it for observation.,VALID_SAME_TRIAL,look_at_obj_in_light-Book-None-DeskLamp-316,1,,look_at_obj_in_light-Book-None-DeskLamp-316,1,
5,examine the book with the desklamp.,"book, desklamp","examine, use",TRANSFORM,,"To examine an object with a desklamp, first activate the desklamp using the 'use' command.",VALID_SAME_TRIAL,look_at_obj_in_light-Book-None-DeskLamp-320/trial_T20190909_152445_177541,1,,look_at_obj_in_light-Book-None-DeskLamp-320/trial_T20190909_152445_177541,1,
6,examine the cellphone with the desklamp.,"CellPhone, DeskLamp","examine, go to, look_at, take, use",ACQUIRE,,"To examine an object, it must first be picked up or held by the agent.",VALID_SAME_TRIAL,look_at_obj_in_light-CellPhone-None-DeskLamp-316,1,,look_at_obj_in_light-CellPhone-None-DeskLamp-316,1,
7,look at laptop under the desklamp.,drawer,"go to, open",SEARCH,,"If `go to` fails for a container, try interacting directly with it using commands like `open`.",VALID_NEXT_TRIAL,look_at_obj_in_light-Laptop-None-DeskLamp-323,1,,look_at_obj_in_light-Laptop-None-DeskLamp-323,2,
8,look at laptop under the desklamp.,"laptop, desk, desklamp","place, put, use",PLACE,,Explicit placement might not be required; ensure the object is in the same location as the light source and activate the light source.,VALID_NEXT_TRIAL,look_at_obj_in_light-Laptop-None-DeskLamp-323,5,,look_at_obj_in_light-Laptop-None-DeskLamp-323,6,
9,look at laptop under the desklamp.,dresser,open,SEARCH,,No specific learning was applied to resolve this issue within the provided trials.,CANDIDATE,look_at_obj_in_light-Laptop-None-DeskLamp-323,6,,look_at_obj_in_light-Laptop-None-DeskLamp-323,6,
10,examine the mug with the desklamp.,"mug, desklamp","look at, examine, use",SEARCH,,Search for the object at a different location when it's not found at the current one.,VALID_SAME_TRIAL,look_at_obj_in_light-Mug-None-DeskLamp-301/trial_T20190908_155916_103990,1,,look_at_obj_in_light-Mug-None-DeskLamp-301/trial_T20190908_155916_103990,1,
11,examine the mug with the desklamp.,"mug, desklamp","look at, examine, use",ACQUIRE,,"If an object cannot be taken, bring the other required object to its location.",VALID_SAME_TRIAL,look_at_obj_in_light-Mug-None-DeskLamp-301/trial_T20190908_155916_103990,1,,look_at_obj_in_light-Mug-None-DeskLamp-301/trial_T20190908_155916_103990,1,
12,examine the mug with the desklamp.,"mug, desklamp","look at, examine, use",TRANSFORM,,Turn on the desklamp before attempting to use it for examination.,VALID_SAME_TRIAL,look_at_obj_in_light-Mug-None-DeskLamp-301/trial_T20190908_155916_103990,1,,look_at_obj_in_light-Mug-None-DeskLamp-301/trial_T20190908_155916_103990,1,
13,examine the newspaper with the desklamp.,desklamp,"take, move",ACQUIRE,,Use the desklamp in its fixed location by turning it on.,VALID_SAME_TRIAL,look_at_obj_in_light-Newspaper-None-DeskLamp-216,1,,look_at_obj_in_light-Newspaper-None-DeskLamp-216,1,
14,examine the newspaper with the desklamp.,newspaper,take,ACQUIRE,,The newspaper can be taken from its location to bring it to the desklamp.,VALID_NEXT_TRIAL,look_at_obj_in_light-Newspaper-None-DeskLamp-216,1,,look_at_obj_in_light-Newspaper-None-DeskLamp-216,2,
15,examine the newspaper with the desklamp.,"newspaper, desklamp",examine,TRANSFORM,,Bring the newspaper to the desklamp's location after turning the desklamp on.,VALID_NEXT_TRIAL,look_at_obj_in_light-Newspaper-None-DeskLamp-216,1,,look_at_obj_in_light-Newspaper-None-DeskLamp-216,2,
16,examine the newspaper with the desklamp.,"newspaper, desklamp",examine,TRANSFORM,,Ensure both objects are at the same location before attempting to examine them.,VALID_SAME_TRIAL,look_at_obj_in_light-Newspaper-None-DeskLamp-225/trial_T20190909_085334_452202,1,,look_at_obj_in_light-Newspaper-None-DeskLamp-225/trial_T20190909_085334_452202,1,
17,examine the newspaper with the desklamp.,desklamp,turn on,TRANSFORM,,Use the 'use' command to turn on the desklamp.,VALID_SAME_TRIAL,look_at_obj_in_light-Newspaper-None-DeskLamp-225/trial_T20190909_085334_452202,1,,look_at_obj_in_light-Newspaper-None-DeskLamp-225/trial_T20190909_085334_452202,1,
18,examine the newspaper with the desklamp.,newspaper,take,ACQUIRE,,Go to the object's location before attempting to take it.,VALID_SAME_TRIAL,look_at_obj_in_light-Newspaper-None-DeskLamp-225/trial_T20190909_085334_452202,1,,look_at_obj_in_light-Newspaper-None-DeskLamp-225/trial_T20190909_085334_452202,1,
19,examine the pen with the desklamp.,drawer,"go, open",SEARCH,,Verify the existence and accessibility of containers before attempting to interact with them.,VALID_SAME_TRIAL,look_at_obj_in_light-Pen-None-DeskLamp-305/trial_T20190907_115849_734053,1,,look_at_obj_in_light-Pen-None-DeskLamp-305/trial_T20190907_115849_734053,1,
20,examine the pen with the desklamp.,desklamp,take,ACQUIRE,,Use the 'use' command to activate stationary light sources like a desklamp.,VALID_SAME_TRIAL,look_at_obj_in_light-Pen-None-DeskLamp-305/trial_T20190907_115849_734053,1,,look_at_obj_in_light-Pen-None-DeskLamp-305/trial_T20190907_115849_734053,1,
21,examine the pen with the desklamp.,"pen, desklamp",examine,TRANSFORM,,Ensure the target object is held and the light source is activated before attempting to examine.,VALID_SAME_TRIAL,look_at_obj_in_light-Pen-None-DeskLamp-305/trial_T20190907_115849_734053,1,,look_at_obj_in_light-Pen-None-DeskLamp-305/trial_T20190907_115849_734053,1,
22,examine the pen with the desklamp.,pen,"go, open",ACQUIRE,,Expand search to other furniture types like shelves when an object is not found in initial expected locations.,VALID_SAME_TRIAL,look_at_obj_in_light-Pen-None-DeskLamp-319/trial_T20190908_222409_540184,1,,look_at_obj_in_light-Pen-None-DeskLamp-319/trial_T20190908_222409_540184,1,
23,examine the pen with the desklamp.,desklamp,"examine, use",TRANSFORM,,Ensure interactive objects like desklamps are turned on before attempting to use them for a task.,VALID_SAME_TRIAL,look_at_obj_in_light-Pen-None-DeskLamp-319/trial_T20190908_222409_540184,1,,look_at_obj_in_light-Pen-None-DeskLamp-319/trial_T20190908_222409_540184,1,
24,look at pencil under the desklamp.,pencil,"go to, open",ACQUIRE,,"Expand search to a wider range of locations, including shelves, to locate the object.",VALID_SAME_TRIAL,look_at_obj_in_light-Pencil-None-DeskLamp-319/trial_T20190908_135102_644449,1,,look_at_obj_in_light-Pencil-None-DeskLamp-319/trial_T20190908_135102_644449,1,
25,look at pencil under the desklamp.,"pencil, dresser",look at,SEARCH,,"Verify object presence before using 'look at'; if not found, continue searching elsewhere.",VALID_SAME_TRIAL,look_at_obj_in_light-Pencil-None-DeskLamp-319/trial_T20190908_135102_644449,1,,look_at_obj_in_light-Pencil-None-DeskLamp-319/trial_T20190908_135102_644449,1,
26,examine the pencil with the desklamp.,desklamp,look at,SEARCH,,Correctly identified the desklamp's actual location on shelf 2 through continued search.,VALID_SAME_TRIAL,look_at_obj_in_light-Pencil-None-DeskLamp-320/trial_T20190908_143748_669974,1,,look_at_obj_in_light-Pencil-None-DeskLamp-320/trial_T20190908_143748_669974,1,
27,examine the pencil with the desklamp.,desklamp,take,ACQUIRE,,Adapted strategy by moving the movable pencil to the fixed desklamp's location.,VALID_NEXT_TRIAL,look_at_obj_in_light-Pencil-None-DeskLamp-320/trial_T20190908_143748_669974,1,,look_at_obj_in_light-Pencil-None-DeskLamp-320/trial_T20190908_143748_669974,4,
28,examine the pencil with the desklamp.,pencil,take,ACQUIRE,,"Successfully picked up the pencil, demonstrating it was movable despite prior failures.",VALID_NEXT_TRIAL,look_at_obj_in_light-Pencil-None-DeskLamp-320/trial_T20190908_143748_669974,1,,look_at_obj_in_light-Pencil-None-DeskLamp-320/trial_T20190908_143748_669974,4,
29,examine the pencil with the desklamp.,"pencil, desklamp",examine,TRANSFORM,,Ensured co-location of pencil and desklamp by moving the pencil to the desklamp's location.,VALID_NEXT_TRIAL,look_at_obj_in_light-Pencil-None-DeskLamp-320/trial_T20190908_143748_669974,1,,look_at_obj_in_light-Pencil-None-DeskLamp-320/trial_T20190908_143748_669974,4,
30,examine the pillow with the desklamp.,"pillow, desklamp","look at, examine",SEARCH,,Rely on 'go to' observations to identify objects present at a location.,VALID_SAME_TRIAL,look_at_obj_in_light-Pillow-None-DeskLamp-216,1,,look_at_obj_in_light-Pillow-None-DeskLamp-216,1,
31,examine the pillow with the desklamp.,"pillow, desklamp","look at, examine",TRANSFORM,,"To examine an object with a light source, 'use' the light source directly.",VALID_SAME_TRIAL,look_at_obj_in_light-Pillow-None-DeskLamp-216,1,,look_at_obj_in_light-Pillow-None-DeskLamp-216,1,
32,examine the pillow with the desklamp.,"pillow, desklamp","look at, examine",ACQUIRE,,"Do not 'take' the desklamp; instead, 'use' it in its fixed location.",VALID_SAME_TRIAL,look_at_obj_in_light-Pillow-None-DeskLamp-216,1,,look_at_obj_in_light-Pillow-None-DeskLamp-216,1,
33,examine the pillow with the desklamp.,"desklamp, pillow","examine, look at, use",TRANSFORM,,Turn on the desklamp before attempting to examine objects with it.,VALID_SAME_TRIAL,look_at_obj_in_light-Pillow-None-DeskLamp-306,1,,look_at_obj_in_light-Pillow-None-DeskLamp-306,1,
34,examine the pillow with the desklamp.,desklamp,"take, move",ACQUIRE,,"If an object is stationary, move the other required object to its location.",VALID_NEXT_TRIAL,look_at_obj_in_light-Pillow-None-DeskLamp-307/trial_T20190908_190608_801964,1,,look_at_obj_in_light-Pillow-None-DeskLamp-307/trial_T20190908_190608_801964,2,
35,examine the pillow with the desklamp.,pillow,"take, go to",ACQUIRE,,Go to the object's location before attempting to take it.,VALID_NEXT_TRIAL,look_at_obj_in_light-Pillow-None-DeskLamp-307/trial_T20190908_190608_801964,1,,look_at_obj_in_light-Pillow-None-DeskLamp-307/trial_T20190908_190608_801964,2,
36,examine the pillow with the desklamp.,desklamp,"turn on, use",TRANSFORM,,Use the 'use' command to turn on the desklamp.,VALID_SAME_TRIAL,look_at_obj_in_light-Pillow-None-DeskLamp-307/trial_T20190908_190608_801964,1,,look_at_obj_in_light-Pillow-None-DeskLamp-307/trial_T20190908_190608_801964,1,
37,examine the pillow with the desklamp.,"pillow, desklamp","examine, use",RECOVER,,Ensure the desklamp is present and active when attempting to examine an object.,VALID_NEXT_TRIAL,look_at_obj_in_light-Pillow-None-DeskLamp-307/trial_T20190908_190608_801964,1,,look_at_obj_in_light-Pillow-None-DeskLamp-307/trial_T20190908_190608_801964,2,
38,examine the pillow with the desklamp.,"pillow, desklamp","examine, go to, take",RECOVER,,Bring the pillow to the desklamp's location before attempting examination.,VALID_NEXT_TRIAL,look_at_obj_in_light-Pillow-None-DeskLamp-307/trial_T20190908_190608_801964,1,,look_at_obj_in_light-Pillow-None-DeskLamp-307/trial_T20190908_190608_801964,2,
39,examine the pillow with the desklamp.,desklamp,"use, go to",TRANSFORM,,Go to the desklamp's location before attempting to use it.,VALID_SAME_TRIAL,look_at_obj_in_light-Pillow-None-DeskLamp-307/trial_T20190908_190608_801964,1,,look_at_obj_in_light-Pillow-None-DeskLamp-307/trial_T20190908_190608_801964,1,
40,examine the pillow with the desklamp.,"pillow, desklamp","examine with, use on, use",RECOVER,,"To examine an object with a desklamp, hold the object and use the desklamp.",VALID_NEXT_TRIAL,look_at_obj_in_light-Pillow-None-DeskLamp-307/trial_T20190908_190608_801964,1,,look_at_obj_in_light-Pillow-None-DeskLamp-307/trial_T20190908_190608_801964,2,
41,look at pillow under the desklamp.,"Pillow, DeskLamp",look at,SEARCH,,"Systematically explore different locations, such as shelves, when initial searches in common areas like desks fail to find the object.",VALID_SAME_TRIAL,look_at_obj_in_light-Pillow-None-DeskLamp-320/trial_T20190906_225859_247598,1,,look_at_obj_in_light-Pillow-None-DeskLamp-320/trial_T20190906_225859_247598,1,
42,look at pillow under the desklamp.,"Pillow, DeskLamp",look at,PLACE,,"To achieve 'look at obj under desklamp', activate the desklamp using the 'use' command after bringing the object to its location.",VALID_SAME_TRIAL,look_at_obj_in_light-Pillow-None-DeskLamp-320/trial_T20190906_225859_247598,1,,look_at_obj_in_light-Pillow-None-DeskLamp-320/trial_T20190906_225859_247598,1,
43,look at statue under the desklamp.,statue,take,ACQUIRE,,Statue 1 is a movable object; successfully picked it up from desk 1.,VALID_NEXT_TRIAL,look_at_obj_in_light-Statue-None-DeskLamp-304,1,,look_at_obj_in_light-Statue-None-DeskLamp-304,5,
44,look at statue under the desklamp.,desklamp,take,ACQUIRE,,Desklamp 1 is a fixed object and cannot be picked up or moved.,VALID_NEXT_TRIAL,look_at_obj_in_light-Statue-None-DeskLamp-304,1,,look_at_obj_in_light-Statue-None-DeskLamp-304,2,
45,look at statue under the desklamp.,"statue, desklamp","look at, use",TRANSFORM,,"To satisfy 'under the desklamp' condition, hold the target object and use the desklamp at its location.",VALID_NEXT_TRIAL,look_at_obj_in_light-Statue-None-DeskLamp-304,1,,look_at_obj_in_light-Statue-None-DeskLamp-304,6,
46,look at statue under the desklamp.,drawer,"go to, open",SEARCH,,Drawers 1 and 2 are currently inaccessible and cannot be opened or navigated to.,VALID_NEXT_TRIAL,look_at_obj_in_light-Statue-None-DeskLamp-304,3,,look_at_obj_in_light-Statue-None-DeskLamp-304,5,
47,look at statue under the desklamp.,"statue, shelf",put,PLACE,,Objects cannot be arbitrarily placed on surfaces using the 'put' command.,VALID_NEXT_TRIAL,look_at_obj_in_light-Statue-None-DeskLamp-304,5,,look_at_obj_in_light-Statue-None-DeskLamp-304,6,
48,look at statue under the desklamp.,"statue, desklamp",put,PLACE,,The specific command 'put object under another object' is not supported; use 'use' action with the light source instead.,VALID_SAME_TRIAL,look_at_obj_in_light-Statue-None-DeskLamp-304,6,,look_at_obj_in_light-Statue-None-DeskLamp-304,6,
49,examine the tissuebox with the desklamp.,"tissuebox, desklamp","examine, use",TRANSFORM,,Activate the desklamp using the 'use' verb before examining an object.,VALID_SAME_TRIAL,look_at_obj_in_light-TissueBox-None-DeskLamp-328/trial_T20190907_201322_516201,1,,look_at_obj_in_light-TissueBox-None-DeskLamp-328/trial_T20190907_201322_516201,1,
50,examine the tissuebox with the desklamp.,desklamp,"turn on, use",ACQUIRE,,Use the 'use' verb to activate the desklamp.,VALID_SAME_TRIAL,look_at_obj_in_light-TissueBox-None-DeskLamp-328/trial_T20190907_201322_516201,1,,look_at_obj_in_light-TissueBox-None-DeskLamp-328/trial_T20190907_201322_516201,1,
51,examine the tissuebox with the desklamp.,"tissuebox, desklamp","examine, look at, take",TRANSFORM,,Take the object into inventory before attempting to examine it with a tool.,VALID_SAME_TRIAL,look_at_obj_in_light-TissueBox-None-DeskLamp-328/trial_T20190907_201322_516201,1,,look_at_obj_in_light-TissueBox-None-DeskLamp-328/trial_T20190907_201322_516201,1,
52,examine the watch with the desklamp.,"watch, desklamp",examine,TRANSFORM,,Ensure the desklamp is turned on before attempting to examine an object with it.,VALID_SAME_TRIAL,look_at_obj_in_light-Watch-None-DeskLamp-205/trial_T20190907_001948_509721,1,,look_at_obj_in_light-Watch-None-DeskLamp-205/trial_T20190907_001948_509721,1,
53,examine the watch with the desklamp.,desklamp,turn on,TRANSFORM,,Use the 'use' command to activate the desklamp.,VALID_SAME_TRIAL,look_at_obj_in_light-Watch-None-DeskLamp-205/trial_T20190907_001948_509721,1,,look_at_obj_in_light-Watch-None-DeskLamp-205/trial_T20190907_001948_509721,1,
54,put some book on desk.,"book, shelf",search,SEARCH,,Search for the book on bed 2.,VALID_SAME_TRIAL,pick_and_place_simple-Book-None-Desk-304/trial_T20190908_141325_880062,1,,pick_and_place_simple-Book-None-Desk-304/trial_T20190908_141325_880062,1,
55,put some book on desk.,"book, desk",search,SEARCH,,Search for the book on bed 2.,VALID_SAME_TRIAL,pick_and_place_simple-Book-None-Desk-304/trial_T20190908_141325_880062,1,,pick_and_place_simple-Book-None-Desk-304/trial_T20190908_141325_880062,1,
56,put some book on desk.,drawer,go to,SEARCH,,Avoid using `go to` command for drawers as they are not distinct navigable locations.,VALID_SAME_TRIAL,pick_and_place_simple-Book-None-Desk-304/trial_T20190908_141325_880062,1,,pick_and_place_simple-Book-None-Desk-304/trial_T20190908_141325_880062,1,
57,put some book on desk.,drawer,open,SEARCH,,Abandon searching in drawers; they are not interactable for item retrieval in this environment.,VALID_SAME_TRIAL,pick_and_place_simple-Book-None-Desk-304/trial_T20190908_141325_880062,1,,pick_and_place_simple-Book-None-Desk-304/trial_T20190908_141325_880062,1,
58,put some book on desk.,desk,go to,RECOVER,,Do not use `go to` command if already at the target location or if it's not a distinct navigable point.,VALID_SAME_TRIAL,pick_and_place_simple-Book-None-Desk-304/trial_T20190908_141325_880062,1,,pick_and_place_simple-Book-None-Desk-304/trial_T20190908_141325_880062,1,
59,put some book on desk.,"book, bed",search,SEARCH,,Search for the book on bed 2.,VALID_SAME_TRIAL,pick_and_place_simple-Book-None-Desk-304/trial_T20190908_141325_880062,1,,pick_and_place_simple-Book-None-Desk-304/trial_T20190908_141325_880062,1,
60,put some book on desk.,"book, drawer",search,SEARCH,,Search for the book on bed 2.,VALID_SAME_TRIAL,pick_and_place_simple-Book-None-Desk-304/trial_T20190908_141325_880062,1,,pick_and_place_simple-Book-None-Desk-304/trial_T20190908_141325_880062,1,
61,put some book on desk.,drawer,open,SEARCH,,Always open a closed drawer before attempting to search its contents or take items.,VALID_SAME_TRIAL,pick_and_place_simple-Book-None-Desk-313/trial_T20190909_140547_719284,1,,pick_and_place_simple-Book-None-Desk-313/trial_T20190909_140547_719284,1,
62,put some book on desk.,book,search,SEARCH,,Expand search to less obvious or containerized locations like drawers when primary locations are empty.,VALID_SAME_TRIAL,pick_and_place_simple-Book-None-Desk-313/trial_T20190909_140547_719284,1,,pick_and_place_simple-Book-None-Desk-313/trial_T20190909_140547_719284,1,
63,put some book on sofa.,"Book, Sofa","pick, place",SEARCH,,Search for the book at sidetable 1.,VALID_SAME_TRIAL,pick_and_place_simple-Book-None-Sofa-202/trial_T20190907_043652_096323,1,,pick_and_place_simple-Book-None-Sofa-202/trial_T20190907_043652_096323,1,
64,put a candle in toilet.,drawer,open,SEARCH,,Always open a container before attempting to search or take items from it.,VALID_SAME_TRIAL,pick_and_place_simple-Candle-None-Toilet-409/trial_T20190908_142251_407168,1,,pick_and_place_simple-Candle-None-Toilet-409/trial_T20190908_142251_407168,1,
65,put a candle in toilet.,"candle, drawer","go, open, take",SEARCH,,Continue searching systematically through all plausible locations until the object is found.,VALID_SAME_TRIAL,pick_and_place_simple-Candle-None-Toilet-409/trial_T20190908_142251_407168,1,,pick_and_place_simple-Candle-None-Toilet-409/trial_T20190908_142251_407168,1,
66,put some laptop on ottoman.,laptop,pick,SEARCH,,Systematically search all available furniture and containers until the target object is located.,VALID_SAME_TRIAL,pick_and_place_simple-Laptop-None-Ottoman-203/trial_T20190908_110713_350931,1,,pick_and_place_simple-Laptop-None-Ottoman-203/trial_T20190908_110713_350931,1,
67,put some laptop on ottoman.,drawer,open,SEARCH,,Always open a closed drawer before attempting to check its contents for objects.,VALID_SAME_TRIAL,pick_and_place_simple-Laptop-None-Ottoman-203/trial_T20190908_110713_350931,1,,pick_and_place_simple-Laptop-None-Ottoman-203/trial_T20190908_110713_350931,1,
68,put some pencil on shelf.,Pencil,"pick, place",SEARCH,,Systematically search all available containers and locations until the object is found.,VALID_SAME_TRIAL,pick_and_place_simple-Pencil-None-Shelf-313/trial_T20190908_182722_927182,1,,pick_and_place_simple-Pencil-None-Shelf-313/trial_T20190908_182722_927182,1,
69,put some pencil on shelf.,Drawer,open,SEARCH,,Always open a closed container before attempting to access its contents.,VALID_SAME_TRIAL,pick_and_place_simple-Pencil-None-Shelf-313/trial_T20190908_182722_927182,1,,pick_and_place_simple-Pencil-None-Shelf-313/trial_T20190908_182722_927182,1,
70,put a pencil in sidetable.,pencil,find,SEARCH,,Continue searching other specified locations like drawer 2 to find the object.,VALID_SAME_TRIAL,pick_and_place_simple-Pencil-None-SideTable-309,1,,pick_and_place_simple-Pencil-None-SideTable-309,1,
71,put a pencil in sidetable.,drawer,open,ACQUIRE,,Open the drawer before attempting to access its contents.,VALID_SAME_TRIAL,pick_and_place_simple-Pencil-None-SideTable-309,1,,pick_and_place_simple-Pencil-None-SideTable-309,1,
72,put a peppershaker in drawer.,"peppershaker, drawer","pick, place",RECOVER,,Open the container before attempting to interact with its contents.,VALID_SAME_TRIAL,pick_and_place_simple-PepperShaker-None-Drawer-5,1,,pick_and_place_simple-PepperShaker-None-Drawer-5,1,
73,put a statue in coffeetable.,"Statue, CoffeeTable","pick, place",SEARCH,,Expand search to other furniture like diningtable 1 when the object is not found in initial locations.,VALID_SAME_TRIAL,pick_and_place_simple-Statue-None-CoffeeTable-230/trial_T20190909_145138_877153,1,,pick_and_place_simple-Statue-None-CoffeeTable-230/trial_T20190909_145138_877153,1,
74,put some tissuebox on toilet.,cabinet,open,SEARCH,,Always open containers like cabinets before attempting to search or interact with their contents.,VALID_SAME_TRIAL,pick_and_place_simple-TissueBox-None-Toilet-402/trial_T20190908_060020_023543,1,,pick_and_place_simple-TissueBox-None-Toilet-402/trial_T20190908_060020_023543,1,
75,put some tissuebox on toilet.,tissuebox,search,SEARCH,,Expand search to other likely locations like countertops when initial container checks fail.,VALID_SAME_TRIAL,pick_and_place_simple-TissueBox-None-Toilet-402/trial_T20190908_060020_023543,1,,pick_and_place_simple-TissueBox-None-Toilet-402/trial_T20190908_060020_023543,1,
76,put some toiletpaper on toiletpaperhanger.,drawer,open,SEARCH,,Open the container before attempting to search or interact with its contents.,VALID_SAME_TRIAL,pick_and_place_simple-ToiletPaper-None-ToiletPaperHanger-409,1,,pick_and_place_simple-ToiletPaper-None-ToiletPaperHanger-409,1,
77,put some toiletpaper on toiletpaperhanger.,"toiletpaper, drawer",open,SEARCH,,Continue searching systematically through other potential containers until the object is located.,VALID_SAME_TRIAL,pick_and_place_simple-ToiletPaper-None-ToiletPaperHanger-409,1,,pick_and_place_simple-ToiletPaper-None-ToiletPaperHanger-409,1,
78,put a tomato in microwave.,fridge,"go, open",ACQUIRE,,Open the fridge before attempting to take items from it.,VALID_SAME_TRIAL,pick_and_place_simple-Tomato-None-Microwave-5/trial_T20190918_171755_707602,1,,pick_and_place_simple-Tomato-None-Microwave-5/trial_T20190918_171755_707602,1,
79,put a tomato in microwave.,microwave,"go, open",PLACE,,Open the microwave before attempting to place items into it.,VALID_SAME_TRIAL,pick_and_place_simple-Tomato-None-Microwave-5/trial_T20190918_171755_707602,1,,pick_and_place_simple-Tomato-None-Microwave-5/trial_T20190918_171755_707602,1,
80,put some winebottle on diningtable.,WineBottle,pick,SEARCH,,Expand search to less common locations like garbage cans when primary locations yield no results.,VALID_SAME_TRIAL,pick_and_place_simple-WineBottle-None-DiningTable-15,1,,pick_and_place_simple-WineBottle-None-DiningTable-15,1,
81,put some winebottle on diningtable.,container,open,SEARCH,,Always open closed containers before attempting to search or interact with their contents.,VALID_SAME_TRIAL,pick_and_place_simple-WineBottle-None-DiningTable-15,1,,pick_and_place_simple-WineBottle-None-DiningTable-15,1,
82,clean some apple and put it in fridge.,"apple, fridge",put,PLACE,,Use the 'move' verb instead of 'put' to place items in fridge 1.,VALID_NEXT_TRIAL,pick_clean_then_place_in_recep-Apple-None-Fridge-27/trial_T20190906_220837_406682,1,,pick_clean_then_place_in_recep-Apple-None-Fridge-27/trial_T20190906_220837_406682,3,
83,clean some apple and put it in fridge.,"apple, fridge",take,RECOVER,,No successful strategy found.,CANDIDATE,pick_clean_then_place_in_recep-Apple-None-Fridge-27/trial_T20190906_220837_406682,2,,pick_clean_then_place_in_recep-Apple-None-Fridge-27/trial_T20190906_220837_406682,2,
84,clean some apple and put it in fridge.,apple,drop,RECOVER,,No successful strategy found.,CANDIDATE,pick_clean_then_place_in_recep-Apple-None-Fridge-27/trial_T20190906_220837_406682,2,,pick_clean_then_place_in_recep-Apple-None-Fridge-27/trial_T20190906_220837_406682,2,
85,clean some apple and put it in fridge.,"apple, floor",take,RECOVER,,No successful strategy found.,CANDIDATE,pick_clean_then_place_in_recep-Apple-None-Fridge-27/trial_T20190906_220837_406682,2,,pick_clean_then_place_in_recep-Apple-None-Fridge-27/trial_T20190906_220837_406682,2,
86,clean some apple and put it in fridge.,cabinet,open,SEARCH,,No successful strategy found.,CANDIDATE,pick_clean_then_place_in_recep-Apple-None-Fridge-27/trial_T20190906_220837_406682,2,,pick_clean_then_place_in_recep-Apple-None-Fridge-27/trial_T20190906_220837_406682,2,
87,clean some apple and put it in fridge.,cabinet,open,SEARCH,,No successful strategy found.,CANDIDATE,pick_clean_then_place_in_recep-Apple-None-Fridge-27/trial_T20190906_220837_406682,2,,pick_clean_then_place_in_recep-Apple-None-Fridge-27/trial_T20190906_220837_406682,2,
88,clean some apple and put it in fridge.,"apple, sinkbasin",clean,TRANSFORM,,Ensure agent is at the cleaning location (sinkbasin) before attempting to clean an item.,VALID_SAME_TRIAL,pick_clean_then_place_in_recep-Apple-None-Fridge-27/trial_T20190906_220837_406682,3,,pick_clean_then_place_in_recep-Apple-None-Fridge-27/trial_T20190906_220837_406682,3,
89,clean some butterknife and put it in drawer.,"butterknife, sinkbasin",clean,TRANSFORM,,"Go to the cleaning location (e.g., sinkbasin) before attempting to clean an object.",VALID_SAME_TRIAL,pick_clean_then_place_in_recep-ButterKnife-None-Drawer-8/trial_T20190909_124509_288754,1,,pick_clean_then_place_in_recep-ButterKnife-None-Drawer-8/trial_T20190909_124509_288754,1,
90,clean some butterknife and put it in drawer.,"butterknife, drawer",put,PLACE,,"Go to the target receptacle (e.g., drawer) before attempting to place an object.",VALID_SAME_TRIAL,pick_clean_then_place_in_recep-ButterKnife-None-Drawer-8/trial_T20190909_124509_288754,1,,pick_clean_then_place_in_recep-ButterKnife-None-Drawer-8/trial_T20190909_124509_288754,1,
91,clean some butterknife and put it in drawer.,"butterknife, drawer",put,PLACE,,"Open the receptacle (e.g., drawer) before attempting to place an object inside.",VALID_SAME_TRIAL,pick_clean_then_place_in_recep-ButterKnife-None-Drawer-8/trial_T20190909_124509_288754,1,,pick_clean_then_place_in_recep-ButterKnife-None-Drawer-8/trial_T20190909_124509_288754,1,
92,clean some butterknife and put it in drawer.,"butterknife, drawer",put,PLACE,,Use 'move' verb instead of 'put' to successfully place objects into receptacles.,VALID_SAME_TRIAL,pick_clean_then_place_in_recep-ButterKnife-None-Drawer-8/trial_T20190909_124509_288754,1,,pick_clean_then_place_in_recep-ButterKnife-None-Drawer-8/trial_T20190909_124509_288754,1,
93,clean some dishsponge and put it in toilet.,"dishsponge, countertop, sinkbasin, drawer, bathtubbasin","go, open, take",SEARCH,,"Systematically search all possible container types and locations, including less obvious ones like bathtubbasin.",VALID_NEXT_TRIAL,pick_clean_then_place_in_recep-DishSponge-None-Toilet-427,1,,pick_clean_then_place_in_recep-DishSponge-None-Toilet-427,2,
94,clean some dishsponge and put it in toilet.,drawer,go,SEARCH,,Re-attempting navigation in a new trial can resolve transient 'Nothing happens' issues.,VALID_NEXT_TRIAL,pick_clean_then_place_in_recep-DishSponge-None-Toilet-427,1,,pick_clean_then_place_in_recep-DishSponge-None-Toilet-427,2,
95,clean some dishsponge and put it in toilet.,"dishsponge, sinkbasin","clean, go",TRANSFORM,,"Always navigate to the correct location before attempting an action that requires proximity, like cleaning.",VALID_SAME_TRIAL,pick_clean_then_place_in_recep-DishSponge-None-Toilet-427,2,,pick_clean_then_place_in_recep-DishSponge-None-Toilet-427,2,
96,clean some dishsponge and put it in toilet.,"dishsponge, toilet","put, move",PLACE,,Use the 'move' command instead of 'put' when placing an object into a receptacle like a toilet.,VALID_SAME_TRIAL,pick_clean_then_place_in_recep-DishSponge-None-Toilet-427,2,,pick_clean_then_place_in_recep-DishSponge-None-Toilet-427,2,
97,put a clean egg in sidetable.,"egg, sinkbasin",clean,TRANSFORM,,Go to the cleaning location (sinkbasin) before attempting to clean an object.,VALID_SAME_TRIAL,pick_clean_then_place_in_recep-Egg-None-SideTable-21/trial_T20190908_033957_288599,1,,pick_clean_then_place_in_recep-Egg-None-SideTable-21/trial_T20190908_033957_288599,1,
98,put a clean egg in sidetable.,"egg, sidetable",put,PLACE,,Use the 'move' verb to place an object directly onto a surface like a sidetable.,VALID_SAME_TRIAL,pick_clean_then_place_in_recep-Egg-None-SideTable-21/trial_T20190908_033957_288599,1,,pick_clean_then_place_in_recep-Egg-None-SideTable-21/trial_T20190908_033957_288599,1,
99,put a clean kettle in stoveburner.,kettle,pick,SEARCH,,"If an object is not found after exhaustive search, it may not be present in the environment.",CANDIDATE,pick_clean_then_place_in_recep-Kettle-None-StoveBurner-1/trial_T20190908_172105_948396,1,,pick_clean_then_place_in_recep-Kettle-None-StoveBurner-1/trial_T20190908_172105_948396,5,
100,put a clean kettle in stoveburner.,drawer,"go to, open",SEARCH,,"If 'go to' a container fails, try 'open' directly if already in the general area.",VALID_SAME_TRIAL,pick_clean_then_place_in_recep-Kettle-None-StoveBurner-1/trial_T20190908_172105_948396,2,,pick_clean_then_place_in_recep-Kettle-None-StoveBurner-1/trial_T20190908_172105_948396,2,
101,put a clean kettle in stoveburner.,"drawer, cabinet, coffeemachine, toaster, sinkbasin, garbagecan","open, look in",SEARCH,,"If 'open' or 'look in' a container results in 'Nothing happens', assume it's not openable or already open and proceed.",VALID_SAME_TRIAL,pick_clean_then_place_in_recep-Kettle-None-StoveBurner-1/trial_T20190908_172105_948396,3,,pick_clean_then_place_in_recep-Kettle-None-StoveBurner-1/trial_T20190908_172105_948396,3,
102,put a clean kettle in stoveburner.,fridge,look in,RECOVER,,Ensure agent is at the correct location before attempting to interact with an object.,VALID_SAME_TRIAL,pick_clean_then_place_in_recep-Kettle-None-StoveBurner-1/trial_T20190908_172105_948396,3,,pick_clean_then_place_in_recep-Kettle-None-StoveBurner-1/trial_T20190908_172105_948396,3,
103,put a clean kettle in stoveburner.,cabinet,look in,SEARCH,,"After opening a container, its contents are immediately visible; 'look in' is unnecessary.",VALID_SAME_TRIAL,pick_clean_then_place_in_recep-Kettle-None-StoveBurner-1/trial_T20190908_172105_948396,3,,pick_clean_then_place_in_recep-Kettle-None-StoveBurner-1/trial_T20190908_172105_948396,3,
104,put a clean kettle in stoveburner.,"countertop, shelf",look around,SEARCH,,"After arriving at a location, its contents are immediately visible; 'look around' is unnecessary.",VALID_SAME_TRIAL,pick_clean_then_place_in_recep-Kettle-None-StoveBurner-1/trial_T20190908_172105_948396,5,,pick_clean_then_place_in_recep-Kettle-None-StoveBurner-1/trial_T20190908_172105_948396,5,
105,put a clean ladle in countertop.,"ladle, countertop",place,PLACE,,Use 'move X to Y' command instead of 'put X in Y' to successfully place objects.,VALID_SAME_TRIAL,pick_clean_then_place_in_recep-Ladle-None-CounterTop-20/trial_T20190907_130836_804995,1,,pick_clean_then_place_in_recep-Ladle-None-CounterTop-20/trial_T20190907_130836_804995,1,
106,put a clean ladle in countertop.,ladle,pick,SEARCH,,"Systematically search all possible locations, including less obvious ones like countertops, to locate the object.",VALID_NEXT_TRIAL,pick_clean_then_place_in_recep-Ladle-None-CounterTop-8,1,,pick_clean_then_place_in_recep-Ladle-None-CounterTop-8,6,
107,put a clean ladle in countertop.,cabinet,"go, open",SEARCH,,"If 'go to' yields 'Nothing happens', attempt to 'open' the container if it's a plausible storage location.",VALID_SAME_TRIAL,pick_clean_then_place_in_recep-Ladle-None-CounterTop-8,2,,pick_clean_then_place_in_recep-Ladle-None-CounterTop-8,2,
108,put a clean ladle in countertop.,cabinet,go,SEARCH,,"When 'go to' yields 'Nothing happens' repeatedly, re-evaluate the action or try an alternative command like 'open'.",CANDIDATE,pick_clean_then_place_in_recep-Ladle-None-CounterTop-8,5,,pick_clean_then_place_in_recep-Ladle-None-CounterTop-8,5,
109,clean some lettuce and put it in countertop.,fridge,open,SEARCH,,Open the container before attempting to interact with its contents.,VALID_SAME_TRIAL,pick_clean_then_place_in_recep-Lettuce-None-CounterTop-13,1,,pick_clean_then_place_in_recep-Lettuce-None-CounterTop-13,1,
110,clean some lettuce and put it in countertop.,"lettuce, sinkbasin","clean, go",TRANSFORM,,Go to the specific cleaning location before attempting to clean an object.,VALID_SAME_TRIAL,pick_clean_then_place_in_recep-Lettuce-None-CounterTop-13,1,,pick_clean_then_place_in_recep-Lettuce-None-CounterTop-13,1,
111,clean some lettuce and put it in countertop.,"lettuce, countertop","put, move",PLACE,,Use the 'move' verb to place an object onto a surface or receptacle.,VALID_SAME_TRIAL,pick_clean_then_place_in_recep-Lettuce-None-CounterTop-13,1,,pick_clean_then_place_in_recep-Lettuce-None-CounterTop-13,1,
112,clean some lettuce and put it in diningtable.,fridge,open,RECOVER,,Open the container before attempting to access its contents.,VALID_SAME_TRIAL,pick_clean_then_place_in_recep-Lettuce-None-DiningTable-20,1,,pick_clean_then_place_in_recep-Lettuce-None-DiningTable-20,1,
113,clean some lettuce and put it in diningtable.,"lettuce, sinkbasin","clean, go",TRANSFORM,,Go to the cleaning location before attempting to clean an object.,VALID_SAME_TRIAL,pick_clean_then_place_in_recep-Lettuce-None-DiningTable-20,1,,pick_clean_then_place_in_recep-Lettuce-None-DiningTable-20,1,
114,clean some lettuce and put it in diningtable.,"lettuce, diningtable","put, go",PLACE,,Go to the target location before attempting to place an object.,VALID_SAME_TRIAL,pick_clean_then_place_in_recep-Lettuce-None-DiningTable-20,1,,pick_clean_then_place_in_recep-Lettuce-None-DiningTable-20,1,
115,clean some lettuce and put it in diningtable.,"lettuce, diningtable","put, move",PLACE,,Use the 'move' verb instead of 'put' to place objects in a receptacle.,VALID_SAME_TRIAL,pick_clean_then_place_in_recep-Lettuce-None-DiningTable-20,1,,pick_clean_then_place_in_recep-Lettuce-None-DiningTable-20,1,
116,clean some mug and put it in coffeemachine.,"mug, sinkbasin",clean,TRANSFORM,,Go to the cleaning location before attempting to clean an object.,VALID_SAME_TRIAL,pick_clean_then_place_in_recep-Mug-None-CoffeeMachine-1,1,,pick_clean_then_place_in_recep-Mug-None-CoffeeMachine-1,1,
117,clean some mug and put it in coffeemachine.,"mug, coffeemachine",put in,PLACE,,Go to the target receptacle's location before attempting to place an object.,VALID_SAME_TRIAL,pick_clean_then_place_in_recep-Mug-None-CoffeeMachine-1,1,,pick_clean_then_place_in_recep-Mug-None-CoffeeMachine-1,1,
118,clean some mug and put it in coffeemachine.,"mug, coffeemachine","put in, move to",PLACE,,Use 'move object to receptacle' command to successfully place the object.,VALID_SAME_TRIAL,pick_clean_then_place_in_recep-Mug-None-CoffeeMachine-1,1,,pick_clean_then_place_in_recep-Mug-None-CoffeeMachine-1,1,
119,put a clean mug in coffeemachine.,mug,go to,SEARCH,,"Continue searching for the mug at alternative locations (e.g., countertop 2).",VALID_SAME_TRIAL,pick_clean_then_place_in_recep-Mug-None-CoffeeMachine-13,1,,pick_clean_then_place_in_recep-Mug-None-CoffeeMachine-13,1,
120,put a clean mug in coffeemachine.,"mug, coffeemachine","put, move",PLACE,,Use the 'move' command as an alternative to successfully place the mug into the coffeemachine.,VALID_SAME_TRIAL,pick_clean_then_place_in_recep-Mug-None-CoffeeMachine-13,1,,pick_clean_then_place_in_recep-Mug-None-CoffeeMachine-13,1,
121,clean some mug and put it in coffeemachine.,Mug,pick,SEARCH,,Prioritize searching countertops and drawers for mugs based on common object locations.,VALID_NEXT_TRIAL,pick_clean_then_place_in_recep-Mug-None-CoffeeMachine-18/trial_T20190909_101110_748348,1,,pick_clean_then_place_in_recep-Mug-None-CoffeeMachine-18/trial_T20190909_101110_748348,2,
122,clean some pan and put it in fridge.,"cabinet, drawer",open,SEARCH,,"Interpret 'Nothing happens' when attempting to open a container as it being inaccessible or empty, and continue the search.",VALID_SAME_TRIAL,pick_clean_then_place_in_recep-Pan-None-Fridge-13,1,,pick_clean_then_place_in_recep-Pan-None-Fridge-13,1,
123,clean some pan and put it in fridge.,pan,pick,SEARCH,,Expand search strategy to include less obvious locations like stoveburners to find the object.,VALID_NEXT_TRIAL,pick_clean_then_place_in_recep-Pan-None-Fridge-13,3,,pick_clean_then_place_in_recep-Pan-None-Fridge-13,3,
124,clean some pan and put it in fridge.,"pan, sinkbasin",clean,TRANSFORM,,Go to the target location (sinkbasin) before attempting to use it to clean an object.,VALID_SAME_TRIAL,pick_clean_then_place_in_recep-Pan-None-Fridge-13,3,,pick_clean_then_place_in_recep-Pan-None-Fridge-13,3,
125,clean some pan and put it in fridge.,"pan, fridge",place,PLACE,,Use 'move [object] to [container]' command instead of 'put' for placing objects into containers.,VALID_SAME_TRIAL,pick_clean_then_place_in_recep-Pan-None-Fridge-13,3,,pick_clean_then_place_in_recep-Pan-None-Fridge-13,3,
126,clean some plate and put it in shelf.,"plate, shelf","clean, pick, place",PLACE,,Use 'move' verb instead of 'put' to place plate 1 in shelf 1.,VALID_SAME_TRIAL,pick_clean_then_place_in_recep-Plate-None-Shelf-7/trial_T20190908_230022_030239,1,,pick_clean_then_place_in_recep-Plate-None-Shelf-7/trial_T20190908_230022_030239,1,
127,clean some potato and put it in garbagecan.,cabinet 2,"go to, open",SEARCH,,Recognize when an object is non-interactable and skip it to continue the search.,VALID_SAME_TRIAL,pick_clean_then_place_in_recep-Potato-None-GarbageCan-19/trial_T20190908_074136_618715,1,,pick_clean_then_place_in_recep-Potato-None-GarbageCan-19/trial_T20190908_074136_618715,1,
128,clean some potato and put it in garbagecan.,potato,pick,SEARCH,,"Prioritize searching countertop 2 for the potato, as it is a common location for produce.",VALID_NEXT_TRIAL,pick_clean_then_place_in_recep-Potato-None-GarbageCan-19/trial_T20190908_074136_618715,1,,pick_clean_then_place_in_recep-Potato-None-GarbageCan-19/trial_T20190908_074136_618715,2,
129,put a clean soapbar in cabinet.,cabinet,put,PLACE,,Open the target container before attempting to place an item inside.,VALID_SAME_TRIAL,pick_clean_then_place_in_recep-SoapBar-None-Cabinet-422/trial_T20190909_170330_111958,1,,pick_clean_then_place_in_recep-SoapBar-None-Cabinet-422/trial_T20190909_170330_111958,1,
130,put a clean soapbar in cabinet.,cabinet,open,PLACE,,Navigate to the object's location before attempting to interact with it.,VALID_SAME_TRIAL,pick_clean_then_place_in_recep-SoapBar-None-Cabinet-422/trial_T20190909_170330_111958,1,,pick_clean_then_place_in_recep-SoapBar-None-Cabinet-422/trial_T20190909_170330_111958,1,
131,put a clean soapbar in cabinet.,"soapbar, cabinet","put, move",PLACE,,Use the 'move' verb instead of 'put' to place objects into containers.,VALID_SAME_TRIAL,pick_clean_then_place_in_recep-SoapBar-None-Cabinet-422/trial_T20190909_170330_111958,1,,pick_clean_then_place_in_recep-SoapBar-None-Cabinet-422/trial_T20190909_170330_111958,1,
132,put a clean soapbar in cabinet.,soapbar,"clean, drop, put","TRANSFORM, RECOVER, PLACE",,"Avoid `soapbar 3` as it is un-cleanable and cannot be dropped or placed, leading to task deadlock.",VALID_NEXT_TRIAL,pick_clean_then_place_in_recep-SoapBar-None-Cabinet-422/trial_T20190909_170330_111958,1,,pick_clean_then_place_in_recep-SoapBar-None-Cabinet-422/trial_T20190909_170330_111958,4,
133,put a clean soapbar in cabinet.,soapbar,"clean, drop, put","TRANSFORM, RECOVER, PLACE",,"Avoid `soapbar 1` as it is un-cleanable and cannot be dropped or placed, leading to task deadlock.",VALID_NEXT_TRIAL,pick_clean_then_place_in_recep-SoapBar-None-Cabinet-422/trial_T20190909_170330_111958,2,,pick_clean_then_place_in_recep-SoapBar-None-Cabinet-422/trial_T20190909_170330_111958,4,
134,put a clean soapbar in cabinet.,soapbar,"clean, drop, put","TRANSFORM, RECOVER, PLACE",,"Avoid `soapbar 4` as it is un-cleanable and cannot be dropped or placed, leading to task deadlock.",CANDIDATE,pick_clean_then_place_in_recep-SoapBar-None-Cabinet-422/trial_T20190909_170330_111958,7,,pick_clean_then_place_in_recep-SoapBar-None-Cabinet-422/trial_T20190909_170330_111958,7,
135,clean some soapbar and put it in garbagecan.,soapbar,"go to, search",SEARCH,,Expand search to less obvious locations like the toilet to find the soapbar.,VALID_NEXT_TRIAL,pick_clean_then_place_in_recep-SoapBar-None-GarbageCan-429,1,,pick_clean_then_place_in_recep-SoapBar-None-GarbageCan-429,4,
136,clean some soapbar and put it in garbagecan.,garbagecan,open,SEARCH,,Use the 'move' command to place objects into containers that cannot be opened.,VALID_NEXT_TRIAL,pick_clean_then_place_in_recep-SoapBar-None-GarbageCan-429,2,,pick_clean_then_place_in_recep-SoapBar-None-GarbageCan-429,4,
137,clean some soapbar and put it in garbagecan.,tissuebox,open,SEARCH,,"Recognize that some containers like tissuebox 1 may not be openable, requiring alternative search strategies.",CANDIDATE,pick_clean_then_place_in_recep-SoapBar-None-GarbageCan-429,2,,pick_clean_then_place_in_recep-SoapBar-None-GarbageCan-429,3,
138,clean some soapbar and put it in garbagecan.,"soapbar, toilet",take,ACQUIRE,,"Re-attempt 'take' action for visible objects, as initial failures might be transient or due to minor command variations.",VALID_NEXT_TRIAL,pick_clean_then_place_in_recep-SoapBar-None-GarbageCan-429,3,,pick_clean_then_place_in_recep-SoapBar-None-GarbageCan-429,4,
139,clean some soapbar and put it in garbagecan.,"soapbar, sinkbasin",clean,TRANSFORM,,"Ensure agent is at the correct location before attempting to use an object with a receptacle (e.g., cleaning).",VALID_SAME_TRIAL,pick_clean_then_place_in_recep-SoapBar-None-GarbageCan-429,4,,pick_clean_then_place_in_recep-SoapBar-None-GarbageCan-429,4,
140,clean some soapbar and put it in garbagecan.,"soapbar, garbagecan",put in,PLACE,,Ensure agent is at the target receptacle before attempting to place an object into it.,VALID_SAME_TRIAL,pick_clean_then_place_in_recep-SoapBar-None-GarbageCan-429,4,,pick_clean_then_place_in_recep-SoapBar-None-GarbageCan-429,4,
141,clean some soapbar and put it in garbagecan.,"soapbar, garbagecan","put in, move",PLACE,,"If 'put in' fails for a receptacle, try using the 'move [object] to [receptacle]' command as an alternative.",VALID_SAME_TRIAL,pick_clean_then_place_in_recep-SoapBar-None-GarbageCan-429,4,,pick_clean_then_place_in_recep-SoapBar-None-GarbageCan-429,4,
142,clean some soapbar and put it in garbagecan.,garbagecan,look inside,SEARCH,,"If 'look inside' fails for a container, consider it non-inspectable and try alternative interaction methods or search strategies.",VALID_NEXT_TRIAL,pick_clean_then_place_in_recep-SoapBar-None-GarbageCan-429,3,,pick_clean_then_place_in_recep-SoapBar-None-GarbageCan-429,4,
143,clean some soapbar and put it in garbagecan.,"soapbar, garbagecan","drop, move",PLACE,,"If 'drop' fails for a receptacle, try using the 'move [object] to [receptacle]' command as an alternative.",VALID_SAME_TRIAL,pick_clean_then_place_in_recep-SoapBar-None-GarbageCan-429,4,,pick_clean_then_place_in_recep-SoapBar-None-GarbageCan-429,4,
144,clean some spatula and put it in diningtable.,"spatula, diningtable","put, move",PLACE,,Use 'move [object] to [receptacle]' to place an object on a surface.,VALID_SAME_TRIAL,pick_clean_then_place_in_recep-Spatula-None-DiningTable-24/trial_T20190909_021050_633083,1,,pick_clean_then_place_in_recep-Spatula-None-DiningTable-24/trial_T20190909_021050_633083,1,
145,put a cool apple in garbagecan.,fridge,cool,RECOVER,,Open the fridge before attempting to interact with its contents.,VALID_SAME_TRIAL,pick_cool_then_place_in_recep-Apple-None-GarbageCan-5/trial_T20190908_111836_482484,1,,pick_cool_then_place_in_recep-Apple-None-GarbageCan-5/trial_T20190908_111836_482484,1,
146,put a cool apple in garbagecan.,apple,pick,SEARCH,,"Systematically search all possible locations, including less obvious ones like the microwave, to find the target object.",VALID_NEXT_TRIAL,pick_cool_then_place_in_recep-Apple-None-GarbageCan-5/trial_T20190908_111836_482484,1,,pick_cool_then_place_in_recep-Apple-None-GarbageCan-5/trial_T20190908_111836_482484,4,
147,put a cool apple in garbagecan.,cabinet,pick,SEARCH,,"Verify current location before attempting to 'go to' an already visited location, or re-issue the command if it fails.",VALID_NEXT_TRIAL,pick_cool_then_place_in_recep-Apple-None-GarbageCan-5/trial_T20190908_111836_482484,2,,pick_cool_then_place_in_recep-Apple-None-GarbageCan-5/trial_T20190908_111836_482484,3,
148,put a cool apple in garbagecan.,"apple, fridge",cool,TRANSFORM,,Use the specific 'cool' command with the cooling appliance to cool an object.,VALID_SAME_TRIAL,pick_cool_then_place_in_recep-Apple-None-GarbageCan-5/trial_T20190908_111836_482484,4,,pick_cool_then_place_in_recep-Apple-None-GarbageCan-5/trial_T20190908_111836_482484,4,
149,put a cool apple in garbagecan.,"apple, garbagecan",place,PLACE,,Use the 'move' command to place an object into the garbagecan.,VALID_SAME_TRIAL,pick_cool_then_place_in_recep-Apple-None-GarbageCan-5/trial_T20190908_111836_482484,4,,pick_cool_then_place_in_recep-Apple-None-GarbageCan-5/trial_T20190908_111836_482484,4,
150,cool some bowl and put it in cabinet.,cabinet,open,SEARCH,,Always open a closed cabinet before attempting to search or interact with its contents.,VALID_SAME_TRIAL,pick_cool_then_place_in_recep-Bowl-None-Cabinet-19/trial_T20190908_022130_590876,1,,pick_cool_then_place_in_recep-Bowl-None-Cabinet-19/trial_T20190908_022130_590876,1,
151,cool some bowl and put it in cabinet.,fridge,"open, cool",TRANSFORM,,Open the fridge before attempting to cool items inside it.,VALID_SAME_TRIAL,pick_cool_then_place_in_recep-Bowl-None-Cabinet-19/trial_T20190908_022130_590876,1,,pick_cool_then_place_in_recep-Bowl-None-Cabinet-19/trial_T20190908_022130_590876,1,
152,put a cool bowl in microwave.,fridge,"open, cool",TRANSFORM,,Always ensure the appliance is open by using the 'open' action before attempting to interact with it.,VALID_NEXT_TRIAL,pick_cool_then_place_in_recep-Bowl-None-Microwave-7/trial_T20190908_231310_981246,1,,pick_cool_then_place_in_recep-Bowl-None-Microwave-7/trial_T20190908_231310_981246,2,
153,put a cool bowl in microwave.,"bowl, fridge","put, cool",TRANSFORM,,"To cool an object, use the 'cool [object] with [appliance]' action directly, not 'put in'.",VALID_SAME_TRIAL,pick_cool_then_place_in_recep-Bowl-None-Microwave-7/trial_T20190908_231310_981246,2,,pick_cool_then_place_in_recep-Bowl-None-Microwave-7/trial_T20190908_231310_981246,2,
154,put a cool bowl in microwave.,"bowl, microwave","put, move",PLACE,,"To place an object into a receptacle, use the 'move [object] to [receptacle]' action.",VALID_SAME_TRIAL,pick_cool_then_place_in_recep-Bowl-None-Microwave-7/trial_T20190908_231310_981246,2,,pick_cool_then_place_in_recep-Bowl-None-Microwave-7/trial_T20190908_231310_981246,2,
155,cool some bread and put it in countertop.,"Bread, CounterTop","pick, cool, place",SEARCH,,Prioritize searching common locations like countertops for bread.,VALID_NEXT_TRIAL,pick_cool_then_place_in_recep-Bread-None-CounterTop-17/trial_T20190907_150853_448489,1,,pick_cool_then_place_in_recep-Bread-None-CounterTop-17/trial_T20190907_150853_448489,2,
156,cool some bread and put it in countertop.,"Bread, CounterTop","pick, cool, place",SEARCH,,Verify location validity before attempting to navigate.,VALID_NEXT_TRIAL,pick_cool_then_place_in_recep-Bread-None-CounterTop-17/trial_T20190907_150853_448489,1,,pick_cool_then_place_in_recep-Bread-None-CounterTop-17/trial_T20190907_150853_448489,2,
157,cool some bread and put it in countertop.,"Bread, CounterTop","pick, cool, place",TRANSFORM,,Open the fridge before attempting to cool items inside.,VALID_SAME_TRIAL,pick_cool_then_place_in_recep-Bread-None-CounterTop-17/trial_T20190907_150853_448489,2,,pick_cool_then_place_in_recep-Bread-None-CounterTop-17/trial_T20190907_150853_448489,2,
158,cool some bread and put it in countertop.,"Bread, CounterTop","pick, cool, place",PLACE,,Use 'move X to Y' command to successfully place items on a countertop.,VALID_SAME_TRIAL,pick_cool_then_place_in_recep-Bread-None-CounterTop-17/trial_T20190907_150853_448489,2,,pick_cool_then_place_in_recep-Bread-None-CounterTop-17/trial_T20190907_150853_448489,2,
159,put a cool bread in diningtable.,"bread, countertop",take,ACQUIRE,,Go to the correct location (countertop 2) before attempting to take an object.,VALID_SAME_TRIAL,pick_cool_then_place_in_recep-Bread-None-DiningTable-15/trial_T20190908_195722_260654,1,,pick_cool_then_place_in_recep-Bread-None-DiningTable-15/trial_T20190908_195722_260654,1,
160,put a cool bread in diningtable.,"bread, fridge",cool,TRANSFORM,,Open the container (fridge 1) before attempting to cool an object inside.,VALID_SAME_TRIAL,pick_cool_then_place_in_recep-Bread-None-DiningTable-15/trial_T20190908_195722_260654,1,,pick_cool_then_place_in_recep-Bread-None-DiningTable-15/trial_T20190908_195722_260654,1,
161,put a cool bread in diningtable.,"bread, diningtable",put,PLACE,,Use 'move' instead of 'put' to place objects on surfaces.,VALID_SAME_TRIAL,pick_cool_then_place_in_recep-Bread-None-DiningTable-15/trial_T20190908_195722_260654,1,,pick_cool_then_place_in_recep-Bread-None-DiningTable-15/trial_T20190908_195722_260654,1,
162,put a cool bread in microwave.,fridge,open,TRANSFORM,,Go to the fridge before attempting to open it.,VALID_NEXT_TRIAL,pick_cool_then_place_in_recep-Bread-None-Microwave-15/trial_T20190907_132900_527945,1,,pick_cool_then_place_in_recep-Bread-None-Microwave-15/trial_T20190907_132900_527945,2,
163,put a cool bread in microwave.,"bread, fridge",put,TRANSFORM,,Use the 'cool' verb to cool an object with an appliance.,VALID_SAME_TRIAL,pick_cool_then_place_in_recep-Bread-None-Microwave-15/trial_T20190907_132900_527945,2,,pick_cool_then_place_in_recep-Bread-None-Microwave-15/trial_T20190907_132900_527945,2,
164,put a cool bread in microwave.,"bread, microwave",put,PLACE,,Use the 'move' verb to place an object into a receptacle.,VALID_SAME_TRIAL,pick_cool_then_place_in_recep-Bread-None-Microwave-15/trial_T20190907_132900_527945,2,,pick_cool_then_place_in_recep-Bread-None-Microwave-15/trial_T20190907_132900_527945,2,
165,put a cool lettuce in countertop.,"lettuce, fridge","cool, put",TRANSFORM,,Use the direct 'cool <item> with <appliance>' command; it handles appliance state and does not require placing the item inside first.,VALID_SAME_TRIAL,pick_cool_then_place_in_recep-Lettuce-None-CounterTop-24/trial_T20190908_015250_257517,1,,pick_cool_then_place_in_recep-Lettuce-None-CounterTop-24/trial_T20190908_015250_257517,1,
166,put a cool lettuce in countertop.,"lettuce, countertop","put, move",PLACE,,Ensure agent is at the target receptacle location before attempting to place an item; use 'move <item> to <receptacle>'.,VALID_SAME_TRIAL,pick_cool_then_place_in_recep-Lettuce-None-CounterTop-24/trial_T20190908_015250_257517,1,,pick_cool_then_place_in_recep-Lettuce-None-CounterTop-24/trial_T20190908_015250_257517,1,
167,cool some lettuce and put it in diningtable.,"lettuce, fridge","pick, cool, place",TRANSFORM,,Open the container before attempting to use it.,VALID_SAME_TRIAL,pick_cool_then_place_in_recep-Lettuce-None-DiningTable-21,1,,pick_cool_then_place_in_recep-Lettuce-None-DiningTable-21,1,
168,cool some lettuce and put it in diningtable.,"lettuce, diningtable","pick, cool, place",PLACE,,Navigate to the target location before attempting to place an object there.,VALID_SAME_TRIAL,pick_cool_then_place_in_recep-Lettuce-None-DiningTable-21,1,,pick_cool_then_place_in_recep-Lettuce-None-DiningTable-21,1,
169,put a cool mug in shelf.,cabinet,go,SEARCH,,Avoid repeating 'go to' action if already at location; proceed with next logical step.,VALID_NEXT_TRIAL,pick_cool_then_place_in_recep-Mug-None-Shelf-20,2,,pick_cool_then_place_in_recep-Mug-None-Shelf-20,3,
170,put a cool mug in shelf.,"mug, fridge",cool,TRANSFORM,,Open the fridge before attempting to cool an item inside it.,VALID_NEXT_TRIAL,pick_cool_then_place_in_recep-Mug-None-Shelf-20,1,,pick_cool_then_place_in_recep-Mug-None-Shelf-20,3,
171,put a cool mug in shelf.,fridge,open,TRANSFORM,,Successfully open the fridge to access its contents.,VALID_NEXT_TRIAL,pick_cool_then_place_in_recep-Mug-None-Shelf-20,1,,pick_cool_then_place_in_recep-Mug-None-Shelf-20,3,
172,put a cool mug in shelf.,"cabinet, drawer",open,SEARCH,,"If 'open' action fails on a container, infer it's not a container or is empty and move on.",VALID_SAME_TRIAL,pick_cool_then_place_in_recep-Mug-None-Shelf-20,3,,pick_cool_then_place_in_recep-Mug-None-Shelf-20,3,
173,put a cool mug in shelf.,"mug, fridge",put,TRANSFORM,,"Use the specific 'cool' verb with the appliance for cooling, not 'put'.",VALID_SAME_TRIAL,pick_cool_then_place_in_recep-Mug-None-Shelf-20,3,,pick_cool_then_place_in_recep-Mug-None-Shelf-20,3,
174,put a cool mug in shelf.,"mug, shelf",put,PLACE,,"Use the 'move' verb to place an item on a shelf, not 'put'.",VALID_SAME_TRIAL,pick_cool_then_place_in_recep-Mug-None-Shelf-20,3,,pick_cool_then_place_in_recep-Mug-None-Shelf-20,3,
175,cool some pan and put it in diningtable.,pan,pick,SEARCH,,"Accept 'pot' as an acceptable substitute for 'pan' when 'pan' is not explicitly found, and pick it up.",VALID_NEXT_TRIAL,pick_cool_then_place_in_recep-Pan-None-DiningTable-11,1,,pick_cool_then_place_in_recep-Pan-None-DiningTable-11,2,
176,cool some pan and put it in diningtable.,"pot, fridge",put,TRANSFORM,,"Use the 'cool' action directly with the object and fridge to cool it, instead of 'put'.",VALID_SAME_TRIAL,pick_cool_then_place_in_recep-Pan-None-DiningTable-11,2,,pick_cool_then_place_in_recep-Pan-None-DiningTable-11,2,
177,cool some pan and put it in diningtable.,"pot, diningtable",put,PLACE,,Use the 'move' action to place an object on a surface like a dining table.,VALID_SAME_TRIAL,pick_cool_then_place_in_recep-Pan-None-DiningTable-11,2,,pick_cool_then_place_in_recep-Pan-None-DiningTable-11,2,
178,cool some pan and put it in diningtable.,stoveburner,go to,SEARCH,,"If 'go to' an object fails with 'Nothing happens', recognize it as unreachable/invalid and proceed to search other locations.",VALID_NEXT_TRIAL,pick_cool_then_place_in_recep-Pan-None-DiningTable-11,4,,pick_cool_then_place_in_recep-Pan-None-DiningTable-11,7,
179,cool some pan and put it in diningtable.,"pan, pot",pick,SEARCH,,Re-affirm that 'pot' is an acceptable substitute for 'pan' when 'pan' is not explicitly found.,VALID_NEXT_TRIAL,pick_cool_then_place_in_recep-Pan-None-DiningTable-11,5,,pick_cool_then_place_in_recep-Pan-None-DiningTable-11,6,
180,cool some pan and put it in diningtable.,"pot, fridge","cool, take",RECOVER,,Understand that the 'cool' action does not remove the object from inventory; it remains held by the agent.,VALID_NEXT_TRIAL,pick_cool_then_place_in_recep-Pan-None-DiningTable-11,6,,pick_cool_then_place_in_recep-Pan-None-DiningTable-11,7,
181,cool some pan and put it in diningtable.,pot,"put, take",RECOVER,,No specific learning found.,CANDIDATE,pick_cool_then_place_in_recep-Pan-None-DiningTable-11,7,,N/A,-1,
182,,,,,,,,,,,,,
183,cool some plate and put it in cabinet.,"plate, cabinet",pick,SEARCH,,Systematically search multiple cabinets until the plate is located.,VALID_SAME_TRIAL,pick_cool_then_place_in_recep-Plate-None-Cabinet-27/trial_T20190906_173250_466409,1,,pick_cool_then_place_in_recep-Plate-None-Cabinet-27/trial_T20190906_173250_466409,1,
184,cool some plate and put it in cabinet.,"plate, fridge",cool,TRANSFORM,,Ensure the fridge is open before attempting to cool an item with it.,VALID_SAME_TRIAL,pick_cool_then_place_in_recep-Plate-None-Cabinet-27/trial_T20190906_173250_466409,1,,pick_cool_then_place_in_recep-Plate-None-Cabinet-27/trial_T20190906_173250_466409,1,
185,cool some plate and put it in cabinet.,fridge,open,TRANSFORM,,Navigate to the fridge before attempting to open it.,VALID_SAME_TRIAL,pick_cool_then_place_in_recep-Plate-None-Cabinet-27/trial_T20190906_173250_466409,1,,pick_cool_then_place_in_recep-Plate-None-Cabinet-27/trial_T20190906_173250_466409,1,
186,cool some plate and put it in cabinet.,"plate, cabinet",place,PLACE,,Go to the target receptacle's location before attempting to place an item.,VALID_SAME_TRIAL,pick_cool_then_place_in_recep-Plate-None-Cabinet-27/trial_T20190906_173250_466409,1,,pick_cool_then_place_in_recep-Plate-None-Cabinet-27/trial_T20190906_173250_466409,1,
187,cool some plate and put it in cabinet.,"plate, cabinet","pick, cool, place",SEARCH,,"To find objects, go to specific locations and observe contents, or open containers to check inside.",VALID_NEXT_TRIAL,pick_cool_then_place_in_recep-Plate-None-Cabinet-7,1,,pick_cool_then_place_in_recep-Plate-None-Cabinet-7,2,
188,cool some plate and put it in cabinet.,"plate, cabinet","pick, cool, place",SEARCH,,Open closed containers before attempting to search or interact with their contents.,VALID_SAME_TRIAL,pick_cool_then_place_in_recep-Plate-None-Cabinet-7,2,,pick_cool_then_place_in_recep-Plate-None-Cabinet-7,2,
189,cool some plate and put it in cabinet.,"plate, cabinet","pick, cool, place",SEARCH,,Go to the specific location of a container before attempting to open or interact with it.,VALID_SAME_TRIAL,pick_cool_then_place_in_recep-Plate-None-Cabinet-7,2,,pick_cool_then_place_in_recep-Plate-None-Cabinet-7,2,
190,cool some pot and put it in diningtable.,fridge,"cool, open",TRANSFORM,,Always open the fridge before attempting to cool items with it.,VALID_SAME_TRIAL,pick_cool_then_place_in_recep-Pot-None-DiningTable-24,1,,pick_cool_then_place_in_recep-Pot-None-DiningTable-24,1,
191,cool some tomato and put it in diningtable.,fridge,"go, open",RECOVER,,Open the fridge before attempting to access its contents.,VALID_SAME_TRIAL,pick_cool_then_place_in_recep-Tomato-None-DiningTable-11/trial_T20190908_220012_692282,1,,pick_cool_then_place_in_recep-Tomato-None-DiningTable-11/trial_T20190908_220012_692282,1,
192,cool some tomato and put it in diningtable.,tomato,go,SEARCH,,Systematically search common food locations like dining table when object is not in initial expected place.,VALID_SAME_TRIAL,pick_cool_then_place_in_recep-Tomato-None-DiningTable-11/trial_T20190908_220012_692282,1,,pick_cool_then_place_in_recep-Tomato-None-DiningTable-11/trial_T20190908_220012_692282,1,
193,put a cool tomato in garbagecan.,"tomato, fridge",cool,TRANSFORM,,Close the fridge before attempting to cool an item with it.,VALID_SAME_TRIAL,pick_cool_then_place_in_recep-Tomato-None-GarbageCan-15/trial_T20190907_082803_736076,1,,pick_cool_then_place_in_recep-Tomato-None-GarbageCan-15/trial_T20190907_082803_736076,1,
194,put a cool tomato in garbagecan.,"tomato, fridge","put, move",TRANSFORM,,Use 'move' action to place an item inside a container like a fridge.,VALID_SAME_TRIAL,pick_cool_then_place_in_recep-Tomato-None-GarbageCan-15/trial_T20190907_082803_736076,1,,pick_cool_then_place_in_recep-Tomato-None-GarbageCan-15/trial_T20190907_082803_736076,1,
195,cool some tomato and put it in garbagecan.,cabinet,go,SEARCH,,"Proceed with interaction actions like 'open' even if 'go to' reports 'Nothing happens', as the agent might already be at the target location.",VALID_NEXT_TRIAL,pick_cool_then_place_in_recep-Tomato-None-GarbageCan-5,1,,pick_cool_then_place_in_recep-Tomato-None-GarbageCan-5,7,
196,cool some tomato and put it in garbagecan.,"container, surface",look,SEARCH,,Switch to alternative observation commands like 'look around' or rely on automatic observations upon arrival at a location.,VALID_NEXT_TRIAL,pick_cool_then_place_in_recep-Tomato-None-GarbageCan-5,2,,pick_cool_then_place_in_recep-Tomato-None-GarbageCan-5,7,
197,cool some tomato and put it in garbagecan.,"cabinet, drawer",open,SEARCH,,N/A,CANDIDATE,pick_cool_then_place_in_recep-Tomato-None-GarbageCan-5,5,,,,
198,cool some tomato and put it in garbagecan.,cabinet,open,SEARCH,,Ensure the agent is at the correct location before attempting to open a container.,VALID_SAME_TRIAL,pick_cool_then_place_in_recep-Tomato-None-GarbageCan-5,6,,pick_cool_then_place_in_recep-Tomato-None-GarbageCan-5,6,
199,cool some tomato and put it in garbagecan.,shelf,check,SEARCH,,"Rely on automatic observations upon arrival at a location to identify contents, rather than using 'check'.",VALID_SAME_TRIAL,pick_cool_then_place_in_recep-Tomato-None-GarbageCan-5,6,,pick_cool_then_place_in_recep-Tomato-None-GarbageCan-5,6,
200,cool some tomato and put it in garbagecan.,countertop,look,SEARCH,,N/A,CANDIDATE,pick_cool_then_place_in_recep-Tomato-None-GarbageCan-5,7,,,,
201,cool some tomato and put it in garbagecan.,tomato,pick,SEARCH,,N/A,CANDIDATE,pick_cool_then_place_in_recep-Tomato-None-GarbageCan-5,1,,,,
202,put a cool winebottle in cabinet.,"winebottle, fridge","cool, open",TRANSFORM,,Go to the fridge and open it before attempting to cool an item.,VALID_SAME_TRIAL,pick_cool_then_place_in_recep-WineBottle-None-Cabinet-16/trial_T20190907_084106_624638,1,,pick_cool_then_place_in_recep-WineBottle-None-Cabinet-16/trial_T20190907_084106_624638,1,
203,put a cool winebottle in cabinet.,fridge,"open, go",TRANSFORM,,Go to the fridge before attempting to open it.,VALID_SAME_TRIAL,pick_cool_then_place_in_recep-WineBottle-None-Cabinet-16/trial_T20190907_084106_624638,1,,pick_cool_then_place_in_recep-WineBottle-None-Cabinet-16/trial_T20190907_084106_624638,1,
204,put a cool winebottle in cabinet.,"winebottle, cabinet, diningtable, countertop","go, open, take",SEARCH,,Prioritize searching common locations like countertops and dining tables for the winebottle.,VALID_NEXT_TRIAL,pick_cool_then_place_in_recep-WineBottle-None-Cabinet-16/trial_T20190907_084106_624638,2,,pick_cool_then_place_in_recep-WineBottle-None-Cabinet-16/trial_T20190907_084106_624638,3,
205,put a cool winebottle in cabinet.,"winebottle, fridge","put, cool",TRANSFORM,,"Use the 'cool' verb with the fridge to cool an object, not 'put'.",VALID_SAME_TRIAL,pick_cool_then_place_in_recep-WineBottle-None-Cabinet-16/trial_T20190907_084106_624638,3,,pick_cool_then_place_in_recep-WineBottle-None-Cabinet-16/trial_T20190907_084106_624638,3,
206,put a cool winebottle in cabinet.,"winebottle, fridge","take, cool",ACQUIRE,,"Understand that 'cool with' action keeps object in hand, so no 'take' is needed.",VALID_SAME_TRIAL,pick_cool_then_place_in_recep-WineBottle-None-Cabinet-16/trial_T20190907_084106_624638,3,,pick_cool_then_place_in_recep-WineBottle-None-Cabinet-16/trial_T20190907_084106_624638,3,
207,put a cool winebottle in cabinet.,"winebottle, cabinet","put, move",PLACE,,Use 'move' instead of 'put' to place the winebottle into the cabinet.,VALID_NEXT_TRIAL,pick_cool_then_place_in_recep-WineBottle-None-Cabinet-16/trial_T20190907_084106_624638,1,,pick_cool_then_place_in_recep-WineBottle-None-Cabinet-16/trial_T20190907_084106_624638,4,
208,put a cool winebottle in countertop.,"winebottle, fridge",cool,TRANSFORM,,Go to the appliance (fridge) and open it before attempting to cool an item.,VALID_SAME_TRIAL,pick_cool_then_place_in_recep-WineBottle-None-CounterTop-17,1,,pick_cool_then_place_in_recep-WineBottle-None-CounterTop-17,1,
209,put a cool winebottle in countertop.,"winebottle, countertop",place,PLACE,,Use the 'move to' command when placing an object on a surface like a countertop.,VALID_SAME_TRIAL,pick_cool_then_place_in_recep-WineBottle-None-CounterTop-17,1,,pick_cool_then_place_in_recep-WineBottle-None-CounterTop-17,1,
210,heat some apple and put it in fridge.,"apple, microwave",heat,TRANSFORM,,Ensure the microwave is closed when heating an item to keep it in inventory.,VALID_NEXT_TRIAL,pick_heat_then_place_in_recep-Apple-None-Fridge-30,1,,pick_heat_then_place_in_recep-Apple-None-Fridge-30,5,
211,heat some apple and put it in fridge.,fridge,open,RECOVER,,Go to the object's location before attempting to interact with it.,VALID_SAME_TRIAL,pick_heat_then_place_in_recep-Apple-None-Fridge-30,2,,pick_heat_then_place_in_recep-Apple-None-Fridge-30,2,
212,heat some apple and put it in fridge.,"apple, microwave",put,TRANSFORM,,Do not put the item into the microwave; heat it directly while holding it and ensuring the microwave is closed.,VALID_NEXT_TRIAL,pick_heat_then_place_in_recep-Apple-None-Fridge-30,2,,pick_heat_then_place_in_recep-Apple-None-Fridge-30,4,
213,heat some apple and put it in fridge.,"apple, microwave",heat,TRANSFORM,,Open the microwave before attempting to heat an item.,VALID_SAME_TRIAL,pick_heat_then_place_in_recep-Apple-None-Fridge-30,3,,pick_heat_then_place_in_recep-Apple-None-Fridge-30,3,
214,heat some apple and put it in fridge.,"apple, fridge","put, move",PLACE,,Use the 'move' command to place an item into a receptacle like a fridge.,VALID_NEXT_TRIAL,pick_heat_then_place_in_recep-Apple-None-Fridge-30,1,,pick_heat_then_place_in_recep-Apple-None-Fridge-30,5,
215,put a hot apple in fridge.,fridge,"open, look",PLACE,,Go to the fridge's location before attempting to open or look inside it.,VALID_NEXT_TRIAL,pick_heat_then_place_in_recep-Apple-None-Fridge-6/trial_T20190908_153716_620298,1,,pick_heat_then_place_in_recep-Apple-None-Fridge-6/trial_T20190908_153716_620298,7,
216,put a hot apple in fridge.,"cabinet, drawer",open,SEARCH,,Go to the cabinet or drawer's location before attempting to open it.,VALID_SAME_TRIAL,pick_heat_then_place_in_recep-Apple-None-Fridge-6/trial_T20190908_153716_620298,2,,pick_heat_then_place_in_recep-Apple-None-Fridge-6/trial_T20190908_153716_620298,2,
217,put a hot apple in fridge.,"apple, cup","put, move",RECOVER,,Use the 'move' command to place an item from inventory onto a surface.,VALID_SAME_TRIAL,pick_heat_then_place_in_recep-Apple-None-Fridge-6/trial_T20190908_153716_620298,3,,pick_heat_then_place_in_recep-Apple-None-Fridge-6/trial_T20190908_153716_620298,3,
218,put a hot apple in fridge.,"cup, pot, pan, mug, kettle","take, move",ACQUIRE,,Place the currently held item down before attempting to take or move another item.,VALID_SAME_TRIAL,pick_heat_then_place_in_recep-Apple-None-Fridge-6/trial_T20190908_153716_620298,3,,pick_heat_then_place_in_recep-Apple-None-Fridge-6/trial_T20190908_153716_620298,3,
219,put a hot apple in fridge.,"apple, microwave","heat, put",TRANSFORM,,Heat the item in an open microwave; it can be heated even if another item is inside.,VALID_NEXT_TRIAL,pick_heat_then_place_in_recep-Apple-None-Fridge-6/trial_T20190908_153716_620298,2,,pick_heat_then_place_in_recep-Apple-None-Fridge-6/trial_T20190908_153716_620298,7,
220,put a hot apple in fridge.,"apple, stoveburner","heat, put",TRANSFORM,,"Place the item in a suitable container (e.g., pot, pan) before heating on a stoveburner.",CANDIDATE,pick_heat_then_place_in_recep-Apple-None-Fridge-6/trial_T20190908_153716_620298,2,,,,
221,put a hot apple in fridge.,"microwave, cup",close,TRANSFORM,,Remove all items from the microwave before attempting to close it.,VALID_SAME_TRIAL,pick_heat_then_place_in_recep-Apple-None-Fridge-6/trial_T20190908_153716_620298,3,,pick_heat_then_place_in_recep-Apple-None-Fridge-6/trial_T20190908_153716_620298,3,
222,put a hot apple in fridge.,apple,"put, take",PLACE,,No successful action or strategy was found to resolve this issue.,CANDIDATE,pick_heat_then_place_in_recep-Apple-None-Fridge-6/trial_T20190908_153716_620298,7,,,,
223,put a hot bread in diningtable.,"bread, microwave",heat,TRANSFORM,,"Heat items directly with the microwave when it is closed, without needing to open or put items inside first.",VALID_NEXT_TRIAL,pick_heat_then_place_in_recep-Bread-None-DiningTable-15/trial_T20190907_030751_816698,1,,pick_heat_then_place_in_recep-Bread-None-DiningTable-15/trial_T20190907_030751_816698,2,
224,put a hot bread in diningtable.,microwave,open,TRANSFORM,,Successfully open the microwave to prepare for heating.,VALID_NEXT_TRIAL,pick_heat_then_place_in_recep-Bread-None-DiningTable-15/trial_T20190907_030751_816698,1,,pick_heat_then_place_in_recep-Bread-None-DiningTable-15/trial_T20190907_030751_816698,2,
225,put a hot bread in diningtable.,"bread, toaster",put,TRANSFORM,,"Use the 'heat' action for heating items with appliances, not 'put'.",VALID_SAME_TRIAL,pick_heat_then_place_in_recep-Bread-None-DiningTable-15/trial_T20190907_030751_816698,2,,pick_heat_then_place_in_recep-Bread-None-DiningTable-15/trial_T20190907_030751_816698,2,
226,put a hot bread in diningtable.,"bread, toaster",heat,TRANSFORM,,Switch to a known working appliance like the microwave when a new appliance fails repeatedly.,VALID_SAME_TRIAL,pick_heat_then_place_in_recep-Bread-None-DiningTable-15/trial_T20190907_030751_816698,2,,pick_heat_then_place_in_recep-Bread-None-DiningTable-15/trial_T20190907_030751_816698,2,
227,put a hot bread in diningtable.,toaster,open,TRANSFORM,,Switch to a known working appliance like the microwave when a new appliance fails repeatedly.,VALID_SAME_TRIAL,pick_heat_then_place_in_recep-Bread-None-DiningTable-15/trial_T20190907_030751_816698,2,,pick_heat_then_place_in_recep-Bread-None-DiningTable-15/trial_T20190907_030751_816698,2,
228,put a hot bread in diningtable.,"bread, microwave",put,TRANSFORM,,"Use the 'heat' action directly on the item with the appliance, ensuring the appliance is closed, instead of 'put'.",VALID_SAME_TRIAL,pick_heat_then_place_in_recep-Bread-None-DiningTable-15/trial_T20190907_030751_816698,2,,pick_heat_then_place_in_recep-Bread-None-DiningTable-15/trial_T20190907_030751_816698,2,
229,heat some cup and put it in cabinet.,cabinet,open,SEARCH,,Cabinets can be opened by explicitly using the 'open' command after navigating to them.,VALID_NEXT_TRIAL,pick_heat_then_place_in_recep-Cup-None-Cabinet-28,1,,pick_heat_then_place_in_recep-Cup-None-Cabinet-28,2,
230,heat some cup and put it in cabinet.,"cup, microwave","heat, open",TRANSFORM,,Ensure microwave is open before attempting to heat an item with it.,VALID_NEXT_TRIAL,pick_heat_then_place_in_recep-Cup-None-Cabinet-28,1,,pick_heat_then_place_in_recep-Cup-None-Cabinet-28,2,
231,heat some cup and put it in cabinet.,"cup, microwave",put,TRANSFORM,,Heating an item with the microwave does not require explicitly putting the item inside; it works directly if the microwave is open.,VALID_NEXT_TRIAL,pick_heat_then_place_in_recep-Cup-None-Cabinet-28,1,,pick_heat_then_place_in_recep-Cup-None-Cabinet-28,2,
232,heat some cup and put it in cabinet.,"cup, stoveburner",heat,TRANSFORM,,Investigate alternative heating methods if stoveburner fails to heat the item.,CANDIDATE,pick_heat_then_place_in_recep-Cup-None-Cabinet-28,1,,pick_heat_then_place_in_recep-Cup-None-Cabinet-28,1,
233,heat some cup and put it in cabinet.,"cup, cabinet",put,PLACE,,Use the 'move' command instead of 'put' to place an item into an open cabinet.,VALID_NEXT_TRIAL,pick_heat_then_place_in_recep-Cup-None-Cabinet-28,1,,pick_heat_then_place_in_recep-Cup-None-Cabinet-28,2,
234,heat some egg and put it in garbagecan.,"fridge, cabinet, drawer, microwave","open, look in",SEARCH,,"Search for objects on visible surfaces directly, as container interaction commands are non-functional for finding items.",VALID_SAME_TRIAL,pick_heat_then_place_in_recep-Egg-None-GarbageCan-12,1,,pick_heat_then_place_in_recep-Egg-None-GarbageCan-12,1,
235,heat some egg and put it in garbagecan.,"egg, microwave, stoveburner, pan","heat, open, put",TRANSFORM,,"To heat the egg, first open the microwave, then `move` the egg inside, and finally `close` the microwave before using the `heat` command.",VALID_NEXT_TRIAL,pick_heat_then_place_in_recep-Egg-None-GarbageCan-12,1,,pick_heat_then_place_in_recep-Egg-None-GarbageCan-12,3,
236,heat some egg and put it in garbagecan.,"egg, garbagecan",put,PLACE,,Use the `move` command instead of `put` to successfully place objects into receptacles.,VALID_SAME_TRIAL,pick_heat_then_place_in_recep-Egg-None-GarbageCan-12,1,,pick_heat_then_place_in_recep-Egg-None-GarbageCan-12,1,
237,heat some egg and put it in garbagecan.,"egg, garbagecan",move,PLACE,,Navigate to the target receptacle's location before attempting to move an object into it.,VALID_SAME_TRIAL,pick_heat_then_place_in_recep-Egg-None-GarbageCan-12,3,,pick_heat_then_place_in_recep-Egg-None-GarbageCan-12,3,
238,heat some mug and put it in cabinet.,"fridge, mug","open, look in",SEARCH,,"If a container cannot be opened or an item is not found, check alternative locations for the desired object.",VALID_NEXT_TRIAL,pick_heat_then_place_in_recep-Mug-None-Cabinet-12/trial_T20190909_032940_018377,1,,pick_heat_then_place_in_recep-Mug-None-Cabinet-12/trial_T20190909_032940_018377,2,
239,heat some mug and put it in cabinet.,countertop,open,SEARCH,,Countertops are typically open by default; use 'go to' to approach and 'take' to acquire items directly.,VALID_SAME_TRIAL,pick_heat_then_place_in_recep-Mug-None-Cabinet-12/trial_T20190909_032940_018377,1,,pick_heat_then_place_in_recep-Mug-None-Cabinet-12/trial_T20190909_032940_018377,1,
240,heat some mug and put it in cabinet.,"mug, microwave","heat, put, open",TRANSFORM,,The 'heat' action is direct and handles placing the item; do not explicitly open the microwave or put the item inside.,VALID_NEXT_TRIAL,pick_heat_then_place_in_recep-Mug-None-Cabinet-12/trial_T20190909_032940_018377,1,,pick_heat_then_place_in_recep-Mug-None-Cabinet-12/trial_T20190909_032940_018377,2,
241,heat some mug and put it in cabinet.,microwave,open,TRANSFORM,,Always navigate to an appliance's location using 'go to' before attempting to open it.,VALID_SAME_TRIAL,pick_heat_then_place_in_recep-Mug-None-Cabinet-12/trial_T20190909_032940_018377,1,,pick_heat_then_place_in_recep-Mug-None-Cabinet-12/trial_T20190909_032940_018377,1,
242,heat some mug and put it in cabinet.,cabinet,open,PLACE,,Always navigate to a container's location using 'go to' before attempting to open it.,VALID_SAME_TRIAL,pick_heat_then_place_in_recep-Mug-None-Cabinet-12/trial_T20190909_032940_018377,2,,pick_heat_then_place_in_recep-Mug-None-Cabinet-12/trial_T20190909_032940_018377,2,
243,heat some mug and put it in cabinet.,"mug, cabinet","put, move",PLACE,,"Use the 'move' action to place an item into an open container, not 'put'.",VALID_SAME_TRIAL,pick_heat_then_place_in_recep-Mug-None-Cabinet-12/trial_T20190909_032940_018377,2,,pick_heat_then_place_in_recep-Mug-None-Cabinet-12/trial_T20190909_032940_018377,2,
244,heat some mug and put it in coffeemachine.,fridge,open,SEARCH,,"If an appliance is unresponsive, abandon it and search for objects in other locations.",VALID_SAME_TRIAL,pick_heat_then_place_in_recep-Mug-None-CoffeeMachine-16/trial_T20190908_181242_051846,1,,pick_heat_then_place_in_recep-Mug-None-CoffeeMachine-16/trial_T20190908_181242_051846,1,
245,heat some mug and put it in coffeemachine.,"mug, microwave",put,TRANSFORM,,"To heat an object, use the specific 'heat' command with the object and appliance, not 'put'.",VALID_SAME_TRIAL,pick_heat_then_place_in_recep-Mug-None-CoffeeMachine-16/trial_T20190908_181242_051846,1,,pick_heat_then_place_in_recep-Mug-None-CoffeeMachine-16/trial_T20190908_181242_051846,1,
246,heat some mug and put it in coffeemachine.,"mug, coffeemachine",put,PLACE,,"To place an object into a receptacle, use the 'move' command if 'put' fails.",VALID_SAME_TRIAL,pick_heat_then_place_in_recep-Mug-None-CoffeeMachine-16/trial_T20190908_181242_051846,1,,pick_heat_then_place_in_recep-Mug-None-CoffeeMachine-16/trial_T20190908_181242_051846,1,
247,heat some mug and put it in coffeemachine.,"mug, fridge, cabinet","open, look",SEARCH,,Check alternative locations like countertops when primary containers are empty or non-interactable.,VALID_NEXT_TRIAL,pick_heat_then_place_in_recep-Mug-None-CoffeeMachine-30,1,,pick_heat_then_place_in_recep-Mug-None-CoffeeMachine-30,2,
248,heat some mug and put it in coffeemachine.,"mug, coffeemachine","put, move, open",PLACE,,Use 'move [object] to [receptacle]' for placing items on or into certain receptacles like coffeemachines.,VALID_NEXT_TRIAL,pick_heat_then_place_in_recep-Mug-None-CoffeeMachine-30,2,,pick_heat_then_place_in_recep-Mug-None-CoffeeMachine-30,4,
249,heat some mug and put it in coffeemachine.,"mug, microwave","open, heat",TRANSFORM,,"Always go to the appliance's location before attempting to interact with it (e.g., open or heat).",VALID_SAME_TRIAL,pick_heat_then_place_in_recep-Mug-None-CoffeeMachine-30,4,,pick_heat_then_place_in_recep-Mug-None-CoffeeMachine-30,4,
250,heat some mug and put it in coffeemachine.,"mug, microwave",put,TRANSFORM,,"Use the direct 'heat' action with the appliance, not 'put' an item inside, for heating.",VALID_SAME_TRIAL,pick_heat_then_place_in_recep-Mug-None-CoffeeMachine-30,4,,pick_heat_then_place_in_recep-Mug-None-CoffeeMachine-30,4,
251,heat some mug and put it in coffeemachine.,"mug, microwave","look, open, move, put",RECOVER,,"After heating an item, assume it remains in inventory unless explicitly stated otherwise.",VALID_NEXT_TRIAL,pick_heat_then_place_in_recep-Mug-None-CoffeeMachine-30,2,,pick_heat_then_place_in_recep-Mug-None-CoffeeMachine-30,4,
252,put a hot mug in shelf.,"cabinet, mug","open, search",SEARCH,,"If cabinets are unopenable, search for objects on countertops.",VALID_SAME_TRIAL,pick_heat_then_place_in_recep-Mug-None-Shelf-20/trial_T20190907_054036_412242,1,,pick_heat_then_place_in_recep-Mug-None-Shelf-20/trial_T20190907_054036_412242,1,
253,put a hot mug in shelf.,microwave,"open, go to",RECOVER,,Go to the appliance's location before attempting to open it.,VALID_SAME_TRIAL,pick_heat_then_place_in_recep-Mug-None-Shelf-20/trial_T20190907_054036_412242,1,,pick_heat_then_place_in_recep-Mug-None-Shelf-20/trial_T20190907_054036_412242,1,
254,put a hot mug in shelf.,"mug, microwave",heat,TRANSFORM,,Use 'heat [item] with [appliance]' for direct heating when appliance is ready.,VALID_NEXT_TRIAL,pick_heat_then_place_in_recep-Mug-None-Shelf-20/trial_T20190907_054036_412242,1,,pick_heat_then_place_in_recep-Mug-None-Shelf-20/trial_T20190907_054036_412242,5,
255,put a hot mug in shelf.,"mug, microwave",put,RECOVER,,The 'heat [item] with [appliance]' command handles placement implicitly; avoid explicit 'put in'.,VALID_NEXT_TRIAL,pick_heat_then_place_in_recep-Mug-None-Shelf-20/trial_T20190907_054036_412242,1,,pick_heat_then_place_in_recep-Mug-None-Shelf-20/trial_T20190907_054036_412242,5,
256,put a hot mug in shelf.,"fridge, mug","open, search",SEARCH,,"If fridge is unopenable, search for objects on countertops.",VALID_NEXT_TRIAL,pick_heat_then_place_in_recep-Mug-None-Shelf-20/trial_T20190907_054036_412242,2,,pick_heat_then_place_in_recep-Mug-None-Shelf-20/trial_T20190907_054036_412242,3,
257,put a hot mug in shelf.,"potato, microwave",take,RECOVER,,Some items in appliances are irremovable and do not block heating actions.,VALID_NEXT_TRIAL,pick_heat_then_place_in_recep-Mug-None-Shelf-20/trial_T20190907_054036_412242,2,,pick_heat_then_place_in_recep-Mug-None-Shelf-20/trial_T20190907_054036_412242,5,
258,put a hot mug in shelf.,"mug, coffeemachine","put, heat",TRANSFORM,,"If coffeemachine fails to heat, try alternative heating appliances like the microwave.",VALID_NEXT_TRIAL,pick_heat_then_place_in_recep-Mug-None-Shelf-20/trial_T20190907_054036_412242,3,,pick_heat_then_place_in_recep-Mug-None-Shelf-20/trial_T20190907_054036_412242,5,
259,put a hot mug in shelf.,"pan, stoveburner",take,RECOVER,,"Some items on stoveburners are irremovable, blocking their use for heating.",CANDIDATE,pick_heat_then_place_in_recep-Mug-None-Shelf-20/trial_T20190907_054036_412242,3,,,,
260,put a hot mug in shelf.,"mug, stoveburner","put, heat",TRANSFORM,,Heating on a stoveburner requires placing the item within a suitable container like a pan.,CANDIDATE,pick_heat_then_place_in_recep-Mug-None-Shelf-20/trial_T20190907_054036_412242,3,,,,
261,put a hot mug in shelf.,"pan, countertop",take,RECOVER,,Some objects on countertops are irremovable and cannot be acquired.,CANDIDATE,pick_heat_then_place_in_recep-Mug-None-Shelf-20/trial_T20190907_054036_412242,3,,,,
262,put a hot mug in shelf.,microwave,open,RECOVER,,"If an appliance cannot be opened, try an alternative heating method.",VALID_NEXT_TRIAL,pick_heat_then_place_in_recep-Mug-None-Shelf-20/trial_T20190907_054036_412242,4,,pick_heat_then_place_in_recep-Mug-None-Shelf-20/trial_T20190907_054036_412242,5,
263,put a hot mug in shelf.,mug,take,ACQUIRE,,Release the currently held item before attempting to pick up a new one.,CANDIDATE,pick_heat_then_place_in_recep-Mug-None-Shelf-20/trial_T20190907_054036_412242,4,,,,
264,put a hot mug in shelf.,"mug, countertop","put, drop",RECOVER,,Verify environmental conditions or alternative drop points if an item cannot be released.,CANDIDATE,pick_heat_then_place_in_recep-Mug-None-Shelf-20/trial_T20190907_054036_412242,4,,,,
265,put a hot mug in shelf.,"mug, shelf","put, move",PLACE,,Use 'move [item] to [destination]' to place an item on a surface.,VALID_SAME_TRIAL,pick_heat_then_place_in_recep-Mug-None-Shelf-20/trial_T20190907_054036_412242,5,,pick_heat_then_place_in_recep-Mug-None-Shelf-20/trial_T20190907_054036_412242,5,
266,put a hot plate in cabinet.,"plate, microwave","heat, open",TRANSFORM,,Open the microwave before heating a plate while holding it.,VALID_NEXT_TRIAL,pick_heat_then_place_in_recep-Plate-None-Cabinet-28/trial_T20190907_035752_332060,1,,pick_heat_then_place_in_recep-Plate-None-Cabinet-28/trial_T20190907_035752_332060,2,
267,put a hot plate in cabinet.,"plate, microwave","heat, close",TRANSFORM,,Close the microwave before heating a plate while holding it.,VALID_NEXT_TRIAL,pick_heat_then_place_in_recep-Plate-None-Cabinet-28/trial_T20190907_035752_332060,4,,pick_heat_then_place_in_recep-Plate-None-Cabinet-28/trial_T20190907_035752_332060,3,
268,put a hot plate in cabinet.,microwave,"open, close, go",TRANSFORM,,Go to the microwave's location before attempting to open or close it.,VALID_NEXT_TRIAL,pick_heat_then_place_in_recep-Plate-None-Cabinet-28/trial_T20190907_035752_332060,1,,pick_heat_then_place_in_recep-Plate-None-Cabinet-28/trial_T20190907_035752_332060,2,
269,put a hot plate in cabinet.,"plate, stoveburner, pan",put,TRANSFORM,,Find an empty stoveburner or clear an occupied one to place the plate.,CANDIDATE,pick_heat_then_place_in_recep-Plate-None-Cabinet-28/trial_T20190907_035752_332060,2,,,,
270,put a hot plate in cabinet.,"plate, microwave",put,TRANSFORM,,Plates cannot be placed inside the microwave; they must be heated while held.,CANDIDATE,pick_heat_then_place_in_recep-Plate-None-Cabinet-28/trial_T20190907_035752_332060,2,,,,
271,put a hot plate in cabinet.,"plate, cabinet, countertop","heat, put",PLACE,,"Avoid heating plates while holding them, as it leads to an unrecoverable state where they cannot be placed.",CANDIDATE,pick_heat_then_place_in_recep-Plate-None-Cabinet-28/trial_T20190907_035752_332060,2,,,,
272,put a hot plate in cabinet.,plate,take,ACQUIRE,,Ensure the currently held item can be placed before attempting to acquire new items.,CANDIDATE,pick_heat_then_place_in_recep-Plate-None-Cabinet-28/trial_T20190907_035752_332060,2,,,,
273,put a hot plate in cabinet.,"stoveburner, pan, pot, plate",take,TRANSFORM,,Place down the currently held item before attempting to clear an occupied stoveburner.,CANDIDATE,pick_heat_then_place_in_recep-Plate-None-Cabinet-28/trial_T20190907_035752_332060,3,,,,
274,put a hot plate in cabinet.,"microwave, plate",close,TRANSFORM,,Place down the held item before attempting to close the microwave.,CANDIDATE,pick_heat_then_place_in_recep-Plate-None-Cabinet-28/trial_T20190907_035752_332060,4,,,,
275,put a hot plate in cabinet.,"plate, stoveburner",heat,TRANSFORM,,Place the plate on an empty stoveburner before heating it.,CANDIDATE,pick_heat_then_place_in_recep-Plate-None-Cabinet-28/trial_T20190907_035752_332060,4,,,,
276,heat some plate and put it in countertop.,cabinet,open,SEARCH,,Always navigate to the cabinet's location before attempting to open it.,VALID_NEXT_TRIAL,pick_heat_then_place_in_recep-Plate-None-CounterTop-1/trial_T20190909_115633_911483,1,,pick_heat_then_place_in_recep-Plate-None-CounterTop-1/trial_T20190909_115633_911483,2,
277,heat some plate and put it in countertop.,"plate, microwave",heat,TRANSFORM,,Successfully heat the plate using the microwave by going to it and using the heat command.,VALID_NEXT_TRIAL,pick_heat_then_place_in_recep-Plate-None-CounterTop-1/trial_T20190909_115633_911483,1,,pick_heat_then_place_in_recep-Plate-None-CounterTop-1/trial_T20190909_115633_911483,4,
278,heat some plate and put it in countertop.,microwave,open,TRANSFORM,,The microwave is not an openable container; do not attempt to open it.,VALID_NEXT_TRIAL,pick_heat_then_place_in_recep-Plate-None-CounterTop-1/trial_T20190909_115633_911483,1,,pick_heat_then_place_in_recep-Plate-None-CounterTop-1/trial_T20190909_115633_911483,4,
279,heat some plate and put it in countertop.,"plate, stoveburner","heat, turn on, toggle",TRANSFORM,,The stoveburner is not an activatable appliance for heating plates; do not attempt to use it.,CANDIDATE,pick_heat_then_place_in_recep-Plate-None-CounterTop-1/trial_T20190909_115633_911483,1,,,,
280,heat some plate and put it in countertop.,"plate, countertop",move,PLACE,,Navigate to the target receptacle's location before attempting to move an object to it.,VALID_SAME_TRIAL,pick_heat_then_place_in_recep-Plate-None-CounterTop-1/trial_T20190909_115633_911483,1,,pick_heat_then_place_in_recep-Plate-None-CounterTop-1/trial_T20190909_115633_911483,1,
281,heat some plate and put it in countertop.,"plate, countertop","put, move",PLACE,,Use the 'move [object] to [location]' command instead of 'put [object] in [location]' to place items.,VALID_SAME_TRIAL,pick_heat_then_place_in_recep-Plate-None-CounterTop-1/trial_T20190909_115633_911483,1,,pick_heat_then_place_in_recep-Plate-None-CounterTop-1/trial_T20190909_115633_911483,1,
282,heat some plate and put it in countertop.,"plate, cabinet",take,ACQUIRE,,Put down the currently held object and navigate to the target object's location before attempting to take it.,VALID_SAME_TRIAL,pick_heat_then_place_in_recep-Plate-None-CounterTop-1/trial_T20190909_115633_911483,2,,pick_heat_then_place_in_recep-Plate-None-CounterTop-1/trial_T20190909_115633_911483,2,
283,heat some plate and put it in countertop.,cabinet,open,SEARCH,,Some cabinets are not interactive or openable; skip them if 'open' command fails.,CANDIDATE,pick_heat_then_place_in_recep-Plate-None-CounterTop-1/trial_T20190909_115633_911483,2,,,,
284,heat some plate and put it in countertop.,drawer,open,SEARCH,,Drawers are not openable containers; do not attempt to open them.,CANDIDATE,pick_heat_then_place_in_recep-Plate-None-CounterTop-1/trial_T20190909_115633_911483,4,,,,
285,heat some plate and put it in countertop.,fridge,open,SEARCH,,The fridge is not an openable container; do not attempt to open it.,CANDIDATE,pick_heat_then_place_in_recep-Plate-None-CounterTop-1/trial_T20190909_115633_911483,4,,,,
286,heat some plate and put it in countertop.,shelf,open,SEARCH,,Shelves are not openable containers; do not attempt to open them.,CANDIDATE,pick_heat_then_place_in_recep-Plate-None-CounterTop-1/trial_T20190909_115633_911483,4,,,,
287,put a hot plate in countertop.,"plate, microwave","heat, open",TRANSFORM,,Navigate to the appliance's location before attempting to interact with it.,VALID_SAME_TRIAL,pick_heat_then_place_in_recep-Plate-None-CounterTop-28/trial_T20190907_180330_211175,1,,pick_heat_then_place_in_recep-Plate-None-CounterTop-28/trial_T20190907_180330_211175,1,
288,put a hot plate in countertop.,"plate, microwave","put, heat",TRANSFORM,,Heat an object directly with the microwave when it is in hand.,VALID_NEXT_TRIAL,pick_heat_then_place_in_recep-Plate-None-CounterTop-28/trial_T20190907_180330_211175,1,,pick_heat_then_place_in_recep-Plate-None-CounterTop-28/trial_T20190907_180330_211175,4,
289,put a hot plate in countertop.,"plate, stoveburner","put, heat",TRANSFORM,,Use the microwave to heat the plate directly while holding it.,VALID_NEXT_TRIAL,pick_heat_then_place_in_recep-Plate-None-CounterTop-28/trial_T20190907_180330_211175,1,,pick_heat_then_place_in_recep-Plate-None-CounterTop-28/trial_T20190907_180330_211175,4,
290,put a hot plate in countertop.,"cabinet, drawer, fridge",open,SEARCH,,Always navigate to a container's location before attempting to open it.,VALID_SAME_TRIAL,pick_heat_then_place_in_recep-Plate-None-CounterTop-28/trial_T20190907_180330_211175,2,,pick_heat_then_place_in_recep-Plate-None-CounterTop-28/trial_T20190907_180330_211175,2,
291,put a hot plate in countertop.,cabinet,open,SEARCH,,,CANDIDATE,pick_heat_then_place_in_recep-Plate-None-CounterTop-28/trial_T20190907_180330_211175,3,,,0,
292,put a hot plate in countertop.,plate,heat,TRANSFORM,,Heat an object directly with the microwave when it is in hand.,VALID_NEXT_TRIAL,pick_heat_then_place_in_recep-Plate-None-CounterTop-28/trial_T20190907_180330_211175,3,,pick_heat_then_place_in_recep-Plate-None-CounterTop-28/trial_T20190907_180330_211175,4,
293,put a hot plate in countertop.,"plate, countertop","move, place",PLACE,,Navigate to the target receptacle before attempting to place an object on it.,VALID_SAME_TRIAL,pick_heat_then_place_in_recep-Plate-None-CounterTop-28/trial_T20190907_180330_211175,4,,pick_heat_then_place_in_recep-Plate-None-CounterTop-28/trial_T20190907_180330_211175,4,
294,heat some plate and put it in countertop.,"plate, microwave",heat,TRANSFORM,,"To heat an object, go to the microwave, open it, and then use the 'heat' command.",VALID_NEXT_TRIAL,pick_heat_then_place_in_recep-Plate-None-CounterTop-7,1,,pick_heat_then_place_in_recep-Plate-None-CounterTop-7,2,
295,heat some plate and put it in countertop.,microwave,open,RECOVER,,Go to the appliance's location before attempting to open it.,VALID_NEXT_TRIAL,pick_heat_then_place_in_recep-Plate-None-CounterTop-7,1,,pick_heat_then_place_in_recep-Plate-None-CounterTop-7,2,
296,heat some plate and put it in countertop.,"cabinet, plate","open, search",SEARCH,,"If cabinets are inaccessible or empty, search for the object in alternative locations like countertops.",VALID_SAME_TRIAL,pick_heat_then_place_in_recep-Plate-None-CounterTop-7,2,,pick_heat_then_place_in_recep-Plate-None-CounterTop-7,2,
297,heat some plate and put it in countertop.,"plate, stoveburner",put,PLACE,,"Place the plate on a countertop, not a stoveburner, as stoveburners are not suitable receptacles.",VALID_SAME_TRIAL,pick_heat_then_place_in_recep-Plate-None-CounterTop-7,2,,pick_heat_then_place_in_recep-Plate-None-CounterTop-7,2,
298,heat some plate and put it in countertop.,"plate, microwave",put,TRANSFORM,,Directly use the 'heat' command on the object with the microwave; explicit 'put in' might not be required.,VALID_SAME_TRIAL,pick_heat_then_place_in_recep-Plate-None-CounterTop-7,2,,pick_heat_then_place_in_recep-Plate-None-CounterTop-7,2,
299,heat some potato and put it in garbagecan.,fridge,open,SEARCH,,Go to the container's location before attempting to open it.,VALID_NEXT_TRIAL,pick_heat_then_place_in_recep-Potato-None-GarbageCan-3,1,,pick_heat_then_place_in_recep-Potato-None-GarbageCan-3,2,
300,heat some potato and put it in garbagecan.,cabinet,open,SEARCH,,Go to the container's location before attempting to open it.,VALID_SAME_TRIAL,pick_heat_then_place_in_recep-Potato-None-GarbageCan-3,2,,pick_heat_then_place_in_recep-Potato-None-GarbageCan-3,2,
301,heat some potato and put it in garbagecan.,"potato, microwave",heat,TRANSFORM,,Go to the appliance's location before attempting to use it for transformation.,VALID_SAME_TRIAL,pick_heat_then_place_in_recep-Potato-None-GarbageCan-3,2,,pick_heat_then_place_in_recep-Potato-None-GarbageCan-3,2,
302,heat some potato and put it in garbagecan.,microwave,open,TRANSFORM,,Go to the appliance's location before attempting to open it.,VALID_SAME_TRIAL,pick_heat_then_place_in_recep-Potato-None-GarbageCan-3,2,,pick_heat_then_place_in_recep-Potato-None-GarbageCan-3,2,
303,heat some potato and put it in garbagecan.,"potato, microwave","put, heat",TRANSFORM,,"Use the specific 'heat' command with the item and appliance, rather than 'put' to initiate heating.",VALID_SAME_TRIAL,pick_heat_then_place_in_recep-Potato-None-GarbageCan-3,2,,pick_heat_then_place_in_recep-Potato-None-GarbageCan-3,2,
304,heat some potato and put it in garbagecan.,microwave,close,RECOVER,,Avoid closing an appliance if the next action requires it to be open.,VALID_SAME_TRIAL,pick_heat_then_place_in_recep-Potato-None-GarbageCan-3,2,,pick_heat_then_place_in_recep-Potato-None-GarbageCan-3,2,
305,put a hot tomato in garbagecan.,fridge,open,SEARCH,,"When containers fail to open, search open surfaces like countertops for the target object.",VALID_NEXT_TRIAL,pick_heat_then_place_in_recep-Tomato-None-GarbageCan-16/trial_T20190906_171701_034036,1,,pick_heat_then_place_in_recep-Tomato-None-GarbageCan-16/trial_T20190906_171701_034036,2,
306,put a hot tomato in garbagecan.,"drawer, cabinet",open,SEARCH,,Prioritize checking open surfaces like countertops for objects when container 'open' actions fail.,VALID_SAME_TRIAL,pick_heat_then_place_in_recep-Tomato-None-GarbageCan-16/trial_T20190906_171701_034036,2,,pick_heat_then_place_in_recep-Tomato-None-GarbageCan-16/trial_T20190906_171701_034036,2,
307,put a hot tomato in garbagecan.,"tomato, microwave","put, heat",TRANSFORM,,Use the specific 'heat' verb directly with the object and microwave to heat it.,VALID_SAME_TRIAL,pick_heat_then_place_in_recep-Tomato-None-GarbageCan-16/trial_T20190906_171701_034036,2,,pick_heat_then_place_in_recep-Tomato-None-GarbageCan-16/trial_T20190906_171701_034036,2,
308,put a hot tomato in sidetable.,fridge,open,ACQUIRE,,Go to the fridge before attempting to open it.,VALID_NEXT_TRIAL,pick_heat_then_place_in_recep-Tomato-None-SideTable-3/trial_T20190907_140859_097831,1,,pick_heat_then_place_in_recep-Tomato-None-SideTable-3/trial_T20190907_140859_097831,2,
309,put a hot tomato in sidetable.,cabinet,open,ACQUIRE,,Search for the object on the countertop after failing to open the cabinet.,VALID_SAME_TRIAL,pick_heat_then_place_in_recep-Tomato-None-SideTable-3/trial_T20190907_140859_097831,2,,pick_heat_then_place_in_recep-Tomato-None-SideTable-3/trial_T20190907_140859_097831,2,
310,put a hot tomato in sidetable.,cabinet,look in,SEARCH,,Search for the object on the countertop after failing to look in the cabinet.,VALID_SAME_TRIAL,pick_heat_then_place_in_recep-Tomato-None-SideTable-3/trial_T20190907_140859_097831,2,,pick_heat_then_place_in_recep-Tomato-None-SideTable-3/trial_T20190907_140859_097831,2,
311,put a hot tomato in sidetable.,fridge,open,ACQUIRE,,Go to the fridge before attempting to open it.,VALID_SAME_TRIAL,pick_heat_then_place_in_recep-Tomato-None-SideTable-3/trial_T20190907_140859_097831,2,,pick_heat_then_place_in_recep-Tomato-None-SideTable-3/trial_T20190907_140859_097831,2,
312,put a hot tomato in sidetable.,fridge,look in,SEARCH,,Search for the object on the countertop after failing to find it in the fridge.,VALID_SAME_TRIAL,pick_heat_then_place_in_recep-Tomato-None-SideTable-3/trial_T20190907_140859_097831,2,,pick_heat_then_place_in_recep-Tomato-None-SideTable-3/trial_T20190907_140859_097831,2,
313,put a hot tomato in sidetable.,microwave,heat,TRANSFORM,,Go to the microwave and open it before heating an object.,VALID_SAME_TRIAL,pick_heat_then_place_in_recep-Tomato-None-SideTable-3/trial_T20190907_140859_097831,2,,pick_heat_then_place_in_recep-Tomato-None-SideTable-3/trial_T20190907_140859_097831,2,
314,put a hot tomato in sidetable.,"tomato, sidetable",put,PLACE,,Use 'move' command to place an object into a receptacle.,VALID_SAME_TRIAL,pick_heat_then_place_in_recep-Tomato-None-SideTable-3/trial_T20190907_140859_097831,2,,pick_heat_then_place_in_recep-Tomato-None-SideTable-3/trial_T20190907_140859_097831,2,
315,put two alarmclock in desk.,desk,go,SEARCH,,Avoid redundant 'go to' commands; proceed with the next task action once at the target location.,VALID_NEXT_TRIAL,pick_two_obj_and_place-AlarmClock-None-Desk-307/trial_T20190907_013752_725369,1,,pick_two_obj_and_place-AlarmClock-None-Desk-307/trial_T20190907_013752_725369,2,
316,put two alarmclock in dresser.,drawer,open,TRANSFORM,,Do not attempt to open objects that are not closed containers.,VALID_SAME_TRIAL,pick_two_obj_and_place-AlarmClock-None-Dresser-305/trial_T20190907_165758_902037,1,,pick_two_obj_and_place-AlarmClock-None-Dresser-305/trial_T20190907_165758_902037,1,
317,put two alarmclock in dresser.,drawer,go to,SEARCH,,"If 'go to' action results in 'Nothing happens', proceed to check the next potential location.",VALID_SAME_TRIAL,pick_two_obj_and_place-AlarmClock-None-Dresser-305/trial_T20190907_165758_902037,1,,pick_two_obj_and_place-AlarmClock-None-Dresser-305/trial_T20190907_165758_902037,1,
318,put two alarmclock in dresser.,"alarmclock, dresser",move,PLACE,,Ensure agent is at the target location before attempting to 'move' an object to it.,VALID_SAME_TRIAL,pick_two_obj_and_place-AlarmClock-None-Dresser-305/trial_T20190907_165758_902037,1,,pick_two_obj_and_place-AlarmClock-None-Dresser-305/trial_T20190907_165758_902037,1,
319,put two alarmclock in dresser.,"alarmclock, dresser",put,PLACE,,"Use 'move' action for placing objects on surfaces, not 'put'.",VALID_SAME_TRIAL,pick_two_obj_and_place-AlarmClock-None-Dresser-305/trial_T20190907_165758_902037,1,,pick_two_obj_and_place-AlarmClock-None-Dresser-305/trial_T20190907_165758_902037,1,
320,put two alarmclock in shelf.,"alarmclock, shelf","pick, place",SEARCH,,Check alternative locations like desk 1 when the object is not found at the primary search spot.,VALID_SAME_TRIAL,pick_two_obj_and_place-AlarmClock-None-Shelf-316/trial_T20190909_010429_853588,1,,pick_two_obj_and_place-AlarmClock-None-Shelf-316/trial_T20190909_010429_853588,1,
321,find two book and put them in drawer.,drawer,go to,SEARCH,,"If 'go to' a location consistently fails, assume it's inaccessible and prioritize searching other locations.",CANDIDATE,pick_two_obj_and_place-Book-None-Drawer-307,1,,pick_two_obj_and_place-Book-None-Drawer-307,3,
322,find two book and put them in drawer.,"book, drawer","move, put",PLACE,,Always navigate to the target container using 'go to' before attempting to place an object inside.,VALID_SAME_TRIAL,pick_two_obj_and_place-Book-None-Drawer-307,1,,pick_two_obj_and_place-Book-None-Drawer-307,1,
323,find two book and put them in drawer.,"book, bed",take,ACQUIRE,,"Attempt to take different book IDs from bed 1, as some may be pickable despite initial failures.",VALID_NEXT_TRIAL,pick_two_obj_and_place-Book-None-Drawer-307,2,,pick_two_obj_and_place-Book-None-Drawer-307,6,
324,find two book and put them in drawer.,drawer,open,SEARCH,,"If 'open' a container fails, consider it unopenable and adjust search strategy to other locations.",CANDIDATE,pick_two_obj_and_place-Book-None-Drawer-307,4,,pick_two_obj_and_place-Book-None-Drawer-307,4,
325,find two book and put them in drawer.,"garbagecan, laundryhamper",open,SEARCH,,"If 'open' a container fails, consider it unopenable and adjust search strategy to other locations.",CANDIDATE,pick_two_obj_and_place-Book-None-Drawer-307,4,,pick_two_obj_and_place-Book-None-Drawer-307,4,
326,find two bowl and put them in dresser.,"Bowl, Dresser","move, go to",PLACE,,Go to the target location (dresser 1) before attempting to move an object there.,VALID_SAME_TRIAL,pick_two_obj_and_place-Bowl-None-Dresser-327,1,,pick_two_obj_and_place-Bowl-None-Dresser-327,1,
327,find two bowl and put them in dresser.,"Bowl, Dresser","move, go to",PLACE,,Go to the target location (dresser 1) before attempting to move an object there.,VALID_SAME_TRIAL,pick_two_obj_and_place-Bowl-None-Dresser-327,1,,pick_two_obj_and_place-Bowl-None-Dresser-327,1,
328,put two cd in dresser.,drawer,go,SEARCH,,"Successfully navigated to other drawers (3, 4, 5) by using the 'go to' command on valid targets.",VALID_SAME_TRIAL,pick_two_obj_and_place-CD-None-Dresser-303,1,,pick_two_obj_and_place-CD-None-Dresser-303,1,
329,put two cd in dresser.,drawer,open,SEARCH,,Successfully opened 'drawer 3' by using the 'open' command on an accessible drawer.,VALID_SAME_TRIAL,pick_two_obj_and_place-CD-None-Dresser-303,1,,pick_two_obj_and_place-CD-None-Dresser-303,1,
330,put two cd in dresser.,"cd, dresser",move,PLACE,,"Re-attempted the 'move' action after re-going to the target location, which resolved the issue.",VALID_SAME_TRIAL,pick_two_obj_and_place-CD-None-Dresser-303,1,,pick_two_obj_and_place-CD-None-Dresser-303,1,
331,find two candle and put them in cabinet.,candle,take,ACQUIRE,,Place the currently held object into the target container before attempting to pick up another.,VALID_SAME_TRIAL,pick_two_obj_and_place-Candle-None-Cabinet-403/trial_T20190909_065841_838469,1,,pick_two_obj_and_place-Candle-None-Cabinet-403/trial_T20190909_065841_838469,1,
332,put two candle in drawer.,"candle, drawer",place,PLACE,,"When a target container is full or fails to accept an item, find and use an alternative empty container.",VALID_SAME_TRIAL,pick_two_obj_and_place-Candle-None-Drawer-427/trial_T20190909_043940_867553,1,,pick_two_obj_and_place-Candle-None-Drawer-427/trial_T20190909_043940_867553,1,
333,put two candle in drawer.,task,finish,RECOVER,,The task completes automatically when all conditions are met; explicit 'finish' or descriptive commands are not required.,VALID_NEXT_TRIAL,pick_two_obj_and_place-Candle-None-Drawer-427/trial_T20190909_043940_867553,1,,pick_two_obj_and_place-Candle-None-Drawer-427/trial_T20190909_043940_867553,2,
334,find two cellphone and put them in drawer.,drawer,open,SEARCH,,Always open a closed drawer before attempting to access its contents.,VALID_SAME_TRIAL,pick_two_obj_and_place-CellPhone-None-Drawer-329/trial_T20190909_030006_191201,1,,pick_two_obj_and_place-CellPhone-None-Drawer-329/trial_T20190909_030006_191201,1,
335,find two cellphone and put them in drawer.,cellphone,pick,SEARCH,,Expand search to other potential locations like diningtable or bed if initial locations are empty.,VALID_SAME_TRIAL,pick_two_obj_and_place-CellPhone-None-Drawer-329/trial_T20190909_030006_191201,1,,pick_two_obj_and_place-CellPhone-None-Drawer-329/trial_T20190909_030006_191201,1,
336,find two cellphone and put them in drawer.,"cellphone, drawer","move, open",PLACE,,Ensure the target container is open before attempting to place an object inside.,VALID_NEXT_TRIAL,pick_two_obj_and_place-CellPhone-None-Drawer-329/trial_T20190909_030006_191201,1,,pick_two_obj_and_place-CellPhone-None-Drawer-329/trial_T20190909_030006_191201,2,
337,find two cellphone and put them in drawer.,"cellphone, drawer","move, go",PLACE,,Navigate to the target location before attempting to move an object into it.,VALID_SAME_TRIAL,pick_two_obj_and_place-CellPhone-None-Drawer-329/trial_T20190909_030006_191201,2,,pick_two_obj_and_place-CellPhone-None-Drawer-329/trial_T20190909_030006_191201,2,
338,find two creditcard and put them in sofa.,drawer,open,ACQUIRE,,Always open a container before attempting to check its contents.,VALID_SAME_TRIAL,pick_two_obj_and_place-CreditCard-None-Sofa-216,1,,pick_two_obj_and_place-CreditCard-None-Sofa-216,1,
339,find two creditcard and put them in sofa.,creditcard,"go to, open",SEARCH,,Expand search to alternative locations until the target object is found.,VALID_SAME_TRIAL,pick_two_obj_and_place-CreditCard-None-Sofa-216,1,,pick_two_obj_and_place-CreditCard-None-Sofa-216,1,
340,find two egg and put them in microwave.,fridge,open,ACQUIRE,,Always open a fridge before attempting to take items from it.,VALID_SAME_TRIAL,pick_two_obj_and_place-Egg-None-Microwave-30/trial_T20190907_163255_256147,1,,pick_two_obj_and_place-Egg-None-Microwave-30/trial_T20190907_163255_256147,1,
341,find two egg and put them in microwave.,microwave,open,PLACE,,Always open a microwave before attempting to place items inside.,VALID_SAME_TRIAL,pick_two_obj_and_place-Egg-None-Microwave-30/trial_T20190907_163255_256147,1,,pick_two_obj_and_place-Egg-None-Microwave-30/trial_T20190907_163255_256147,1,
342,put two keychain in drawer.,drawer,go,SEARCH,,"Persist with 'go to' action for a location, as it may succeed on retry.",VALID_NEXT_TRIAL,pick_two_obj_and_place-KeyChain-None-Drawer-317/trial_T20190912_073129_052747,1,,pick_two_obj_and_place-KeyChain-None-Drawer-317/trial_T20190912_073129_052747,2,
343,put two keychain in drawer.,keychain,take,ACQUIRE,,"To acquire multiple items, pick up one, place it, then return to pick up the next.",VALID_SAME_TRIAL,pick_two_obj_and_place-KeyChain-None-Drawer-317/trial_T20190912_073129_052747,2,,pick_two_obj_and_place-KeyChain-None-Drawer-317/trial_T20190912_073129_052747,2,
344,put two keychain in drawer.,"keychain, drawer","move, put",PLACE,,Go to the target container and ensure it is open before attempting to move an item into it.,VALID_SAME_TRIAL,pick_two_obj_and_place-KeyChain-None-Drawer-317/trial_T20190912_073129_052747,2,,pick_two_obj_and_place-KeyChain-None-Drawer-317/trial_T20190912_073129_052747,2,
345,find two newspaper and put them in sofa.,newspaper,"pick, place",SEARCH,,"When an object is not found in a previously successful location, expand search to new, likely container types.",VALID_SAME_TRIAL,pick_two_obj_and_place-Newspaper-None-Sofa-212,1,,pick_two_obj_and_place-Newspaper-None-Sofa-212,1,
346,find two newspaper and put them in sofa.,newspaper,"pick, place",SEARCH,,"When 'look around' is ineffective, continue searching by moving to new, unexamined locations.",VALID_SAME_TRIAL,pick_two_obj_and_place-Newspaper-None-Sofa-212,1,,pick_two_obj_and_place-Newspaper-None-Sofa-212,1,
347,find two pillow and put them in ottoman.,"Pillow, Ottoman","pick, place",PLACE,,Go to the target container's location before attempting to place an object into it.,VALID_SAME_TRIAL,pick_two_obj_and_place-Pillow-None-Ottoman-208/trial_T20190908_091434_545645,1,,pick_two_obj_and_place-Pillow-None-Ottoman-208/trial_T20190908_091434_545645,1,
348,find two saltshaker and put them in drawer.,"saltshaker, drawer",move,PLACE,,Navigate to the target container's location before attempting to move an object into it.,VALID_SAME_TRIAL,pick_two_obj_and_place-SaltShaker-None-Drawer-12,1,,pick_two_obj_and_place-SaltShaker-None-Drawer-12,1,
349,find two saltshaker and put them in drawer.,"saltshaker, drawer",put,PLACE,,Use the 'move [item] to [container]' command for placing a held object into a container.,VALID_SAME_TRIAL,pick_two_obj_and_place-SaltShaker-None-Drawer-12,1,,pick_two_obj_and_place-SaltShaker-None-Drawer-12,1,
350,put two soapbar in cabinet.,cabinet,open,ACQUIRE,,Go to the cabinet's location before attempting to open it.,VALID_SAME_TRIAL,pick_two_obj_and_place-SoapBar-None-Cabinet-428/trial_T20190909_013318_053714,1,,pick_two_obj_and_place-SoapBar-None-Cabinet-428/trial_T20190909_013318_053714,1,
351,put two soapbar in cabinet.,cabinet,look,SEARCH,,Open the cabinet first before attempting to look inside it.,VALID_SAME_TRIAL,pick_two_obj_and_place-SoapBar-None-Cabinet-428/trial_T20190909_013318_053714,1,,pick_two_obj_and_place-SoapBar-None-Cabinet-428/trial_T20190909_013318_053714,1,
352,put two soapbar in cabinet.,cabinet,look,SEARCH,,"Rely on the observation from 'open' action for cabinet contents, as 'look in' is ineffective.",VALID_SAME_TRIAL,pick_two_obj_and_place-SoapBar-None-Cabinet-428/trial_T20190909_013318_053714,1,,pick_two_obj_and_place-SoapBar-None-Cabinet-428/trial_T20190909_013318_053714,1,
353,put two soapbar in cabinet.,"soapbar, toilet",take,ACQUIRE,,"Persist in attempting to take objects from locations where they are visible, as they may eventually become pickable.",VALID_NEXT_TRIAL,pick_two_obj_and_place-SoapBar-None-Cabinet-428/trial_T20190909_013318_053714,1,,pick_two_obj_and_place-SoapBar-None-Cabinet-428/trial_T20190909_013318_053714,5,
354,put two soapbar in cabinet.,"soapbar, cabinet",move,PLACE,,Always go to the target container before attempting to move an item into it.,VALID_SAME_TRIAL,pick_two_obj_and_place-SoapBar-None-Cabinet-428/trial_T20190909_013318_053714,2,,pick_two_obj_and_place-SoapBar-None-Cabinet-428/trial_T20190909_013318_053714,2,
355,put two soapbar in cabinet.,"soapbar, cabinet",put,PLACE,,Verify item placement after 'move' action and avoid redundant 'put' commands.,VALID_SAME_TRIAL,pick_two_obj_and_place-SoapBar-None-Cabinet-428/trial_T20190909_013318_053714,2,,pick_two_obj_and_place-SoapBar-None-Cabinet-428/trial_T20190909_013318_053714,2,
356,find two soapbottle and put them in cart.,"soapbottle, bathtubbasin, sinkbasin, shelf, cart, garbagecan","search, find",SEARCH,,Expand search to less common locations like garbagecan when primary locations are empty.,VALID_SAME_TRIAL,pick_two_obj_and_place-SoapBottle-None-Cart-401,1,,pick_two_obj_and_place-SoapBottle-None-Cart-401,1,
357,find two soapbottle and put them in cart.,"soapbottle, cart","move, go",PLACE,,Go to the target location before attempting to place an object into it.,VALID_SAME_TRIAL,pick_two_obj_and_place-SoapBottle-None-Cart-401,1,,pick_two_obj_and_place-SoapBottle-None-Cart-401,1,
358,find two soapbottle and put them in cart.,"soapbottle, cart","put, move",PLACE,,Use 'move' command instead of 'put' to place an object into a container.,VALID_SAME_TRIAL,pick_two_obj_and_place-SoapBottle-None-Cart-401,1,,pick_two_obj_and_place-SoapBottle-None-Cart-401,1,
359,find two soapbottle and put them in cart.,"soapbottle, garbagecan, toilet","search, find",SEARCH,,Continue expanding search to less obvious locations like toilet when primary locations are exhausted.,VALID_SAME_TRIAL,pick_two_obj_and_place-SoapBottle-None-Cart-401,1,,pick_two_obj_and_place-SoapBottle-None-Cart-401,1,
360,put two spraybottle in toilet.,"spraybottle, cabinet, countertop","go, open",SEARCH,,"Prioritize checking countertops for spraybottle, as they are more likely locations.",VALID_NEXT_TRIAL,pick_two_obj_and_place-SprayBottle-None-Toilet-422,1,,pick_two_obj_and_place-SprayBottle-None-Toilet-422,2,
361,put two spraybottle in toilet.,toilet,go,PLACE,,Successfully navigate to 'toilet 1' by using 'go to toilet 1'.,VALID_NEXT_TRIAL,pick_two_obj_and_place-SprayBottle-None-Toilet-422,1,,pick_two_obj_and_place-SprayBottle-None-Toilet-422,4,
362,put two spraybottle in toilet.,"spraybottle, toilet, toiletbasin","move, put, drop",PLACE,,Successfully place spraybottle into 'toilet 1' after navigating to the toilet.,VALID_NEXT_TRIAL,pick_two_obj_and_place-SprayBottle-None-Toilet-422,1,,pick_two_obj_and_place-SprayBottle-None-Toilet-422,4,
363,put two spraybottle in toilet.,drawer,open,RECOVER,,No successful action found to open 'drawer 1' across trials.,CANDIDATE,pick_two_obj_and_place-SprayBottle-None-Toilet-422,2,,pick_two_obj_and_place-SprayBottle-None-Toilet-422,2,
364,put two spraybottle in toilet.,spraybottle,"drop, move",PLACE,,"Use 'move [object] to [container]' to place items, as 'drop' may not be supported or effective.",VALID_SAME_TRIAL,pick_two_obj_and_place-SprayBottle-None-Toilet-422,2,,pick_two_obj_and_place-SprayBottle-None-Toilet-422,2,
365,put two spraybottle in toilet.,spraybottle,take,ACQUIRE,,Ensure the first item is successfully placed before attempting to pick up a second item.,VALID_SAME_TRIAL,pick_two_obj_and_place-SprayBottle-None-Toilet-422,2,,pick_two_obj_and_place-SprayBottle-None-Toilet-422,2,
366,put two spraybottle in toilet.,"spraybottle, toilet",move,PLACE,,Ensure agent is at the target container's location before attempting to place an item into it.,VALID_SAME_TRIAL,pick_two_obj_and_place-SprayBottle-None-Toilet-422,4,,pick_two_obj_and_place-SprayBottle-None-Toilet-422,4,
367,put two toiletpaper in shelf.,cabinet,open,SEARCH,,Open the container to access its contents and continue searching.,VALID_SAME_TRIAL,pick_two_obj_and_place-ToiletPaper-None-Shelf-422/trial_T20190908_065858_170962,1,,pick_two_obj_and_place-ToiletPaper-None-Shelf-422/trial_T20190908_065858_170962,1,
368,put two toiletpaper in shelf.,toiletpaper,"go to, take",SEARCH,,Continue searching other potential locations for the toiletpaper.,VALID_SAME_TRIAL,pick_two_obj_and_place-ToiletPaper-None-Shelf-422/trial_T20190908_065858_170962,1,,pick_two_obj_and_place-ToiletPaper-None-Shelf-422/trial_T20190908_065858_170962,1,
369,put two toiletpaper in shelf.,toiletpaper,"go to, take",SEARCH,,Continue searching other potential locations for the toiletpaper.,VALID_SAME_TRIAL,pick_two_obj_and_place-ToiletPaper-None-Shelf-422/trial_T20190908_065858_170962,1,,pick_two_obj_and_place-ToiletPaper-None-Shelf-422/trial_T20190908_065858_170962,1,
370,put two toiletpaper in shelf.,toiletpaper,"go to, take",SEARCH,,Continue searching other potential locations for the toiletpaper.,VALID_SAME_TRIAL,pick_two_obj_and_place-ToiletPaper-None-Shelf-422/trial_T20190908_065858_170962,1,,pick_two_obj_and_place-ToiletPaper-None-Shelf-422/trial_T20190908_065858_170962,1,
371,examine the cellphone with the desklamp.,"cellphone, desklamp",examine,TRANSFORM,,Turn on the desklamp using the 'use' command before attempting to examine objects with it.,VALID_SAME_TRIAL,look_at_obj_in_light-CellPhone-None-DeskLamp-316/trial_T20190907_075452_465579,1,,look_at_obj_in_light-CellPhone-None-DeskLamp-316/trial_T20190907_075452_465579,1,
372,examine the cellphone with the desklamp.,"cellphone, desklamp",examine,TRANSFORM,,Acquire the object (cellphone) by taking it before attempting to examine it with another object.,VALID_SAME_TRIAL,look_at_obj_in_light-CellPhone-None-DeskLamp-316/trial_T20190907_075452_465579,1,,look_at_obj_in_light-CellPhone-None-DeskLamp-316/trial_T20190907_075452_465579,1,
373,look at laptop under the desklamp.,drawer,go to,SEARCH,,"When 'go to' fails for a container, try to interact directly with 'open' to access its contents.",VALID_NEXT_TRIAL,look_at_obj_in_light-Laptop-None-DeskLamp-323/trial_T20190908_014226_839563,1,,look_at_obj_in_light-Laptop-None-DeskLamp-323/trial_T20190908_014226_839563,2,
374,look at laptop under the desklamp.,"laptop, desklamp, desk","place, put",PLACE,,"To fulfill 'under the desklamp' condition, ensure the object is in the same location as the desklamp and activate the desklamp, rather than explicitly 'placing' it.",VALID_NEXT_TRIAL,look_at_obj_in_light-Laptop-None-DeskLamp-323/trial_T20190908_014226_839563,5,,look_at_obj_in_light-Laptop-None-DeskLamp-323/trial_T20190908_014226_839563,6,
375,examine the pillow with the desklamp.,"Pillow, DeskLamp",examine,TRANSFORM,,Turn on the desklamp before attempting to examine objects with it.,VALID_SAME_TRIAL,look_at_obj_in_light-Pillow-None-DeskLamp-306/trial_T20190909_075045_578840,1,,look_at_obj_in_light-Pillow-None-DeskLamp-306/trial_T20190909_075045_578840,1,
376,put a pencil in sidetable.,"pencil, sidetable","pick, place",SEARCH,,Systematically search alternative locations like drawer 2 to locate the object.,VALID_SAME_TRIAL,pick_and_place_simple-Pencil-None-SideTable-309/trial_T20190909_040329_875526,1,,pick_and_place_simple-Pencil-None-SideTable-309/trial_T20190909_040329_875526,1,
377,put a clean ladle in countertop.,"ladle, countertop","pick, clean, place",SEARCH,,"Expand search to all possible locations, including less obvious ones like countertops.",VALID_NEXT_TRIAL,pick_clean_then_place_in_recep-Ladle-None-CounterTop-8/trial_T20190909_121931_494324,1,,pick_clean_then_place_in_recep-Ladle-None-CounterTop-8/trial_T20190909_121931_494324,6,
378,put a clean ladle in countertop.,cabinet,"go, open",SEARCH,,"If 'go to' fails for a container, attempt to 'open' it directly if already in the vicinity.",VALID_SAME_TRIAL,pick_clean_then_place_in_recep-Ladle-None-CounterTop-8/trial_T20190909_121931_494324,2,,pick_clean_then_place_in_recep-Ladle-None-CounterTop-8/trial_T20190909_121931_494324,2,
379,cool some lettuce and put it in diningtable.,fridge,"cool, open",RECOVER,,Open the fridge before attempting to cool items inside it.,VALID_SAME_TRIAL,pick_cool_then_place_in_recep-Lettuce-None-DiningTable-21/trial_T20190909_045142_232083,1,,pick_cool_then_place_in_recep-Lettuce-None-DiningTable-21/trial_T20190909_045142_232083,1,
380,cool some lettuce and put it in diningtable.,"lettuce, diningtable","place, move, go",PLACE,,Navigate to the target location before attempting to place an item there.,VALID_SAME_TRIAL,pick_cool_then_place_in_recep-Lettuce-None-DiningTable-21/trial_T20190909_045142_232083,1,,pick_cool_then_place_in_recep-Lettuce-None-DiningTable-21/trial_T20190909_045142_232083,1,
381,put a cool mug in shelf.,cabinet,"go, open",SEARCH,,"Perform explicit 'open' action on containers after arriving, instead of using observations as actions.",VALID_SAME_TRIAL,pick_cool_then_place_in_recep-Mug-None-Shelf-20/trial_T20190908_121332_701155,1,,pick_cool_then_place_in_recep-Mug-None-Shelf-20/trial_T20190908_121332_701155,1,
382,put a cool mug in shelf.,"mug, fridge","cool, open",TRANSFORM,,Open the fridge before attempting to cool an item with it.,VALID_NEXT_TRIAL,pick_cool_then_place_in_recep-Mug-None-Shelf-20/trial_T20190908_121332_701155,1,,pick_cool_then_place_in_recep-Mug-None-Shelf-20/trial_T20190908_121332_701155,3,
383,put a cool mug in shelf.,fridge,"go, open",TRANSFORM,,Ensure agent is at the correct location before attempting to open a container.,VALID_NEXT_TRIAL,pick_cool_then_place_in_recep-Mug-None-Shelf-20/trial_T20190908_121332_701155,1,,pick_cool_then_place_in_recep-Mug-None-Shelf-20/trial_T20190908_121332_701155,3,
384,put a cool mug in shelf.,cabinet,go,SEARCH,,Avoid redundant navigation actions to locations already reached by attempting new actions.,VALID_NEXT_TRIAL,pick_cool_then_place_in_recep-Mug-None-Shelf-20/trial_T20190908_121332_701155,2,,pick_cool_then_place_in_recep-Mug-None-Shelf-20/trial_T20190908_121332_701155,3,
385,put a cool mug in shelf.,cabinet,open,SEARCH,,Recognize when an object is not a container or is already open/empty and proceed to search other locations.,VALID_SAME_TRIAL,pick_cool_then_place_in_recep-Mug-None-Shelf-20/trial_T20190908_121332_701155,3,,pick_cool_then_place_in_recep-Mug-None-Shelf-20/trial_T20190908_121332_701155,3,
386,put a cool mug in shelf.,cabinet,open,SEARCH,,Recognize when an object is not a container or is already open/empty and proceed to search other locations.,VALID_SAME_TRIAL,pick_cool_then_place_in_recep-Mug-None-Shelf-20/trial_T20190908_121332_701155,3,,pick_cool_then_place_in_recep-Mug-None-Shelf-20/trial_T20190908_121332_701155,3,
387,put a cool mug in shelf.,drawer,open,SEARCH,,Recognize when an object is not a container or is already open/empty and proceed to search other locations.,VALID_SAME_TRIAL,pick_cool_then_place_in_recep-Mug-None-Shelf-20/trial_T20190908_121332_701155,3,,pick_cool_then_place_in_recep-Mug-None-Shelf-20/trial_T20190908_121332_701155,3,
388,put a cool mug in shelf.,"mug, fridge","put, cool",TRANSFORM,,"Use the specific 'cool' verb for cooling an object with a cooling appliance, not 'put'.",VALID_SAME_TRIAL,pick_cool_then_place_in_recep-Mug-None-Shelf-20/trial_T20190908_121332_701155,3,,pick_cool_then_place_in_recep-Mug-None-Shelf-20/trial_T20190908_121332_701155,3,
389,put a cool mug in shelf.,"mug, shelf","put, move",PLACE,,"Use the specific 'move' verb for placing an object on a shelf, not 'put'.",VALID_SAME_TRIAL,pick_cool_then_place_in_recep-Mug-None-Shelf-20/trial_T20190908_121332_701155,3,,pick_cool_then_place_in_recep-Mug-None-Shelf-20/trial_T20190908_121332_701155,3,
390,cool some pan and put it in diningtable.,pan,pick,SEARCH,,Identify 'pot' from stoveburner 1 as a substitute for 'pan' when 'pan' is not found.,VALID_NEXT_TRIAL,pick_cool_then_place_in_recep-Pan-None-DiningTable-11/trial_T20190908_204315_625279,1,,pick_cool_then_place_in_recep-Pan-None-DiningTable-11/trial_T20190908_204315_625279,2,
391,cool some pan and put it in diningtable.,"pot, fridge",cool,TRANSFORM,,Use the 'cool [object] with [appliance]' action directly to cool an item.,VALID_SAME_TRIAL,pick_cool_then_place_in_recep-Pan-None-DiningTable-11/trial_T20190908_204315_625279,2,,pick_cool_then_place_in_recep-Pan-None-DiningTable-11/trial_T20190908_204315_625279,2,
392,cool some pan and put it in diningtable.,"pot, diningtable",place,PLACE,,Use the 'move [object] to [location]' action to place an item on a surface.,VALID_SAME_TRIAL,pick_cool_then_place_in_recep-Pan-None-DiningTable-11/trial_T20190908_204315_625279,2,,pick_cool_then_place_in_recep-Pan-None-DiningTable-11/trial_T20190908_204315_625279,2,
393,cool some pan and put it in diningtable.,stoveburner,go,SEARCH,,No explicit learning was observed; agent continued to attempt going to unreachable locations.,CANDIDATE,pick_cool_then_place_in_recep-Pan-None-DiningTable-11/trial_T20190908_204315_625279,4,,pick_cool_then_place_in_recep-Pan-None-DiningTable-11/trial_T20190908_204315_625279,7,
394,cool some pan and put it in diningtable.,"pot, fridge",take,RECOVER,,Understand that 'cool' action does not remove the item from inventory; it remains held.,VALID_SAME_TRIAL,pick_cool_then_place_in_recep-Pan-None-DiningTable-11/trial_T20190908_204315_625279,7,,pick_cool_then_place_in_recep-Pan-None-DiningTable-11/trial_T20190908_204315_625279,7,
395,cool some pan and put it in diningtable.,pot,"place, take",PLACE,,No explicit learning was observed; agent abandoned the object due to persistent confusion about its location.,CANDIDATE,pick_cool_then_place_in_recep-Pan-None-DiningTable-11/trial_T20190908_204315_625279,6,,pick_cool_then_place_in_recep-Pan-None-DiningTable-11/trial_T20190908_204315_625279,7,
396,cool some pot and put it in diningtable.,fridge,cool,ACQUIRE,,Open the fridge before attempting to cool an object with it.,VALID_SAME_TRIAL,pick_cool_then_place_in_recep-Pot-None-DiningTable-24/trial_T20190908_111415_336140,1,,pick_cool_then_place_in_recep-Pot-None-DiningTable-24/trial_T20190908_111415_336140,1,
397,heat some mug and put it in coffeemachine.,"mug, cabinet, fridge, countertop","open, look in, go to, take",SEARCH,,Search for the mug on countertops when cabinets and fridges are not interactable or empty.,VALID_NEXT_TRIAL,pick_heat_then_place_in_recep-Mug-None-CoffeeMachine-30/trial_T20190908_044350_359469,1,,pick_heat_then_place_in_recep-Mug-None-CoffeeMachine-30/trial_T20190908_044350_359469,2,
398,heat some mug and put it in coffeemachine.,microwave,"open, go to",ACQUIRE,,Go to the appliance's location before attempting to open or interact with it.,VALID_SAME_TRIAL,pick_heat_then_place_in_recep-Mug-None-CoffeeMachine-30/trial_T20190908_044350_359469,4,,pick_heat_then_place_in_recep-Mug-None-CoffeeMachine-30/trial_T20190908_044350_359469,4,
399,heat some mug and put it in coffeemachine.,"mug, microwave","heat, go to",TRANSFORM,,Go to the appliance's location before attempting to heat an object with it.,VALID_SAME_TRIAL,pick_heat_then_place_in_recep-Mug-None-CoffeeMachine-30/trial_T20190908_044350_359469,4,,pick_heat_then_place_in_recep-Mug-None-CoffeeMachine-30/trial_T20190908_044350_359469,4,
400,heat some mug and put it in coffeemachine.,"mug, microwave","put, heat",TRANSFORM,,Heat objects directly with the microwave; do not attempt to put them inside first.,VALID_SAME_TRIAL,pick_heat_then_place_in_recep-Mug-None-CoffeeMachine-30/trial_T20190908_044350_359469,4,,pick_heat_then_place_in_recep-Mug-None-CoffeeMachine-30/trial_T20190908_044350_359469,4,
401,heat some mug and put it in coffeemachine.,"mug, coffeemachine","put, move",PLACE,,"Use the 'move' action to place objects on the coffeemachine, and confirm the object remains in inventory after heating.",VALID_NEXT_TRIAL,pick_heat_then_place_in_recep-Mug-None-CoffeeMachine-30/trial_T20190908_044350_359469,2,,pick_heat_then_place_in_recep-Mug-None-CoffeeMachine-30/trial_T20190908_044350_359469,4,
402,find two newspaper and put them in sofa.,"newspaper, sofa","pick, place",SEARCH,,"Expand search to new, unvisited locations when an object is not found in a previously checked spot.",VALID_SAME_TRIAL,pick_two_obj_and_place-Newspaper-None-Sofa-212/trial_T20190908_003932_911911,1,,pick_two_obj_and_place-Newspaper-None-Sofa-212/trial_T20190908_003932_911911,1,
403,find two saltshaker and put them in drawer.,"saltshaker, drawer","move, go to, place",PLACE,,Go to the target container's location before attempting to move an object into it.,VALID_SAME_TRIAL,pick_two_obj_and_place-SaltShaker-None-Drawer-12/trial_T20190907_175233_453383,1,,pick_two_obj_and_place-SaltShaker-None-Drawer-12/trial_T20190907_175233_453383,1,
404,find two saltshaker and put them in drawer.,"saltshaker, drawer","put, move, place",PLACE,,Use the 'move [object] to [container]' command to place a held object into a container.,VALID_SAME_TRIAL,pick_two_obj_and_place-SaltShaker-None-Drawer-12/trial_T20190907_175233_453383,1,,pick_two_obj_and_place-SaltShaker-None-Drawer-12/trial_T20190907_175233_453383,1,
