task_id,task_desc,trunc_trajectory
look_at_obj_in_light-AlarmClock-None-DeskLamp-314/trial_T20190908_042454_725701,look at alarmclock under the desklamp.,"Step 1: action: think: I need to find an alarmclock and then look at it under the desklamp. I already have a desklamp from the previous turn, which I turned on. Now I need to find an alarmclock. Alarmclocks are often found on desks or dressers. I will start by checking desk 1., observation: OK. Step 2: action: go to desk 1, observation: You arrive at desk 1. On the desk 1, you see a alarmclock 2, a alarmclock 1, a desklamp 1, a keychain 2, a laptop 2, a pen 1, and a pencil 1. Step 3: action: look at alarmclock 1 under desklamp 1, observation: Nothing happens. Step 4: action: think: My previous attempt to `look at alarmclock 1 under desklamp 1` failed with ""Nothing happens."" I realize..."
look_at_obj_in_light-Book-None-DeskLamp-316/trial_T20190908_101923_519368,look at book under the desklamp.,"Step 1: action: go to desk 1, observation: You arrive at desk 1. On the desk 1, you see a alarmclock 1, a book 1, a bowl 2, a bowl 1, a cd 1, a cellphone 1, a desklamp 1, a houseplant 1, a laptop 1, a pen 2, and a pencil 1. Step 2: action: take book 1 from desk 1, observation: You pick up the book 1 from the desk 1. Step 3: action: put book 1 on desk 1, observation: Nothing happens. Step 4: action: put book 1 under desklamp 1, observation: Nothing happens. Step 5: action: use desklamp 1, observation: You turn on the desklamp 1."
look_at_obj_in_light-Book-None-DeskLamp-320/trial_T20190909_152445_177541,examine the book with the desklamp.,"Step 1: action: think: I need to find a book first. I will check desk 1, desk 2, and then the shelves., observation: OK. Step 2: action: go to desk 1, observation: You arrive at desk 1. On the desk 1, you see a creditcard 1, and a laptop 1. Step 3: action: go to desk 2, observation: You arrive at desk 2. On the desk 2, you see a alarmclock 2, and a book 1. Step 4: action: take book 1 from desk 2, observation: You pick up the book 1 from the desk 2. Step 5: action: think: I have the book 1. Now I need to find a desklamp. I will check desk 1, then desk 2, then the shelves., observation: OK. Step 6: action: go to..."
look_at_obj_in_light-CellPhone-None-DeskLamp-316/trial_T20190907_075452_465579,examine the cellphone with the desklamp.,"Step 1: action: go to desk 1, observation: You arrive at desk 1. On the desk 1, you see a alarmclock 2, a alarmclock 1, a bowl 1, a cd 1, a cellphone 4, a cellphone 2, a cellphone 1, a creditcard 1, a desklamp 1, a houseplant 1, a pen 3, a pen 2, and a pen 1. Step 2: action: examine cellphone 1 with desklamp 1, observation: Nothing happens. Step 3: action: use desklamp 1, observation: You turn on the desklamp 1. Step 4: action: examine cellphone 1 with desklamp 1, observation: Nothing happens. Step 5: action: think: I have tried `examine cellphone 1 with desklamp 1` twice, and it resulted in ""Nothing happens."" I also confirmed the desklamp is on. The objects `desklamp 1` and `cellphone 1`..."
look_at_obj_in_light-Laptop-None-DeskLamp-323/trial_T20190908_014226_839563,look at laptop under the desklamp.,"Step 1: action: think: I need to find a laptop first. Laptops are commonly found on desks. I will check desk 1., observation: OK. Step 2: action: go to desk 1, observation: You arrive at desk 1. On the desk 1, you see a alarmclock 1, a bowl 1, a desklamp 1, a keychain 1, a mug 1, a pen 2, and a pencil 1. Step 3: action: think: I am looking for a laptop. I have checked desk 1 and it is not there. I will check other common places for laptops, such as sidetables or drawers. I will start with sidetable 1., observation: OK. Step 4: action: go to sidetable 1, observation: You arrive at sidetable 1. On the sidetable 1, you see a mug 2. Step 5:..."
look_at_obj_in_light-Mug-None-DeskLamp-301/trial_T20190908_155916_103990,examine the mug with the desklamp.,"Step 1: action: think: I need to find a mug and a desklamp, then examine the mug with the desklamp. I will start by looking for a mug. Mugs are often found on desks, dressers, shelves, or in drawers. I will check desk 1 first., observation: OK. Step 2: action: go to desk 1, observation: You arrive at desk 1. On the desk 1, you see a alarmclock 1, a bowl 1, a mug 1, a pencil 3, a pencil 2, and a watch 2. Step 3: action: think: I have found mug 1 on desk 1. Now I need to find a desklamp. I will check desk 1 first, as I am already there., observation: OK. Step 4: action: look at desklamp on desk 1, observation: Nothing happens. Step..."
look_at_obj_in_light-Newspaper-None-DeskLamp-216/trial_T20190908_143004_004127,examine the newspaper with the desklamp.,"Step 1: action: go to diningtable 1, observation: You arrive at diningtable 1. On the diningtable 1, you see a box 1, a creditcard 2, and a newspaper 1. Step 2: action: go to sidetable 1, observation: You arrive at sidetable 1. On the sidetable 1, you see a desklamp 1, a statue 2, a statue 1, and a vase 1. Step 3: action: take desklamp 1 from sidetable 1, observation: Nothing happens. Step 4: action: take newspaper 1 from diningtable 1, observation: Nothing happens. Step 5: action: think: The task is to examine the newspaper with the desklamp. I have identified the newspaper (newspaper 1 on diningtable 1) and the desklamp (desklamp 1 on sidetable 1). The previous attempts to `take` both the desklamp and the newspaper resulted in..."
look_at_obj_in_light-Newspaper-None-DeskLamp-225/trial_T20190909_085334_452202,examine the newspaper with the desklamp.,"Step 1: action: go to coffeetable 1, observation: You arrive at coffeetable 1. On the coffeetable 1, you see a box 1, a creditcard 1, a keychain 1, a remotecontrol 1, a statue 2, and a watch 1. Step 2: action: go to armchair 1, observation: You arrive at armchair 1. On the armchair 1, you see a creditcard 2, and a newspaper 2. Step 3: action: think: I have found the newspaper (newspaper 2) on the armchair 1. Now I need to find a desklamp. I will check the sidetable 1 first, as desklamps are commonly found there., observation: OK. Step 4: action: go to sidetable 1, observation: You arrive at sidetable 1. On the sidetable 1, you see a desklamp 1. Step 5: action: examine newspaper 2 with..."
look_at_obj_in_light-Pen-None-DeskLamp-305/trial_T20190907_115849_734053,examine the pen with the desklamp.,"Step 1: action: go to desk 1, observation: You arrive at desk 1. On the desk 1, you see a alarmclock 1, a book 2, a book 1, a bowl 1, a cellphone 2, a cellphone 1, a creditcard 3, and a pencil 1. Step 2: action: go to drawer 1, observation: You arrive at drawer 1. The drawer 1 is closed. Step 3: action: open drawer 1, observation: You open the drawer 1. The drawer 1 is open. In it, you see a pencil 2. Step 4: action: think: I need to find a pen and a desklamp. I have already checked desk 1 and drawer 1 for a pen, but only found pencils. I will continue searching for a pen in other drawers, then the dresser, and finally..."
look_at_obj_in_light-Pen-None-DeskLamp-319/trial_T20190908_222409_540184,examine the pen with the desklamp.,"Step 1: action: think: I need to find a pen and then examine it with the desklamp. I already have a desklamp (from the previous turn, it was on sidetable 2 and I turned it on). I need to find a pen. Pens are likely to be on a dresser, shelves, or in drawers. I will start by checking the dresser 1., observation: OK. Step 2: action: go to dresser 1, observation: You arrive at dresser 1. On the dresser 1, you see a book 1, a cd 1, a desklamp 1, a pencil 1, and a statue 1. Step 3: action: think: I am at dresser 1 and I see a desklamp 1. I need to find a pen. There is no pen on dresser 1. I will check..."
look_at_obj_in_light-Pencil-None-DeskLamp-306/trial_T20190907_235840_204311,look at pencil under the desklamp.,"Step 1: action: think: To solve the task, I need to find a pencil, take it, find a desklamp, turn on the desklamp, and then look at the pencil., observation: OK. Step 2: action: go to desk 1, observation: You arrive at desk 1. On the desk 1, you see a book 1, a cd 3, a cellphone 2, a desklamp 1, a keychain 2, a laptop 1, a pencil 4, and a pencil 3. Step 3: action: take pencil 3 from desk 1, observation: You pick up the pencil 3 from the desk 1. Step 4: action: use desklamp 1, observation: You turn on the desklamp 1."
look_at_obj_in_light-Pencil-None-DeskLamp-319/trial_T20190908_135102_644449,look at pencil under the desklamp.,"Step 1: action: think: I need to find a pencil and a desklamp. First, I will look for a pencil. I will check the drawers first, starting from drawer 1., observation: OK. Step 2: action: go to drawer 1, observation: You arrive at drawer 1. The drawer 1 is closed. Step 3: action: open drawer 1, observation: You open the drawer 1. The drawer 1 is open. In it, you see nothing. Step 4: action: go to drawer 2, observation: You arrive at drawer 2. The drawer 2 is closed. Step 5: action: open drawer 2, observation: You open the drawer 2. The drawer 2 is open. In it, you see a cellphone 2. Step 6: action: go to drawer 3, observation: You arrive at drawer 3. The drawer 3..."
look_at_obj_in_light-Pencil-None-DeskLamp-320/trial_T20190908_143748_669974,examine the pencil with the desklamp.,"Step 1: action: think: I need to find a pencil. I will check the desk 1 first, then desk 2, then the shelves., observation: OK. Step 2: action: go to desk 1, observation: You arrive at desk 1. On the desk 1, you see a alarmclock 3, a alarmclock 2, a alarmclock 1, a creditcard 1, a keychain 1, a pen 1, and a pencil 1. Step 3: action: look at desklamp on desk 1, observation: Nothing happens. Step 4: action: think: I have found a pencil (pencil 1) on desk 1. Now I need to find a desklamp to examine the pencil with. I will check desk 2, then the shelves., observation: OK. Step 5: action: go to desk 2, observation: You arrive at desk 2. On the desk..."
look_at_obj_in_light-Pillow-None-DeskLamp-216/trial_T20190907_220638_188496,examine the pillow with the desklamp.,"Step 1: action: go to sofa 1, observation: You arrive at sofa 1. On the sofa 1, you see a laptop 1. Step 2: action: look at sofa 1, observation: Nothing happens. Step 3: action: go to armchair 1, observation: You arrive at armchair 1. On the armchair 1, you see a pillow 1. Step 4: action: think: I have found the pillow 1. Now I need to find a desklamp. I will check the sidetables first., observation: OK. Step 5: action: go to sidetable 1, observation: You arrive at sidetable 1. On the sidetable 1, you see a desklamp 1, a tissuebox 1, and a vase 1. Step 6: action: examine pillow 1 with desklamp 1, observation: Nothing happens. Step 7: action: take desklamp 1 from sidetable 1, observation:..."
look_at_obj_in_light-Pillow-None-DeskLamp-306/trial_T20190909_075045_578840,examine the pillow with the desklamp.,"Step 1: action: go to bed 1, observation: You arrive at bed 1. On the bed 1, you see a book 1, a cellphone 1, a laptop 2, a laptop 1, a pillow 1, and a teddybear 1. Step 2: action: go to desk 1, observation: You arrive at desk 1. On the desk 1, you see a alarmclock 1, a book 2, a desklamp 1, a pen 3, and a pen 2. Step 3: action: think: I need to examine the pillow with the desklamp. I have located the pillow 1 on bed 1 and the desklamp 1 on desk 1. I am currently at desk 1. I should go to bed 1, take the pillow 1, then go back to desk 1 and use the desklamp on the..."
look_at_obj_in_light-Pillow-None-DeskLamp-307/trial_T20190908_190608_801964,examine the pillow with the desklamp.,"Step 1: action: go to bed 1, observation: You arrive at bed 1. On the bed 1, you see a book 3, a book 1, a laptop 2, a laptop 1, and a pillow 1. Step 2: action: go to sidetable 1, observation: You arrive at sidetable 1. On the sidetable 1, you see a alarmclock 1, a creditcard 1, a desklamp 1, and a pen 2. Step 3: action: take desklamp 1 from sidetable 1, observation: Nothing happens. Step 4: action: take pillow 1 from bed 1, observation: Nothing happens. Step 5: action: turn on desklamp 1, observation: Nothing happens. Step 6: action: use desklamp 1, observation: You turn on the desklamp 1. Step 7: action: go to bed 1, observation: You arrive at bed 1. On the bed..."
look_at_obj_in_light-Pillow-None-DeskLamp-320/trial_T20190906_225859_247598,look at pillow under the desklamp.,"Step 1: action: go to bed 1, observation: You arrive at bed 1. On the bed 1, you see a book 2, a pillow 3, a pillow 2, a pillow 1, and a teddybear 1. Step 2: action: take pillow 1 from bed 1, observation: You pick up the pillow 1 from the bed 1. Step 3: action: go to desk 1, observation: You arrive at desk 1. On the desk 1, you see a alarmclock 1, a book 1, a laptop 1, a pen 1, and a pencil 1. Step 4: action: go to desk 2, observation: You arrive at desk 2. On the desk 2, you see a keychain 2, a pen 3, and a pencil 2. Step 5: action: go to shelf 1, observation: You arrive at..."
look_at_obj_in_light-Statue-None-DeskLamp-304/trial_T20190909_011906_700145,look at statue under the desklamp.,"Step 1: action: think: The task is to look at a statue under the desklamp. First, I need to find a statue. I will check the desk, then drawers, then shelf, then other objects., observation: OK. Step 2: action: go to desk 1, observation: You arrive at desk 1. On the desk 1, you see a cd 1, a cellphone 1, a creditcard 3, a laptop 1, a mug 1, a pen 1, a pencil 1, a statue 2, and a statue 1. Step 3: action: think: I have found two statues (statue 1 and statue 2) on desk 1. Now I need to find a desklamp. I will check desk 1 first, then shelf 1., observation: OK. Step 4: action: go to desk 1, observation: Nothing happens. Step 5:..."
look_at_obj_in_light-TissueBox-None-DeskLamp-328/trial_T20190907_201322_516201,examine the tissuebox with the desklamp.,"Step 1: action: think: I need to find a tissuebox and a desklamp. Then I will examine the tissuebox with the desklamp. I will start by looking for the tissuebox. I will check desk 1 first., observation: OK. Step 2: action: go to desk 1, observation: You arrive at desk 1. On the desk 1, you see a alarmclock 1, a desklamp 1, a keychain 1, a mug 2, a pen 1, a pencil 2, a tissuebox 2, and a tissuebox 1. Step 3: action: examine tissuebox 1 with desklamp 1, observation: Nothing happens. Step 4: action: think: I have found both the tissuebox 1 and the desklamp 1 on desk 1. The previous attempt to examine the tissuebox with the desklamp failed, which often means the desklamp needs to..."
look_at_obj_in_light-Watch-None-DeskLamp-205/trial_T20190907_001948_509721,examine the watch with the desklamp.,"Step 1: action: think: I need to find a watch and a desklamp. Then I will examine the watch with the desklamp. I will start by looking for a watch in the drawers., observation: OK. Step 2: action: go to drawer 1, observation: You arrive at drawer 1. The drawer 1 is closed. Step 3: action: open drawer 1, observation: You open the drawer 1. The drawer 1 is open. In it, you see a creditcard 3. Step 4: action: go to drawer 2, observation: You arrive at drawer 2. The drawer 2 is closed. Step 5: action: open drawer 2, observation: You open the drawer 2. The drawer 2 is open. In it, you see nothing. Step 6: action: go to drawer 3, observation: You arrive at drawer 3...."
pick_and_place_simple-Book-None-Bed-306/trial_T20190907_125249_700188,put a book in bed.,"Step 1: action: think: I need to find a book, take it, and then put it on the bed. I will start by checking the desk 1 for a book., observation: OK. Step 2: action: go to desk 1, observation: You arrive at desk 1. On the desk 1, you see a alarmclock 2, a alarmclock 1, a book 1, a cellphone 2, a creditcard 1, a desklamp 1, and a keychain 1. Step 3: action: take book 1 from desk 1, observation: You pick up the book 1 from the desk 1. Step 4: action: think: I have taken the book 1. Now I need to put it on the bed 1., observation: OK. Step 5: action: go to bed 1, observation: You arrive at bed 1. On the..."
pick_and_place_simple-Book-None-Desk-304/trial_T20190908_141325_880062,put some book on desk.,"Step 1: action: think: To solve the task, I need to find and take a book, then put it on desk., observation: OK. Step 2: action: think: First I need to find a book. A book is more likely to appear on a shelf, desk, or in a drawer. I will start by checking the shelf 1., observation: OK. Step 3: action: go to shelf 1, observation: You arrive at shelf 1. On the shelf 1, you see a bowl 2, a cd 2, a cd 1, a desklamp 1, a keychain 1, a pencil 2, and a statue 1. Step 4: action: think: I did not find a book on shelf 1. I will check the desk 1 next., observation: OK. Step 5: action: go to desk 1, observation:..."
pick_and_place_simple-Book-None-Desk-313/trial_T20190909_140547_719284,put some book on desk.,"Step 1: action: think: To solve the task, I need to find and take a book, then put it on desk., observation: OK. Step 2: action: think: First I need to find a book. A book is more likely to appear on a shelf (1-2), a desk (1), a sidetable (1), a bed (1), or in a drawer (1-6). I will start by checking shelf 1., observation: OK. Step 3: action: go to shelf 1, observation: You arrive at shelf 1. On the shelf 1, you see a box 1, a houseplant 1, and a pencil 1. Step 4: action: go to shelf 2, observation: You arrive at shelf 2. On the shelf 2, you see a creditcard 1. Step 5: action: go to desk 1, observation: You arrive at..."
pick_and_place_simple-Book-None-Sofa-202/trial_T20190907_043652_096323,put some book on sofa.,"Step 1: action: think: To solve the task, I need to find and take a book, then put it on sofa., observation: OK. Step 2: action: think: First I need to find a book. A book is more likely to appear on coffeetable (1), sidetable (1), armchair (1), sofa (1), or tvstand (1). I can check one by one, starting with coffeetable 1., observation: OK. Step 3: action: go to coffeetable 1, observation: You arrive at coffeetable 1. On the coffeetable 1, you see a houseplant 1, a keychain 2, a laptop 1, a watch 3, a watch 2, and a watch 1. Step 4: action: go to sidetable 1, observation: You arrive at sidetable 1. On the sidetable 1, you see a book 1, a box 1, and a..."
pick_and_place_simple-Candle-None-Toilet-409/trial_T20190908_142251_407168,put a candle in toilet.,"Step 1: action: think: To solve the task, I need to find and take a candle, then put it in toilet., observation: OK. Step 2: action: think: First I need to find a candle. A candle is more likely to appear in drawer (1-6), countertop (1), toilet (1), sinkbasin (1), garbagecan (1). I can check one by one, starting with drawer 1., observation: OK. Step 3: action: go to drawer 1, observation: You arrive at drawer 1. The drawer 1 is closed. Step 4: action: open drawer 1, observation: You open the drawer 1. The drawer 1 is open. In it, you see a cloth 1. Step 5: action: go to drawer 2, observation: You arrive at drawer 2. The drawer 2 is closed. Step 6: action: open drawer 2,..."
pick_and_place_simple-CellPhone-None-ArmChair-318/trial_T20190909_120136_895030,put a cellphone in armchair.,"Step 1: action: think: To solve the task, I need to find and take a cellphone, then put it in armchair., observation: OK. Step 2: action: think: First I need to find a cellphone. A cellphone is likely to be on a desk, bed, dresser, or inside a drawer or cabinet. I will start by checking desk 1., observation: OK. Step 3: action: go to desk 1, observation: You arrive at desk 1. On the desk 1, you see a book 1, a cellphone 1, a desklamp 1, a pen 1, and a pencil 1. Step 4: action: take cellphone 1 from desk 1, observation: You pick up the cellphone 1 from the desk 1. Step 5: action: go to armchair 1, observation: You arrive at armchair 1. On the..."
pick_and_place_simple-CellPhone-None-Bed-313/trial_T20190907_092308_442494,put a cellphone in bed.,"Step 1: action: think: To solve the task, I need to find and take a cellphone, then put it in bed., observation: OK. Step 2: action: think: First I need to find a cellphone. A cellphone is more likely to appear on a desk, sidetable, or in a drawer. I will start by checking the desk 1., observation: OK. Step 3: action: go to desk 1, observation: You arrive at desk 1. On the desk 1, you see a alarmclock 1, a cellphone 4, a cellphone 2, a cellphone 1, and a pencil 2. Step 4: action: take cellphone 4 from desk 1, observation: You pick up the cellphone 4 from the desk 1. Step 5: action: think: Now I have the cellphone 4. I need to put it on..."
pick_and_place_simple-Laptop-None-Ottoman-203/trial_T20190908_110713_350931,put some laptop on ottoman.,"Step 1: action: think: I need to find a laptop, take it, and then put it on the ottoman 1. I will start by looking for the laptop on the coffeetable 1., observation: OK. Step 2: action: go to coffeetable 1, observation: You arrive at coffeetable 1. On the coffeetable 1, you see a cellphone 1, a newspaper 1, a plate 1, a tissuebox 1, a vase 1, and a watch 1. Step 3: action: go to diningtable 1, observation: You arrive at diningtable 1. On the diningtable 1, you see a bowl 1, a cellphone 2, a tissuebox 3, and a tissuebox 2. Step 4: action: go to sidetable 1, observation: You arrive at sidetable 1. On the sidetable 1, you see a houseplant 1, a remotecontrol 2, and..."
pick_and_place_simple-Pencil-None-Shelf-313/trial_T20190908_182722_927182,put some pencil on shelf.,"Step 1: action: think: To solve the task, I need to find a pencil, take it, and then put it on a shelf., observation: OK. Step 2: action: go to desk 1, observation: You arrive at desk 1. On the desk 1, you see a alarmclock 1, a cd 1, a creditcard 1, a tissuebox 3, and a tissuebox 2. Step 3: action: think: I need to find a pencil. I have checked desk 1 and there is no pencil there. I will now check the drawers, starting with drawer 1., observation: OK. Step 4: action: go to drawer 1, observation: You arrive at drawer 1. The drawer 1 is closed. Step 5: action: open drawer 1, observation: You open the drawer 1. The drawer 1 is open. In it,..."
pick_and_place_simple-Pencil-None-SideTable-309/trial_T20190909_040329_875526,put a pencil in sidetable.,"Step 1: action: think: To solve the task, I need to find and take a pencil, then put it in sidetable., observation: OK. Step 2: action: think: First I need to find a pencil. A pencil is more likely to appear in desk (1), drawer (1-4), cabinet (1-2), armchair (1-3). I can check one by one, starting with desk 1., observation: OK. Step 3: action: go to desk 1, observation: You arrive at desk 1. On the desk 1, you see a alarmclock 3, a alarmclock 2, a alarmclock 1, a houseplant 1, a mug 1, a pen 2, and a remotecontrol 1. Step 4: action: go to drawer 1, observation: You arrive at drawer 1. The drawer 1 is closed. Step 5: action: open drawer 1, observation: You open..."
pick_and_place_simple-PepperShaker-None-Drawer-5/trial_T20190908_195236_701456,put a peppershaker in drawer.,"Step 1: action: think: I need to find a peppershaker and a drawer. Then I will take the peppershaker and put it in the drawer. I will start by looking for a peppershaker on the countertops., observation: OK. Step 2: action: go to countertop 1, observation: You arrive at countertop 1. On the countertop 1, you see a bowl 1, a butterknife 2, a kettle 1, a pan 1, a peppershaker 1, a plate 3, a potato 3, a saltshaker 2, a tomato 1, and a vase 2. Step 3: action: take peppershaker 1 from countertop 1, observation: You pick up the peppershaker 1 from the countertop 1. Step 4: action: think: I have the peppershaker 1. Now I need to put it in a drawer. I see drawer 1,..."
pick_and_place_simple-Statue-None-CoffeeTable-230/trial_T20190909_145138_877153,put a statue in coffeetable.,"Step 1: action: think: I need to find a statue, take it, and then put it on a coffeetable. I will start by looking for a statue on the visible furniture. I'll check coffeetable 1 first., observation: OK. Step 2: action: go to coffeetable 1, observation: You arrive at coffeetable 1. On the coffeetable 1, you see a box 1, a creditcard 2, a houseplant 2, a remotecontrol 1, and a tissuebox 2. Step 3: action: go to coffeetable 2, observation: You arrive at coffeetable 2. On the coffeetable 2, you see a newspaper 2, a newspaper 1, a television 1, and a tissuebox 3. Step 4: action: go to diningtable 1, observation: You arrive at diningtable 1. On the diningtable 1, you see a keychain 1, a laptop 2,..."
pick_and_place_simple-TissueBox-None-Toilet-402/trial_T20190908_060020_023543,put some tissuebox on toilet.,"Step 1: action: think: To solve the task, I need to find and take a tissuebox, then put it on toilet., observation: OK. Step 2: action: think: First I need to find a tissuebox. A tissuebox is more likely to appear in cabinet (1-4), countertop (1), shelf (1), toilet (1), sinkbasin (1-2), garbagecan (1). I can check one by one, starting with cabinet 1., observation: OK. Step 3: action: go to cabinet 1, observation: You arrive at cabinet 1. The cabinet 1 is closed. Step 4: action: open cabinet 1, observation: You open the cabinet 1. The cabinet 1 is open. In it, you see nothing. Step 5: action: go to cabinet 2, observation: You arrive at cabinet 2. The cabinet 2 is closed. Step 6: action: open cabinet 2,..."
pick_and_place_simple-TissueBox-None-Toilet-426/trial_T20190909_043641_389014,put a tissuebox in toilet.,"Step 1: action: think: To solve the task, I need to find and take a tissuebox, then put it on toilet., observation: OK. Step 2: action: think: First I need to find a tissuebox. A tissuebox is more likely to appear in countertop (1), drawers (1-8), or sinkbasin (1). I can check one by one, starting with countertop 1., observation: OK. Step 3: action: go to countertop 1, observation: You arrive at countertop 1. On the countertop 1, you see a candle 3, a soapbottle 2, and a tissuebox 1. Step 4: action: take tissuebox 1 from countertop 1, observation: You pick up the tissuebox 1 from the countertop 1. Step 5: action: think: Now I have the tissuebox 1. Next, I need to put it on the toilet 1.,..."
pick_and_place_simple-ToiletPaper-None-GarbageCan-403/trial_T20190907_034528_884833,put a toiletpaper in garbagecan.,"Step 1: action: think: To solve the task, I need to find and take a toiletpaper, then put it in garbagecan., observation: OK. Step 2: action: think: First I need to find a toiletpaper. A toiletpaper is more likely to appear in cabinet (1-4), countertop (1), toilet (1), sinkbasin (1-2), toiletpaperhanger (1), shelf (1). I can check one by one, starting with toiletpaperhanger 1., observation: OK. Step 3: action: go to toiletpaperhanger 1, observation: You arrive at toiletpaperhanger 1. On the toiletpaperhanger 1, you see a toiletpaper 4. Step 4: action: take toiletpaper 4 from toiletpaperhanger 1, observation: You pick up the toiletpaper 4 from the toiletpaperhanger 1. Step 5: action: think: Now I have the toiletpaper 4. Next, I need to put it in garbagecan 1., observation: OK. Step..."
pick_and_place_simple-ToiletPaper-None-ToiletPaperHanger-401/trial_T20190908_215242_151083,put some toiletpaper on toiletpaperhanger.,"Step 1: action: think: To solve the task, I need to find and take a toiletpaper, then put it on toiletpaperhanger., observation: OK. Step 2: action: think: First I need to find a toiletpaper. A toiletpaper is more likely to appear in shelf (1-4), cart (1), toilet (1), sinkbasin (1), bathtubbasin (1), garbagecan (1). I can check one by one, starting with shelf 1., observation: OK. Step 3: action: go to shelf 1, observation: You arrive at shelf 1. On the shelf 1, you see a toiletpaper 1. Step 4: action: think: Now I find a toiletpaper (1). Next, I need to take it., observation: OK. Step 5: action: take toiletpaper 1 from shelf 1, observation: You pick up the toiletpaper 1 from the shelf 1. Step 6: action: think:..."
pick_and_place_simple-ToiletPaper-None-ToiletPaperHanger-409/trial_T20190907_152834_016179,put some toiletpaper on toiletpaperhanger.,"Step 1: action: think: To solve the task, I need to find some toiletpaper, then put it on the toiletpaperhanger., observation: OK. Step 2: action: think: First I need to find some toiletpaper. Toiletpaper is likely to be in drawers, on the countertop, or near the toilet. I will start by checking the drawers, beginning with drawer 1., observation: OK. Step 3: action: go to drawer 1, observation: You arrive at drawer 1. The drawer 1 is closed. Step 4: action: open drawer 1, observation: You open the drawer 1. The drawer 1 is open. In it, you see nothing. Step 5: action: go to drawer 2, observation: You arrive at drawer 2. The drawer 2 is closed. Step 6: action: open drawer 2, observation: You open the drawer 2...."
pick_and_place_simple-Tomato-None-Microwave-5/trial_T20190918_171755_707602,put a tomato in microwave.,"Step 1: action: think: To solve the task, I need to find a tomato, take it, and then put it in the microwave., observation: OK. Step 2: action: go to fridge 1, observation: You arrive at fridge 1. The fridge 1 is closed. Step 3: action: open fridge 1, observation: You open the fridge 1. The fridge 1 is open. In it, you see a egg 1, a pot 2, a pot 1, a tomato 2, and a tomato 1. Step 4: action: take tomato 1 from fridge 1, observation: You pick up the tomato 1 from the fridge 1. Step 5: action: go to microwave 1, observation: You arrive at microwave 1. The microwave 1 is closed. Step 6: action: open microwave 1, observation: You open the microwave 1...."
pick_and_place_simple-WineBottle-None-DiningTable-15/trial_T20190906_184025_017468,put some winebottle on diningtable.,"Step 1: action: think: To solve the task, I need to find a winebottle, take it, and then put it on the diningtable., observation: OK. Step 2: action: go to cabinet 1, observation: You arrive at cabinet 1. On the cabinet 1, you see nothing. Step 3: action: go to cabinet 2, observation: You arrive at cabinet 2. The cabinet 2 is closed. Step 4: action: open cabinet 2, observation: You open the cabinet 2. The cabinet 2 is open. In it, you see nothing. Step 5: action: go to cabinet 3, observation: You arrive at cabinet 3. The cabinet 3 is closed. Step 6: action: open cabinet 3, observation: You open the cabinet 3. The cabinet 3 is open. In it, you see nothing. Step 7: action: go to..."
pick_clean_then_place_in_recep-Apple-None-Fridge-27/trial_T20190906_220837_406682,clean some apple and put it in fridge.,"Step 1: action: think: I need to find an apple, clean it, and then put it in the fridge. I will start by looking for an apple on the diningtable 1., observation: OK. Step 2: action: go to diningtable 1, observation: You arrive at diningtable 1. On the diningtable 1, you see a apple 2, a bowl 2, a butterknife 1, a cup 2, a cup 1, a dishsponge 3, a fork 2, a knife 2, a lettuce 2, a mug 2, a potato 3, a saltshaker 2, a soapbottle 3, a soapbottle 2, and a winebottle 2. Step 3: action: take apple 2 from diningtable 1, observation: You pick up the apple 2 from the diningtable 1. Step 4: action: think: I have taken apple 2. Now I need..."
pick_clean_then_place_in_recep-ButterKnife-None-CounterTop-25/trial_T20190907_212003_625417,put a clean butterknife in countertop.,"Step 1: action: think: I need to find a butterknife, clean it, and then put it on the countertop. I will start by looking for a butterknife in the drawers. There are 5 drawers, I'll check drawer 1 first., observation: OK. Step 2: action: go to drawer 1, observation: You arrive at drawer 1. The drawer 1 is closed. Step 3: action: open drawer 1, observation: You open the drawer 1. The drawer 1 is open. In it, you see nothing. Step 4: action: think: I have checked drawer 1 and it was empty. I will continue checking the drawers for a butterknife, starting with drawer 2., observation: OK. Step 5: action: go to drawer 2, observation: You arrive at drawer 2. The drawer 2 is closed. Step 6: action:..."
pick_clean_then_place_in_recep-ButterKnife-None-Drawer-8/trial_T20190909_124509_288754,clean some butterknife and put it in drawer.,"Step 1: action: think: To solve the task, I need to find a butterknife, take it, clean it with the sinkbasin, and then put it into a drawer., observation: OK. Step 2: action: think: First, I need to find a butterknife. I will check the countertops first, then drawers, then cabinets., observation: OK. Step 3: action: go to countertop 1, observation: You arrive at countertop 1. On the countertop 1, you see a bowl 2, a bowl 1, a dishsponge 1, a glassbottle 1, a houseplant 1, a saltshaker 1, and a spraybottle 2. Step 4: action: go to countertop 2, observation: You arrive at countertop 2. On the countertop 2, you see a butterknife 1, a cup 2, a fork 1, a knife 1, a sink 1, and a..."
pick_clean_then_place_in_recep-DishSponge-None-Toilet-427/trial_T20190908_234203_467365,clean some dishsponge and put it in toilet.,"Step 1: action: think: To solve the task, I need to find a dishsponge, then clean it with sinkbasin, then put it in toilet., observation: OK. Step 2: action: think: First, I need to find a dishsponge. I will check the countertop 1 first, as it's a common place for cleaning items., observation: OK. Step 3: action: go to countertop 1, observation: You arrive at countertop 1. On the countertop 1, you see a cloth 2, a soapbottle 3, a spraybottle 2, a spraybottle 1, a tissuebox 1, and a toiletpaper 1. Step 4: action: think: I did not find a dishsponge on the countertop 1. I will check the sinkbasin 1 next, as it's a very common place for a dishsponge., observation: OK. Step 5: action: go to sinkbasin..."
pick_clean_then_place_in_recep-Egg-None-SideTable-21/trial_T20190908_033957_288599,put a clean egg in sidetable.,"Step 1: action: think: To solve the task, I need to find an egg, take it, clean it with the sinkbasin, and then put it on the sidetable., observation: OK. Step 2: action: go to fridge 1, observation: You arrive at fridge 1. The fridge 1 is closed. Step 3: action: open fridge 1, observation: You open the fridge 1. The fridge 1 is open. In it, you see a cup 1. Step 4: action: go to diningtable 1, observation: You arrive at diningtable 1. On the diningtable 1, you see a egg 4, a egg 3, and a soapbottle 1. Step 5: action: think: I have found an egg (egg 4, egg 3) on diningtable 1. I will take one of them., observation: OK. Step 6: action: take egg..."
pick_clean_then_place_in_recep-Kettle-None-StoveBurner-1/trial_T20190908_172105_948396,put a clean kettle in stoveburner.,"Step 1: action: think: To solve the task, I need to find a kettle, clean it, and then put it on a stoveburner., observation: OK. Step 2: action: think: First, I need to find a kettle. Kettles are often found on countertops, shelves, or in cabinets. I will start by checking the countertops., observation: OK. Step 3: action: go to countertop 1, observation: You arrive at countertop 1. On the countertop 1, you see a apple 1, a cup 1, a fork 1, a knife 1, a soapbottle 2, and a winebottle 1. Step 4: action: go to countertop 2, observation: You arrive at countertop 2. On the countertop 2, you see a dishsponge 3, a houseplant 1, a potato 1, and a vase 2. Step 5: action: go to..."
pick_clean_then_place_in_recep-Ladle-None-CounterTop-20/trial_T20190907_130836_804995,put a clean ladle in countertop.,"Step 1: action: think: To solve the task, I need to find and take a ladle, then clean it with sinkbasin, then put it in countertop., observation: OK. Step 2: action: go to sinkbasin 1, observation: You arrive at sinkbasin 1. On the sinkbasin 1, you see a egg 2, and a mug 2. Step 3: action: go to diningtable 1, observation: You arrive at diningtable 1. On the diningtable 1, you see a apple 3, a bread 1, a butterknife 1, a dishsponge 3, a fork 1, a ladle 1, a lettuce 2, a lettuce 1, a peppershaker 1, a plate 2, a potato 1, a saltshaker 1, a spatula 2, a spatula 1, and a tomato 2. Step 4: action: take ladle 1 from diningtable 1, observation: You..."
pick_clean_then_place_in_recep-Ladle-None-CounterTop-8/trial_T20190909_121931_494324,put a clean ladle in countertop.,"Step 1: action: think: To solve the task, I need to find a ladle, take it, clean it with the sinkbasin, and then put it on a countertop. I will start by looking for a ladle in the sinkbasin, then drawers, and then cabinets., observation: OK. Step 2: action: go to sinkbasin 1, observation: You arrive at sinkbasin 1. On the sinkbasin 1, you see a dishsponge 3. Step 3: action: go to drawer 1, observation: You arrive at drawer 1. The drawer 1 is closed. Step 4: action: open drawer 1, observation: You open the drawer 1. The drawer 1 is open. In it, you see a fork 1. Step 5: action: think: I have checked sinkbasin 1 and drawer 1, but haven't found a ladle. I will now..."
pick_clean_then_place_in_recep-Lettuce-None-CounterTop-13/trial_T20190909_035118_268695,clean some lettuce and put it in countertop.,"Step 1: action: think: To solve the task, I need to find a lettuce, take it, clean it using the sinkbasin, and then put the clean lettuce on a countertop., observation: OK. Step 2: action: think: First, I need to find a lettuce. I will start by checking the fridge 1, as it's a common place for fresh produce., observation: OK. Step 3: action: go to fridge 1, observation: You arrive at fridge 1. The fridge 1 is closed. Step 4: action: open fridge 1, observation: You open the fridge 1. The fridge 1 is open. In it, you see a bowl 1, a cup 2, a pan 1, a potato 2, and a tomato 2. Step 5: action: think: I have checked the fridge 1 and it does not..."
pick_clean_then_place_in_recep-Lettuce-None-DiningTable-20/trial_T20190906_191212_598810,clean some lettuce and put it in diningtable.,"Step 1: action: think: First, I need to find a lettuce. I will check the fridge 1 first, then the diningtable 1, and then other locations if necessary., observation: OK. Step 2: action: go to fridge 1, observation: You arrive at fridge 1. The fridge 1 is closed. Step 3: action: open fridge 1, observation: You open the fridge 1. The fridge 1 is open. In it, you see a bowl 1, a bread 3, a egg 3, a lettuce 1, a tomato 3, and a tomato 2. Step 4: action: take lettuce 1 from fridge 1, observation: You pick up the lettuce 1 from the fridge 1. Step 5: action: think: I have taken the lettuce 1 from the fridge 1. Now I need to clean it. I will..."
pick_clean_then_place_in_recep-Mug-None-CoffeeMachine-1/trial_T20190909_134710_542972,clean some mug and put it in coffeemachine.,"Step 1: action: think: I need to find a mug, clean it, and then put it in the coffeemachine. I will start by looking for a mug on the countertops, then cabinets, then shelves., observation: OK. Step 2: action: go to countertop 1, observation: You arrive at countertop 1. On the countertop 1, you see a egg 1, a kettle 1, a knife 1, a pan 2, a plate 1, a spatula 1, a spoon 1, a vase 1, and a winebottle 1. Step 3: action: go to countertop 2, observation: You arrive at countertop 2. On the countertop 2, you see a apple 2, a bread 3, a creditcard 2, a creditcard 1, a houseplant 1, a lettuce 1, a pan 1, a pot 1, a spatula 2, a..."
pick_clean_then_place_in_recep-Mug-None-CoffeeMachine-13/trial_T20190907_172113_249829,put a clean mug in coffeemachine.,"Step 1: action: think: To solve the task, I need to find a mug, take it, clean it, and then put it in the coffeemachine., observation: OK. Step 2: action: think: First, I need to find a mug. Mugs are commonly found in cabinets, on countertops, or in drawers. I will start by checking countertop 1., observation: OK. Step 3: action: go to countertop 1, observation: You arrive at countertop 1. On the countertop 1, you see a knife 1, a papertowelroll 1, a soapbottle 1, a spoon 1, and a tomato 1. Step 4: action: think: I am at countertop 1, and there is no mug here. I need to continue searching for a mug. I will check countertop 2 next., observation: OK. Step 5: action: go to countertop..."
pick_clean_then_place_in_recep-Mug-None-CoffeeMachine-18/trial_T20190909_101110_748348,clean some mug and put it in coffeemachine.,"Step 1: action: think: I need to find a mug, clean it, and then put it in the coffeemachine. I will start by looking for a mug on the diningtable 1., observation: OK. Step 2: action: go to diningtable 1, observation: You arrive at diningtable 1. On the diningtable 1, you see a apple 3, a bread 1, a cup 3, a cup 2, a cup 1, a dishsponge 2, a egg 3, a fork 3, a houseplant 1, a lettuce 2, a saltshaker 3, and a soapbottle 3. Step 3: action: think: I need to find a mug. I checked diningtable 1 and found no mug. I will check other locations. Mugs are commonly found in cabinets, drawers, or on countertops. I will check cabinet 1 first., observation: OK...."
pick_clean_then_place_in_recep-Pan-None-Fridge-13/trial_T20190908_083734_836923,clean some pan and put it in fridge.,"Step 1: action: think: I need to find a pan, clean it with the sinkbasin, and then put it in the fridge. First, I will look for a pan. I will check the countertops, then cabinets, then drawers, and finally the sinkbasin., observation: OK. Step 2: action: go to countertop 1, observation: You arrive at countertop 1. On the countertop 1, you see a butterknife 1, a egg 1, a knife 1, a lettuce 1, a mug 1, a papertowelroll 1, a potato 1, and a spoon 1. Step 3: action: think: I have checked countertop 1 and did not find a pan. I will now check countertop 2., observation: OK. Step 4: action: go to countertop 2, observation: You arrive at countertop 2. On the countertop 2, you see..."
pick_clean_then_place_in_recep-Plate-None-Shelf-7/trial_T20190908_230022_030239,clean some plate and put it in shelf.,"Step 1: action: think: I need to find a plate, clean it using the sinkbasin, and then put it on a shelf. I will start by looking for a plate on the diningtable 1., observation: OK. Step 2: action: go to diningtable 1, observation: You arrive at diningtable 1. On the diningtable 1, you see a apple 2, a apple 1, a book 1, a butterknife 1, a cup 1, a dishsponge 1, a houseplant 1, a kettle 1, a knife 2, a knife 1, a lettuce 3, a lettuce 2, a lettuce 1, a mug 2, a mug 1, a peppershaker 2, a plate 1, a spatula 2, a spatula 1, a spoon 3, and a spoon 2. Step 3: action: think: I have found a plate (plate 1)..."
pick_clean_then_place_in_recep-Potato-None-GarbageCan-19/trial_T20190908_074136_618715,clean some potato and put it in garbagecan.,"Step 1: action: think: To solve the task, I need to find a potato, take it, clean it using the sinkbasin, and then put it in the garbagecan., observation: OK. Step 2: action: think: First, I need to find a potato. I will check the fridge 1 first, as it's a common place for vegetables., observation: OK. Step 3: action: go to fridge 1, observation: You arrive at fridge 1. The fridge 1 is closed. Step 4: action: open fridge 1, observation: You open the fridge 1. The fridge 1 is open. In it, you see a bowl 2, a bowl 1, a egg 1, a mug 2, and a tomato 1. Step 5: action: think: I have checked the fridge 1 and it does not contain a potato. I..."
pick_clean_then_place_in_recep-SoapBar-None-Cabinet-422/trial_T20190909_170330_111958,put a clean soapbar in cabinet.,"Step 1: action: think: To solve the task, I need to find a soapbar, then clean it with sinkbasin, then put it in a cabinet., observation: OK. Step 2: action: think: First, I need to find a soapbar. I will check the countertops first, then the sinkbasin, then the shelves, then the cabinets, then the drawers, and finally the bathtubbasin. I'll start with countertop 1., observation: OK. Step 3: action: go to countertop 1, observation: You arrive at countertop 1. On the countertop 1, you see a candle 1, and a soapbar 3. Step 4: action: take soapbar 3 from countertop 1, observation: You pick up the soapbar 3 from the countertop 1. Step 5: action: think: Now I have the soapbar 3. Next, I need to clean it with..."
pick_clean_then_place_in_recep-SoapBar-None-Cart-430/trial_T20190907_075716_990340,put a clean soapbar in cart.,"Step 1: action: think: To solve the task, I need to find a soapbar, clean it, and then put it in the cart., observation: OK. Step 2: action: think: First, I need to find a soapbar. I will check the most likely places in a bathroom setting: countertop 1, then drawers, then shelf, then sinkbasin, then bathtubbasin. I'll start with countertop 1., observation: OK. Step 3: action: go to countertop 1, observation: You arrive at countertop 1. On the countertop 1, you see a dishsponge 1, a soapbar 1, a tissuebox 3, and a toiletpaper 1. Step 4: action: take soapbar 1 from countertop 1, observation: You pick up the soapbar 1 from the countertop 1. Step 5: action: think: I have found and taken the soapbar 1. Now I..."
pick_clean_then_place_in_recep-SoapBar-None-GarbageCan-429/trial_T20190909_015333_203352,clean some soapbar and put it in garbagecan.,"Step 1: action: think: First, I need to find a soapbar. I will check the visible objects in the room. Common places for a soapbar would be shelf 1, shelf 2, shelf 3, sinkbasin 1, or bathtubbasin 1. I will start by checking shelf 1., observation: OK. Step 2: action: go to shelf 1, observation: You arrive at shelf 1. On the shelf 1, you see a spraybottle 2, and a spraybottle 1. Step 3: action: think: I did not find a soapbar on shelf 1. I will continue searching for a soapbar. Next, I will check shelf 2., observation: OK. Step 4: action: go to shelf 2, observation: You arrive at shelf 2. On the shelf 2, you see a soapbottle 1. Step 5: action: think: I did not..."
pick_clean_then_place_in_recep-Spatula-None-DiningTable-24/trial_T20190909_021050_633083,clean some spatula and put it in diningtable.,"Step 1: action: think: I need to find a spatula, clean it using the sinkbasin, and then place it on the diningtable. I will start by looking for a spatula in the current room., observation: OK. Step 2: action: go to diningtable 1, observation: You arrive at diningtable 1. On the diningtable 1, you see a knife 2, a lettuce 2, a lettuce 1, a papertowelroll 1, a peppershaker 3, a peppershaker 2, a peppershaker 1, a spatula 2, a spatula 1, a tomato 2, and a tomato 1. Step 3: action: think: I have found two spatulas (spatula 2 and spatula 1) on the diningtable 1. I will take one of them, clean it, and then put it back on the diningtable. I will take spatula 1., observation: OK...."
pick_cool_then_place_in_recep-Apple-None-GarbageCan-5/trial_T20190908_111836_482484,put a cool apple in garbagecan.,"Step 1: action: think: To solve the task, I need to find an apple, cool it, and then put it in the garbagecan., observation: OK. Step 2: action: go to fridge 1, observation: You arrive at fridge 1. The fridge 1 is closed. Step 3: action: open fridge 1, observation: You open the fridge 1. The fridge 1 is open. In it, you see a bread 1, a lettuce 2, and a lettuce 1. Step 4: action: go to countertop 1, observation: You arrive at countertop 1. On the countertop 1, you see a butterknife 3, a butterknife 2, a fork 1, a mug 2, a mug 1, a soapbottle 1, a spoon 1, a statue 1, a vase 2, and a vase 1. Step 5: action: think: I need..."
pick_cool_then_place_in_recep-Bowl-None-Cabinet-19/trial_T20190908_022130_590876,cool some bowl and put it in cabinet.,"Step 1: action: think: To solve the task, I need to find and take a bowl, then cool it with fridge, then put it in a cabinet., observation: OK. Step 2: action: think: First I need to find a bowl. A bowl is more likely to appear in cabinet (1-21), countertop (1-2), diningtable (1), sinkbasin (1), drawer (1-5). I can check one by one, starting with cabinet 1., observation: OK. Step 3: action: go to cabinet 1, observation: You arrive at cabinet 1. On the cabinet 1, you see nothing. Step 4: action: go to cabinet 2, observation: Nothing happens. Step 5: action: go to cabinet 3, observation: You arrive at cabinet 3. The cabinet 3 is closed. Step 6: action: open cabinet 3, observation: You open the cabinet 3...."
pick_cool_then_place_in_recep-Bowl-None-Microwave-7/trial_T20190908_231310_981246,put a cool bowl in microwave.,"Step 1: action: think: To solve the task, I need to find a bowl, cool it, and then put it in the microwave., observation: OK. Step 2: action: go to diningtable 1, observation: You arrive at diningtable 1. On the diningtable 1, you see a bowl 2, a bowl 1, a butterknife 2, a cup 1, a houseplant 1, a knife 2, a knife 1, a lettuce 1, a mug 3, a mug 2, a peppershaker 2, a plate 1, a saltshaker 2, a saltshaker 1, a soapbottle 2, a soapbottle 1, a spatula 3, a spatula 2, a statue 1, and a tomato 2. Step 3: action: think: I have found a bowl (bowl 2 and bowl 1) on the diningtable 1. I will take bowl 1., observation: OK...."
pick_cool_then_place_in_recep-Bread-None-CounterTop-17/trial_T20190907_150853_448489,cool some bread and put it in countertop.,"Step 1: action: think: To solve the task, I need to find and take some bread, then cool it with fridge, then put it in countertop., observation: OK. Step 2: action: think: First I need to find some bread. Bread is more likely to appear in cabinet (1-20), countertop (1-2), diningtable (1-2), drawer (1-6), fridge (1), microwave (1), toaster (1). I can check one by one, starting with cabinet 1., observation: OK. Step 3: action: go to cabinet 1, observation: You arrive at cabinet 1. On the cabinet 1, you see nothing. Step 4: action: go to cabinet 2, observation: You arrive at cabinet 2. On the cabinet 2, you see nothing. Step 5: action: go to cabinet 3, observation: Nothing happens. Step 6: action: go to cabinet 3, observation:..."
pick_cool_then_place_in_recep-Bread-None-DiningTable-15/trial_T20190908_195722_260654,put a cool bread in diningtable.,"Step 1: action: think: I need to find a bread, cool it, and then put it on the diningtable. First, I will search for a bread. I will check the countertops, then cabinets, then drawers, then fridge, then toaster, then diningtable. I'll start with countertop 1., observation: OK. Step 2: action: go to countertop 1, observation: You arrive at countertop 1. On the countertop 1, you see a dishsponge 2, a egg 1, a pan 2, a pan 1, a plate 1, a spatula 1, and a winebottle 1. Step 3: action: take bread 1 from countertop 2, observation: Nothing happens. Step 4: action: think: I am at countertop 1, and there is no bread here. My previous action `take bread 1 from countertop 2` failed because I am not..."
pick_cool_then_place_in_recep-Bread-None-Microwave-15/trial_T20190907_132900_527945,put a cool bread in microwave.,"Step 1: action: think: To solve the task, I need to find a bread, cool it, and then put it in the microwave., observation: OK. Step 2: action: go to diningtable 1, observation: You arrive at diningtable 1. On the diningtable 1, you see a bowl 3, a bread 3, a dishsponge 1, a egg 1, a knife 3, a knife 2, a lettuce 1, a peppershaker 3, a potato 2, a potato 1, a soapbottle 2, a spatula 3, a spatula 1, a spoon 1, and a winebottle 2. Step 3: action: think: I have found a bread (bread 3) on the diningtable 1. Now I need to take it., observation: OK. Step 4: action: take bread 3 from diningtable 1, observation: You pick up the bread 3 from..."
pick_cool_then_place_in_recep-Lettuce-None-CounterTop-24/trial_T20190908_015250_257517,put a cool lettuce in countertop.,"Step 1: action: think: To solve the task, I need to find a lettuce, cool it, and then put it on a countertop., observation: OK. Step 2: action: think: First, I need to find a lettuce. A lettuce is most likely to be in the fridge, or possibly on a countertop, dining table, or in a cabinet or drawer. I will start by checking the fridge., observation: OK. Step 3: action: go to fridge 1, observation: You arrive at fridge 1. The fridge 1 is closed. Step 4: action: open fridge 1, observation: You open the fridge 1. The fridge 1 is open. In it, you see nothing. Step 5: action: go to countertop 1, observation: You arrive at countertop 1. On the countertop 1, you see a bread 1,..."
pick_cool_then_place_in_recep-Lettuce-None-DiningTable-21/trial_T20190909_045142_232083,cool some lettuce and put it in diningtable.,"Step 1: action: think: To solve the task, I need to find and take some lettuce, then cool it with fridge, then put it in diningtable., observation: OK. Step 2: action: go to diningtable 1, observation: You arrive at diningtable 1. On the diningtable 1, you see a knife 1, and a soapbottle 3. Step 3: action: go to diningtable 2, observation: You arrive at diningtable 2. On the diningtable 2, you see a bowl 1. Step 4: action: think: I need to find lettuce. Lettuce is likely to be in a fridge, cabinet, or on a dining table or countertop. I've checked diningtable 1 and 2. I will continue checking dining tables, then countertops, then cabinets, then the fridge., observation: OK. Step 5: action: go to diningtable 3, observation:..."
pick_cool_then_place_in_recep-Mug-None-Shelf-20/trial_T20190908_121332_701155,put a cool mug in shelf.,"Step 1: action: think: To solve the task, I need to find a mug, cool it, and then put it in a shelf., observation: OK. Step 2: action: think: First, I need to find a mug. Mugs are commonly found in cabinets, drawers, on countertops, or on dining tables. I will start by checking the cabinets., observation: OK. Step 3: action: go to cabinet 1, observation: You arrive at cabinet 1. The cabinet 1 is closed. Step 4: action: open cabinet 1, observation: You open the cabinet 1. The cabinet 1 is open. In it, you see a ladle 1. Step 5: action: go to cabinet 2, observation: You arrive at cabinet 2. The cabinet 2 is closed. Step 6: action: open cabinet 2, observation: You open the cabinet 2...."
pick_cool_then_place_in_recep-Pan-None-DiningTable-11/trial_T20190908_204315_625279,cool some pan and put it in diningtable.,"Step 1: action: think: To solve the task, I need to find and take a pan, then cool it with fridge, then put it in diningtable., observation: OK. Step 2: action: go to stoveburner 1, observation: You arrive at stoveburner 1. On the stoveburner 1, you see a pot 1. Step 3: action: go to stoveburner 2, observation: Nothing happens. Step 4: action: go to stoveburner 3, observation: You arrive at stoveburner 3. On the stoveburner 3, you see a kettle 1. Step 5: action: go to stoveburner 4, observation: Nothing happens. Step 6: action: go to sinkbasin 1, observation: You arrive at sinkbasin 1. On the sinkbasin 1, you see a egg 1. Step 7: action: go to diningtable 1, observation: You arrive at diningtable 1. On the diningtable..."
pick_cool_then_place_in_recep-Pan-None-StoveBurner-18/trial_T20190906_181154_262087,put a cool pan in stoveburner.,"Step 1: action: The task is already completed. I have already cooled pan 1 and moved it to stoveburner 1., observation: Nothing happens. Step 2: action: <END_OF_TASK>, observation: Nothing happens. Step 3: action: think: I need to find a pan, cool it, and then put it on a stoveburner. I will start by searching for a pan. Common places for pans are stoveburners, sinkbasin, countertops, cabinets, and drawers. I will check stoveburner 1 first., observation: OK. Step 4: action: The task is already completed. I have already cooled pan 1 and moved it to stoveburner 1., observation: Nothing happens. Step 5: action: <END_OF_TASK>, observation: Nothing happens. Step 6: action: <END_OF_TASK>, observation: Nothing happens."
pick_cool_then_place_in_recep-Plate-None-Cabinet-27/trial_T20190906_173250_466409,cool some plate and put it in cabinet.,"Step 1: action: think: To solve the task, I need to find and take a plate, then cool it with fridge, then put it in cabinet., observation: OK. Step 2: action: go to cabinet 1, observation: You arrive at cabinet 1. On the cabinet 1, you see a saltshaker 1. Step 3: action: go to cabinet 2, observation: You arrive at cabinet 2. On the cabinet 2, you see a cup 1. Step 4: action: go to cabinet 3, observation: You arrive at cabinet 3. The cabinet 3 is closed. Step 5: action: open cabinet 3, observation: You open the cabinet 3. The cabinet 3 is open. In it, you see nothing. Step 6: action: go to cabinet 4, observation: You arrive at cabinet 4. The cabinet 4 is closed...."
pick_cool_then_place_in_recep-Plate-None-Cabinet-7/trial_T20190907_231242_525267,cool some plate and put it in cabinet.,"Step 1: action: think: To solve the task, I need to find and take a plate, then cool it with fridge, then put it in a cabinet., observation: OK. Step 2: action: go to diningtable 1, observation: You arrive at diningtable 1. On the diningtable 1, you see a apple 2, a book 2, a butterknife 2, a butterknife 1, a fork 2, a fork 1, a houseplant 1, a kettle 2, a kettle 1, a lettuce 3, a lettuce 2, a mug 2, and a statue 1. Step 3: action: look around, observation: Nothing happens. Step 4: action: look around, observation: Nothing happens."
pick_cool_then_place_in_recep-Pot-None-DiningTable-24/trial_T20190908_111415_336140,cool some pot and put it in diningtable.,"Step 1: action: think: To solve the task, I need to find a pot, take it, cool it with the fridge, and then put it on the diningtable., observation: OK. Step 2: action: go to stoveburner 1, observation: You arrive at stoveburner 1. On the stoveburner 1, you see a pot 1. Step 3: action: think: I have found a pot (pot 1) on stoveburner 1. Now I need to take it., observation: OK. Step 4: action: take pot 1 from stoveburner 1, observation: You pick up the pot 1 from the stoveburner 1. Step 5: action: think: I have taken the pot 1. Now I need to cool it with the fridge., observation: OK. Step 6: action: go to fridge 1, observation: You arrive at fridge 1. The fridge..."
pick_cool_then_place_in_recep-Tomato-None-DiningTable-11/trial_T20190908_220012_692282,cool some tomato and put it in diningtable.,"Step 1: action: think: To solve the task, I need to find a tomato, then cool it with fridge, then put it in diningtable., observation: OK. Step 2: action: go to fridge 1, observation: You arrive at fridge 1. The fridge 1 is closed. Step 3: action: open fridge 1, observation: You open the fridge 1. The fridge 1 is open. In it, you see a apple 1, a egg 1, and a mug 2. Step 4: action: think: I need to find a tomato. It is not in the fridge. I should check other common locations for food items, such as cabinets, drawers, countertops, and the dining table. I will start by checking the countertops., observation: OK. Step 5: action: go to countertop 1, observation: You arrive at countertop..."
pick_cool_then_place_in_recep-Tomato-None-GarbageCan-15/trial_T20190907_082803_736076,put a cool tomato in garbagecan.,"Step 1: action: think: To solve the task, I need to find a tomato, cool it, and then put it in the garbagecan., observation: OK. Step 2: action: go to fridge 1, observation: You arrive at fridge 1. The fridge 1 is closed. Step 3: action: open fridge 1, observation: You open the fridge 1. The fridge 1 is open. In it, you see nothing. Step 4: action: go to countertop 1, observation: You arrive at countertop 1. On the countertop 1, you see a butterknife 1, a fork 1, a pan 1, a plate 1, a spatula 1, and a winebottle 1. Step 5: action: go to diningtable 1, observation: You arrive at diningtable 1. On the diningtable 1, you see a apple 1, a bowl 1, a butterknife..."
pick_cool_then_place_in_recep-Tomato-None-GarbageCan-5/trial_T20190909_153636_286202,cool some tomato and put it in garbagecan.,"Step 1: action: think: To solve the task, I need to find and take a tomato, then cool it with fridge, then put it in garbagecan., observation: OK. Step 2: action: think: First I need to find a tomato. A tomato is more likely to appear in cabinet (1-20), countertop (1-3), drawer (1-3), fridge (1), shelf (1-3), sinkbasin (1), diningtable (not present). I can check one by one, starting with cabinet 1., observation: OK. Step 3: action: go to cabinet 1, observation: You arrive at cabinet 1. The cabinet 1 is closed. Step 4: action: open cabinet 1, observation: You open the cabinet 1. The cabinet 1 is open. In it, you see nothing. Step 5: action: go to cabinet 2, observation: Nothing happens. Step 6: action: go to cabinet..."
pick_cool_then_place_in_recep-WineBottle-None-Cabinet-16/trial_T20190907_084106_624638,put a cool winebottle in cabinet.,"Step 1: action: think: I need to find a winebottle, cool it, and then put it into a cabinet. I will start by looking for a winebottle. I'll check the dining table first., observation: OK. Step 2: action: go to diningtable 1, observation: You arrive at diningtable 1. On the diningtable 1, you see a apple 1, a glassbottle 1, a knife 2, a knife 1, a pan 1, a peppershaker 2, a plate 1, a saltshaker 1, a soapbottle 3, a soapbottle 2, a soapbottle 1, a spatula 1, a spoon 2, a spoon 1, a tomato 1, and a winebottle 1. Step 3: action: think: I have found a winebottle 1 on the diningtable 1. Now I need to take it., observation: OK. Step 4: action: take winebottle..."
pick_cool_then_place_in_recep-WineBottle-None-CounterTop-17/trial_T20190907_002730_199024,put a cool winebottle in countertop.,"Step 1: action: think: I need to find a winebottle, cool it, and then put it on a countertop. I will start by looking for a winebottle on the dining tables., observation: OK. Step 2: action: go to diningtable 1, observation: You arrive at diningtable 1. On the diningtable 1, you see a apple 1, a glassbottle 2, a knife 2, a knife 1, a peppershaker 2, a saltshaker 2, a soapbottle 2, a spatula 1, and a winebottle 2. Step 3: action: think: I found a winebottle (winebottle 2) on diningtable 1. Now I need to take it., observation: OK. Step 4: action: take winebottle 2 from diningtable 1, observation: You pick up the winebottle 2 from the diningtable 1. Step 5: action: think: I have the winebottle 2...."
pick_heat_then_place_in_recep-Apple-None-Fridge-30/trial_T20190908_114847_958679,heat some apple and put it in fridge.,"Step 1: action: think: To solve the task, I need to find and take an apple, then heat it with microwave, then put it in fridge., observation: OK. Step 2: action: go to countertop 1, observation: You arrive at countertop 1. On the countertop 1, you see a butterknife 1, a houseplant 1, a lettuce 1, a peppershaker 2, a peppershaker 1, a saltshaker 1, and a spatula 1. Step 3: action: go to countertop 2, observation: You arrive at countertop 2. On the countertop 2, you see a apple 1, a bowl 3, a butterknife 3, a cellphone 1, a cup 2, a dishsponge 3, a dishsponge 2, a fork 2, a pot 1, and a potato 2. Step 4: action: take apple 1 from countertop 2, observation: You..."
pick_heat_then_place_in_recep-Apple-None-Fridge-6/trial_T20190908_153716_620298,put a hot apple in fridge.,"Step 1: action: think: To solve the task, I need to find an apple, then heat it, then put it in the fridge., observation: OK. Step 2: action: think: First I need to find an apple. An apple is more likely to appear in fridge (1), countertop (1-4), diningtable (1), stoveburner (1-4), toaster (1), garbagecan (1), cabinet (1-15). I can check one by one, starting with fridge 1., observation: OK. Step 3: action: open fridge 1, observation: Nothing happens. Step 4: action: look in fridge 1, observation: Nothing happens. Step 5: action: look in fridge 1, observation: Nothing happens."
pick_heat_then_place_in_recep-Bread-None-DiningTable-15/trial_T20190907_030751_816698,put a hot bread in diningtable.,"Step 1: action: think: To solve the task, I need to find a bread, heat it, and then put it on the diningtable., observation: OK. Step 2: action: go to countertop 1, observation: You arrive at countertop 1. On the countertop 1, you see a bowl 2, a bread 2, a butterknife 1, a fork 1, a mug 2, a pan 1, a plate 1, a saltshaker 1, a spatula 3, a spatula 2, a spatula 1, and a winebottle 2. Step 3: action: think: I have found a bread (2) on countertop 1. Now I need to take it., observation: OK. Step 4: action: take bread 2 from countertop 1, observation: You pick up the bread 2 from the countertop 1. Step 5: action: think: Now that I have..."
pick_heat_then_place_in_recep-Cup-None-Cabinet-28/trial_T20190909_062858_196741,heat some cup and put it in cabinet.,"Step 1: action: think: I need to find a cup, heat it, and then put it in a cabinet. I will start by looking for a cup in the cabinets, then countertops, then dining tables., observation: OK. Step 2: action: open cabinet 1, observation: Nothing happens. Step 3: action: open cabinet 2, observation: Nothing happens. Step 4: action: open cabinet 3, observation: Nothing happens. Step 5: action: open cabinet 4, observation: Nothing happens. Step 6: action: open cabinet 5, observation: Nothing happens. Step 7: action: open cabinet 6, observation: Nothing happens. Step 8: action: open cabinet 7, observation: Nothing happens. Step 9: action: open cabinet 8, observation: Nothing happens. Step 10: action: open cabinet 9, observation: Nothing happens. Step 11: action: open cabinet 10, observation: Nothing happens. Step 12: action:..."
pick_heat_then_place_in_recep-Egg-None-GarbageCan-12/trial_T20190910_151939_914332,heat some egg and put it in garbagecan.,"Step 1: action: think: To solve the task, I need to find and take an egg, then heat it with microwave, then put it in garbagecan., observation: OK. Step 2: action: open fridge 1, observation: Nothing happens. Step 3: action: look in fridge 1, observation: Nothing happens. Step 4: action: think: I need to find an egg. I've already tried the fridge, but it didn't work. I will check the countertops next, starting with countertop 1., observation: OK. Step 5: action: go to countertop 1, observation: You arrive at countertop 1. On the countertop 1, you see a mug 1, a peppershaker 1, and a saltshaker 1. Step 6: action: look in countertop 1, observation: Nothing happens. Step 7: action: go to countertop 2, observation: You arrive at countertop 2...."
pick_heat_then_place_in_recep-Mug-None-Cabinet-11/trial_T20190908_074036_014884,heat some mug and put it in cabinet.,"Step 1: action: think: To solve the task, I need to find and take a mug, then heat it with microwave, then put it in a cabinet., observation: OK. Step 2: action: open fridge 1, observation: Nothing happens. Step 3: action: look in fridge 1, observation: Nothing happens. Step 4: action: look in fridge 1, observation: Nothing happens."
pick_heat_then_place_in_recep-Mug-None-Cabinet-12/trial_T20190909_032940_018377,heat some mug and put it in cabinet.,"Step 1: action: think: To solve the task, I need to find and take a mug, then heat it with microwave, then put it in a cabinet., observation: OK. Step 2: action: think: First I need to find a mug. A mug is more likely to appear in fridge (1), countertop (1-3), cabinet (1-19), drawer (1-4). I can check one by one, starting with fridge 1., observation: OK. Step 3: action: open fridge 1, observation: Nothing happens. Step 4: action: look around, observation: Nothing happens. Step 5: action: open fridge 1, observation: Nothing happens. Step 6: action: look in fridge 1, observation: Nothing happens. Step 7: action: open countertop 1, observation: Nothing happens. Step 8: action: go to countertop 1, observation: You arrive at countertop 1. On the countertop 1,..."
pick_heat_then_place_in_recep-Mug-None-CoffeeMachine-16/trial_T20190908_181242_051846,heat some mug and put it in coffeemachine.,"Step 1: action: think: To solve the task, I need to find a mug, heat it, and then put it in the coffeemachine. I will start by searching for a mug. Common places for mugs are cabinets, drawers, countertops, or even the fridge. I will check the fridge first., observation: OK. Step 2: action: open fridge 1, observation: Nothing happens. Step 3: action: go to countertop 1, observation: You arrive at countertop 1. On the countertop 1, you see a bread 2, a bread 1, a butterknife 1, a houseplant 2, a houseplant 1, a lettuce 1, a plate 1, a pot 2, a pot 1, a saltshaker 1, a soapbottle 2, a spatula 2, and a tomato 1. Step 4: action: go to countertop 2, observation: You arrive at..."
pick_heat_then_place_in_recep-Mug-None-CoffeeMachine-30/trial_T20190908_044350_359469,heat some mug and put it in coffeemachine.,"Step 1: action: think: To solve the task, I need to find and take a mug, then heat it with microwave, then put it in coffeemachine., observation: OK. Step 2: action: think: First I need to find a mug. A mug is more likely to appear in cabinet (1-13), countertop (1-4), fridge (1), or drawer (1-27). I will start by checking the fridge 1., observation: OK. Step 3: action: open fridge 1, observation: Nothing happens. Step 4: action: look in fridge 1, observation: Nothing happens. Step 5: action: look in fridge 1, observation: Nothing happens."
pick_heat_then_place_in_recep-Mug-None-Shelf-20/trial_T20190907_054036_412242,put a hot mug in shelf.,"Step 1: action: think: To solve the task, I need to find a mug, heat it, and then put it in a shelf., observation: OK. Step 2: action: think: First, I need to find a mug. Mugs are commonly found in cabinets, on countertops, or on dining tables. I will start by checking the cabinets. I will check cabinet 1 first., observation: OK. Step 3: action: open cabinet 1, observation: Nothing happens. Step 4: action: open cabinet 2, observation: Nothing happens. Step 5: action: look in cabinet 1, observation: Nothing happens. Step 6: action: think: I have tried opening cabinet 1 and 2, and looking in cabinet 1, but nothing happened. This suggests these cabinets might be empty or not interactable in that way. I will try opening another cabinet,..."
pick_heat_then_place_in_recep-Plate-None-Cabinet-28/trial_T20190907_035752_332060,put a hot plate in cabinet.,"Step 1: action: think: I need to find a plate, heat it, and then put it in a cabinet. I will start by looking for a plate on the countertops., observation: OK. Step 2: action: go to countertop 1, observation: You arrive at countertop 1. On the countertop 1, you see a bowl 1, a lettuce 2, a saltshaker 2, and a spatula 2. Step 3: action: go to countertop 2, observation: You arrive at countertop 2. On the countertop 2, you see a butterknife 2, and a knife 3. Step 4: action: go to diningtable 1, observation: You arrive at diningtable 1. On the diningtable 1, you see a dishsponge 1, a plate 1, and a spatula 1. Step 5: action: think: I found a plate (1) on diningtable..."
pick_heat_then_place_in_recep-Plate-None-CounterTop-1/trial_T20190909_115633_911483,heat some plate and put it in countertop.,"Step 1: action: think: To solve the task, I need to find and take a plate, then heat it with microwave, then put it in countertop., observation: OK. Step 2: action: think: First I need to find a plate. A plate is more likely to appear in cabinet (1-9), countertop (1-3), drawer (1-9), fridge (1), shelf (1-3), sinkbasin (1), garbagecan (1). I will check these locations one by one, starting with cabinet 1., observation: OK. Step 3: action: open cabinet 1, observation: Nothing happens. Step 4: action: open cabinet 2, observation: Nothing happens. Step 5: action: open cabinet 3, observation: Nothing happens. Step 6: action: open cabinet 4, observation: Nothing happens. Step 7: action: open cabinet 5, observation: Nothing happens. Step 8: action: open cabinet 6, observation: Nothing happens. Step..."
pick_heat_then_place_in_recep-Plate-None-CounterTop-28/trial_T20190907_180330_211175,put a hot plate in countertop.,"Step 1: action: think: I need to find a plate, heat it, and then put it on a countertop. First, I will look for a plate. I will check diningtable 1, then diningtable 2, then countertops, then cabinets., observation: OK. Step 2: action: go to diningtable 1, observation: You arrive at diningtable 1. On the diningtable 1, you see a apple 2, a butterknife 1, a egg 1, a pan 1, a potato 2, a potato 1, a soapbottle 1, a spoon 3, and a spoon 2. Step 3: action: go to diningtable 2, observation: You arrive at diningtable 2. On the diningtable 2, you see a bowl 1, a bread 1, a butterknife 2, a knife 1, a saltshaker 3, a spatula 3, a spatula 2, and a tomato..."
pick_heat_then_place_in_recep-Plate-None-CounterTop-7/trial_T20190909_100702_050461,heat some plate and put it in countertop.,"Step 1: action: think: To solve the task, I need to find and take a plate, then heat it with microwave, then put it in countertop., observation: OK. Step 2: action: go to diningtable 1, observation: You arrive at diningtable 1. On the diningtable 1, you see a apple 1, a bread 1, a cup 3, a dishsponge 3, a fork 1, a houseplant 1, a lettuce 3, a lettuce 2, a lettuce 1, a mug 1, a plate 2, a soapbottle 2, a spoon 2, and a tomato 2. Step 3: action: take plate 2 from diningtable 1, observation: You pick up the plate 2 from the diningtable 1. Step 4: action: think: Now I have the plate 2. Next, I need to heat it using the microwave 1.,..."
pick_heat_then_place_in_recep-Potato-None-GarbageCan-3/trial_T20190908_121849_346541,heat some potato and put it in garbagecan.,"Step 1: action: open fridge 1, observation: Nothing happens. Step 2: action: open fridge 1, observation: Nothing happens."
pick_heat_then_place_in_recep-Tomato-None-GarbageCan-16/trial_T20190906_171701_034036,put a hot tomato in garbagecan.,"Step 1: action: think: To solve the task, I need to find a tomato, heat it, and then put it in the garbagecan., observation: OK. Step 2: action: open fridge 1, observation: Nothing happens. Step 3: action: open fridge 1, observation: Nothing happens."
pick_heat_then_place_in_recep-Tomato-None-SideTable-3/trial_T20190907_140859_097831,put a hot tomato in sidetable.,"Step 1: action: think: To solve the task, I need to find and take a tomato, then heat it with microwave, then put it in sidetable., observation: OK. Step 2: action: open fridge 1, observation: Nothing happens. Step 3: action: open fridge 1, observation: Nothing happens."
pick_two_obj_and_place-AlarmClock-None-Desk-307/trial_T20190907_013752_725369,put two alarmclock in desk.,"Step 1: action: think: To solve the task, I need to find and take the first alarmclock, then put it in desk, then find and take the second alarmclock, then put it in desk., observation: OK. Step 2: action: think: First I need to find the first alarmclock. An alarmclock is more likely to appear in sidetable (1), bed (1), desk (1), drawer (1-3), shelf (1-2). I can check one by one, starting with sidetable 1., observation: OK. Step 3: action: go to sidetable 1, observation: You arrive at sidetable 1. On the sidetable 1, you see a alarmclock 4, a alarmclock 3, a alarmclock 2, a cd 2, a creditcard 3, a creditcard 2, a desklamp 1, a keychain 1, and a remotecontrol 3. Step 4: action: think: Now..."
pick_two_obj_and_place-AlarmClock-None-Dresser-305/trial_T20190907_165758_902037,put two alarmclock in dresser.,"Step 1: action: think: To solve the task, I need to find and take the first alarmclock, then put it in dresser, then find and take the second alarmclock, then put it in dresser., observation: OK. Step 2: action: think: First I need to find the first alarmclock. An alarmclock is more likely to appear in drawer (1-5), desk (1), bed (1), dresser (1), shelf (1). I can check one by one, starting with drawer 1., observation: OK. Step 3: action: go to drawer 1, observation: You arrive at drawer 1. The drawer 1 is closed. Step 4: action: open drawer 1, observation: You open the drawer 1. The drawer 1 is open. In it, you see a cellphone 2. Step 5: action: go to drawer 2, observation: You arrive..."
pick_two_obj_and_place-AlarmClock-None-Shelf-316/trial_T20190909_010429_853588,put two alarmclock in shelf.,"Step 1: action: think: To solve the task, I need to find and take the first alarmclock, then put it in shelf, then find and take the second alarmclock, then put it in shelf., observation: OK. Step 2: action: think: First I need to find the first alarmclock. An alarmclock is more likely to appear in bed (1), desk (1), drawer (1-2), sidetable (1), shelf (1). I can check one by one, starting with bed 1., observation: OK. Step 3: action: go to bed 1, observation: You arrive at bed 1. On the bed 1, you see a cellphone 3, a laptop 2, a laptop 1, and a pillow 1. Step 4: action: go to desk 1, observation: You arrive at desk 1. On the desk 1, you see a..."
pick_two_obj_and_place-Book-None-Drawer-307/trial_T20190909_111435_540631,find two book and put them in drawer.,"Step 1: action: think: To solve the task, I need to find and take the first book, then put it in a drawer, then find and take the second book, then put it in a drawer., observation: OK. Step 2: action: think: First I need to find the first book. A book is more likely to appear in drawer (1-3), shelf (1-2), desk (1), sidetable (1), bed (1). I can check one by one, starting with drawer 1., observation: OK. Step 3: action: go to drawer 1, observation: You arrive at drawer 1. The drawer 1 is closed. Step 4: action: open drawer 1, observation: You open the drawer 1. The drawer 1 is open. In it, you see a cd 2, and a cellphone 3. Step 5: action: go..."
pick_two_obj_and_place-Bowl-None-Dresser-327/trial_T20190907_195918_167799,find two bowl and put them in dresser.,"Step 1: action: think: I need to find two bowls and put them in the dresser. I will first find the first bowl, take it, and put it in the dresser. Then I will find the second bowl, take it, and put it in the dresser. I will start by checking the desk, then shelves, then drawers., observation: OK. Step 2: action: go to desk 1, observation: You arrive at desk 1. On the desk 1, you see a keychain 2, and a laptop 1. Step 3: action: think: I have checked desk 1 and found no bowls. Now I will check the shelves. I will start with shelf 1., observation: OK. Step 4: action: go to shelf 1, observation: You arrive at shelf 1. On the shelf 1, you..."
pick_two_obj_and_place-CD-None-Dresser-303/trial_T20190908_085703_053950,put two cd in dresser.,"Step 1: action: think: I need to find two cd, pick them up, and then put them in the dresser. I will start by searching for the first cd in the drawers, then the desk, sidetable, and shelves., observation: OK. Step 2: action: go to drawer 1, observation: You arrive at drawer 1. On the drawer 1, you see a cellphone 1. Step 3: action: go to drawer 2, observation: Nothing happens. Step 4: action: open drawer 2, observation: Nothing happens. Step 5: action: go to drawer 3, observation: You arrive at drawer 3. The drawer 3 is closed. Step 6: action: open drawer 3, observation: You open the drawer 3. The drawer 3 is open. In it, you see nothing. Step 7: action: go to drawer 4, observation: You..."
pick_two_obj_and_place-Candle-None-Cabinet-403/trial_T20190909_065841_838469,find two candle and put them in cabinet.,"Step 1: action: think: I need to find two candles and put them in a cabinet. I will start by checking common places like the countertop and shelf, then move on to cabinets., observation: OK. Step 2: action: go to countertop 1, observation: You arrive at countertop 1. On the countertop 1, you see a candle 2, a candle 1, a dishsponge 2, a mirror 1, a showerglass 1, a soapbar 1, a spraybottle 3, a spraybottle 2, and a toiletpaper 2. Step 3: action: take candle 2 from countertop 1, observation: You pick up the candle 2 from the countertop 1. Step 4: action: take candle 1 from countertop 1, observation: Nothing happens. Step 5: action: think: I have found two candles on the countertop 1. I have successfully..."
pick_two_obj_and_place-Candle-None-Drawer-427/trial_T20190909_043940_867553,put two candle in drawer.,"Step 1: action: think: To solve the task, I need to find and take the first candle, then put it in a drawer, then find and take the second candle, then put it in a drawer., observation: OK. Step 2: action: think: First I need to find the first candle. A candle is more likely to appear in countertop (1), drawer (1-8), sinkbasin (1), bathtubbasin (1). I can check one by one, starting with countertop 1., observation: OK. Step 3: action: go to countertop 1, observation: You arrive at countertop 1. On the countertop 1, you see a candle 3, a candle 2, a soapbottle 2, a spraybottle 1, a tissuebox 1, a toiletpaper 2, and a toiletpaper 1. Step 4: action: think: Now I find the first candle (2)...."
pick_two_obj_and_place-CellPhone-None-Drawer-329/trial_T20190909_030006_191201,find two cellphone and put them in drawer.,"Step 1: action: think: To solve the task, I need to find and take the first cellphone, then put it in a drawer, then find and take the second cellphone, then put it in a drawer., observation: OK. Step 2: action: think: First I need to find the first cellphone. A cellphone is more likely to appear in sidetable (1-2), drawer (1-4), diningtable (1), bed (1). I can check one by one, starting with sidetable 1., observation: OK. Step 3: action: go to sidetable 1, observation: You arrive at sidetable 1. On the sidetable 1, you see a pencil 1. Step 4: action: go to sidetable 2, observation: You arrive at sidetable 2. On the sidetable 2, you see a alarmclock 1, a creditcard 2, a keychain 2, and a..."
pick_two_obj_and_place-CreditCard-None-Sofa-216/trial_T20190909_150017_974673,find two creditcard and put them in sofa.,"Step 1: action: think: I need to find two creditcards and put them in the sofa. I will first find the first creditcard, take it, and put it in the sofa. Then I will find the second creditcard, take it, and put it in the sofa. I will start by checking the drawers, then sidetables, then diningtable, then armchair, then shelf. I will start with drawer 1., observation: OK. Step 2: action: go to drawer 1, observation: You arrive at drawer 1. The drawer 1 is closed. Step 3: action: open drawer 1, observation: You open the drawer 1. The drawer 1 is open. In it, you see nothing. Step 4: action: think: I have checked drawer 1 and it's empty. Now I will check drawer 2., observation: OK. Step..."
pick_two_obj_and_place-Egg-None-Microwave-30/trial_T20190907_163255_256147,find two egg and put them in microwave.,"Step 1: action: think: I need to find two eggs and put them in the microwave. I will start by looking for eggs in the fridge, as it's the most common place for them., observation: OK. Step 2: action: go to fridge 1, observation: You arrive at fridge 1. The fridge 1 is closed. Step 3: action: open fridge 1, observation: You open the fridge 1. The fridge 1 is open. In it, you see a apple 1, a egg 2, a egg 1, a mug 2, and a mug 1. Step 4: action: think: I have found two eggs (egg 1 and egg 2) in the fridge 1. Now I need to take them and put them in the microwave. I will take egg 1 first., observation: OK. Step..."
pick_two_obj_and_place-KeyChain-None-Drawer-317/trial_T20190912_073129_052747,put two keychain in drawer.,"Step 1: action: think: I need to find two keychains and put them into a drawer. I will start by searching for the first keychain in the available objects. Drawers are a good place to start. I will check drawer 1 first., observation: OK. Step 2: action: go to drawer 1, observation: You arrive at drawer 1. The drawer 1 is closed. Step 3: action: open drawer 1, observation: You open the drawer 1. The drawer 1 is open. In it, you see nothing. Step 4: action: go to drawer 2, observation: You arrive at drawer 2. The drawer 2 is closed. Step 5: action: open drawer 2, observation: You open the drawer 2. The drawer 2 is open. In it, you see a book 1. Step 6: action: think:..."
pick_two_obj_and_place-Newspaper-None-Sofa-212/trial_T20190908_003932_911911,find two newspaper and put them in sofa.,"Step 1: action: think: To solve the task, I need to find and take the first newspaper, then put it in sofa, then find and take the second newspaper, then put it in sofa., observation: OK. Step 2: action: go to sidetable 1, observation: You arrive at sidetable 1. On the sidetable 1, you see a keychain 2, and a keychain 1. Step 3: action: go to coffeetable 1, observation: You arrive at coffeetable 1. On the coffeetable 1, you see a creditcard 2, a laptop 1, a newspaper 1, a tissuebox 2, and a tissuebox 1. Step 4: action: think: Now I find the first newspaper (1). Next, I need to take it. I can find the second newspaper later., observation: OK. Step 5: action: take newspaper 1 from..."
pick_two_obj_and_place-Pillow-None-Ottoman-208/trial_T20190908_091434_545645,find two pillow and put them in ottoman.,"Step 1: action: think: I need to find two pillows and put them in the ottoman. I will first find the first pillow, take it, and put it in the ottoman. Then I will find the second pillow, take it, and put it in the ottoman. I will start by checking the sofa for pillows., observation: OK. Step 2: action: go to sofa 1, observation: You arrive at sofa 1. On the sofa 1, you see a laptop 1, and a pillow 1. Step 3: action: take pillow 1 from sofa 1, observation: You pick up the pillow 1 from the sofa 1. Step 4: action: think: I have found and taken the first pillow. Now I need to put it in the ottoman., observation: OK. Step 5: action: move..."
pick_two_obj_and_place-SaltShaker-None-Drawer-12/trial_T20190907_175233_453383,find two saltshaker and put them in drawer.,"Step 1: action: think: I need to find two saltshakers and put them in a drawer. I will first search for saltshakers in common locations like countertops, then cabinets, and finally drawers. Once I find one, I will pick it up and place it in one of the available drawers. Then I will repeat the process for the second saltshaker. I will start by checking countertop 1., observation: OK. Step 2: action: go to countertop 1, observation: You arrive at countertop 1. On the countertop 1, you see a egg 1, a lettuce 1, a mug 1, a saltshaker 3, and a saltshaker 1. Step 3: action: think: I have found two saltshakers (saltshaker 3 and saltshaker 1) on countertop 1. I will take saltshaker 3 first, then put it..."
pick_two_obj_and_place-SoapBar-None-Cabinet-428/trial_T20190909_013318_053714,put two soapbar in cabinet.,"Step 1: action: think: To solve the task, I need to find and take the first soapbar, then find and take the second soapbar, and finally put both soapbars into a cabinet., observation: OK. Step 2: action: think: To solve the task, I need to find and take the first soapbar, then find and take the second soapbar, and finally put both soapbars into a cabinet. I will start by looking for soapbars on the countertop, then in the sinkbasins, and then in the cabinets., observation: OK. Step 3: action: go to countertop 1, observation: You arrive at countertop 1. On the countertop 1, you see a candle 1, a handtowel 1, a soapbar 3, and a spraybottle 1. Step 4: action: take soapbar 3 from countertop 1, observation: You..."
pick_two_obj_and_place-SoapBottle-None-Cart-401/trial_T20190908_215205_561346,find two soapbottle and put them in cart.,"Step 1: action: think: To solve the task, I need to find and take the first soapbottle, then put it in cart, then find and take the second soapbottle, then put it in cart., observation: OK. Step 2: action: think: First I need to find the first soapbottle. A soapbottle is more likely to appear in bathtubbasin (1), sinkbasin (1), shelf (1-4), cart (1). I can check one by one, starting with bathtubbasin 1., observation: OK. Step 3: action: go to bathtubbasin 1, observation: You arrive at bathtubbasin 1. On the bathtubbasin 1, you see a dishsponge 1, and a soapbar 2. Step 4: action: think: I did not find a soapbottle in bathtubbasin 1. Next, I will check sinkbasin 1., observation: OK. Step 5: action: go to sinkbasin 1,..."
pick_two_obj_and_place-SoapBottle-None-GarbageCan-428/trial_T20190909_105731_241727,put two soapbottle in garbagecan.,"Step 1: action: think: To solve the task, I need to find and take the first soapbottle, then put it in garbagecan, then find and take the second soapbottle, then put it in garbagecan., observation: OK. Step 2: action: think: First I need to find the first soapbottle. A soapbottle is more likely to appear in countertop (1), sinkbasin (1-2), cabinet (1-4). I can check one by one, starting with countertop 1., observation: OK. Step 3: action: go to countertop 1, observation: You arrive at countertop 1. On the countertop 1, you see a candle 2, a handtowel 1, a soapbottle 4, and a soapbottle 2. Step 4: action: take soapbottle 4 from countertop 1, observation: You pick up the soapbottle 4 from the countertop 1. Step 5: action: think:..."
pick_two_obj_and_place-SprayBottle-None-Toilet-422/trial_T20190908_164720_891084,put two spraybottle in toilet.,"Step 1: action: think: I need to find two spraybottles and put them into the toilet. I will first find the first spraybottle, take it, and put it in the toilet. Then I will find the second spraybottle, take it, and put it in the toilet. I will start by checking common locations for spraybottles like cabinets, countertops, drawers, and shelves. I'll start with cabinet 1., observation: OK. Step 2: action: go to cabinet 1, observation: You arrive at cabinet 1. The cabinet 1 is closed. Step 3: action: open cabinet 1, observation: You open the cabinet 1. The cabinet 1 is open. In it, you see a soapbottle 1. Step 4: action: go to cabinet 2, observation: You arrive at cabinet 2. The cabinet 2 is closed. Step 5:..."
pick_two_obj_and_place-ToiletPaper-None-Shelf-422/trial_T20190908_065858_170962,put two toiletpaper in shelf.,"Step 1: action: think: To solve the task, I need to find and take the first toiletpaper, then put it in shelf, then find and take the second toiletpaper, then put it in shelf., observation: OK. Step 2: action: go to toiletpaperhanger 1, observation: You arrive at toiletpaperhanger 1. On the toiletpaperhanger 1, you see nothing. Step 3: action: go to cabinet 1, observation: You arrive at cabinet 1. The cabinet 1 is closed. Step 4: action: open cabinet 1, observation: You open the cabinet 1. The cabinet 1 is open. In it, you see a soapbottle 1, and a tissuebox 2. Step 5: action: go to cabinet 2, observation: You arrive at cabinet 2. The cabinet 2 is closed. Step 6: action: open cabinet 2, observation: You open the..."
look_at_obj_in_light-Laptop-None-DeskLamp-323/trial_T20190908_014226_839563,look at laptop under the desklamp.,"Step 1: action: think: My task is to look at a laptop under a desklamp., observation: OK. Step 2: action: think: My task is to look at a laptop under a desklamp. First, I need to find a laptop. I will start by checking the desk 1., observation: OK. Step 3: action: go to desk 1, observation: You arrive at desk 1. On the desk 1, you see a alarmclock 1, a bowl 1, a desklamp 1, a keychain 1, a mug 1, a pen 2, and a pencil 1. Step 4: action: think: I have already checked desk 1 for the laptop, and it's not there. I also found a desklamp 1 on desk 1. Now I need to continue searching for the laptop. I will check sidetable 1..."
look_at_obj_in_light-Newspaper-None-DeskLamp-216/trial_T20190908_143004_004127,examine the newspaper with the desklamp.,"Step 1: action: go to sidetable 1, observation: You arrive at sidetable 1. On the sidetable 1, you see a desklamp 1, a statue 2, a statue 1, and a vase 1. Step 2: action: think: I need to examine the newspaper with the desklamp. I have located the desklamp 1 on sidetable 1. Now I need to find the newspaper. I will check diningtable 1 first, as it's a common place for newspapers., observation: OK. Step 3: action: go to diningtable 1, observation: You arrive at diningtable 1. On the diningtable 1, you see a box 1, a creditcard 2, and a newspaper 1. Step 4: action: think: I have found the desklamp 1 on sidetable 1 and the newspaper 1 on diningtable 1. I need to move the..."
look_at_obj_in_light-Pencil-None-DeskLamp-320/trial_T20190908_143748_669974,examine the pencil with the desklamp.,"Step 1: action: go to desk 1, observation: You arrive at desk 1. On the desk 1, you see a alarmclock 3, a alarmclock 2, a alarmclock 1, a creditcard 1, a keychain 1, a pen 1, and a pencil 1. Step 2: action: think: I have found the pencil 1 on desk 1. Now I need to find a desklamp. I will check the remaining locations for a desklamp. I will start with desk 2., observation: OK. Step 3: action: go to desk 2, observation: You arrive at desk 2. On the desk 2, you see a keychain 3. Step 4: action: think: I have found the pencil 1 on desk 1. Now I need to find a desklamp. I have already checked desk 1 and desk 2. I..."
look_at_obj_in_light-Pillow-None-DeskLamp-307/trial_T20190908_190608_801964,examine the pillow with the desklamp.,"Step 1: action: go to bed 1, observation: You arrive at bed 1. On the bed 1, you see a book 3, a book 1, a laptop 2, a laptop 1, and a pillow 1. Step 2: action: think: I need to find a desklamp first. I will check desk 1, then sidetable 1., observation: OK. Step 3: action: go to desk 1, observation: You arrive at desk 1. On the desk 1, you see a alarmclock 2, a bowl 2, a bowl 1, and a cellphone 1. Step 4: action: On the desk 1, you see a alarmclock 2, a bowl 2, a bowl 1, and a cellphone 1. There is no desklamp here., observation: Nothing happens. Step 5: action: go to sidetable 1, observation: You arrive at sidetable..."
look_at_obj_in_light-Statue-None-DeskLamp-304/trial_T20190909_011906_700145,look at statue under the desklamp.,"Step 1: action: think: My task is to ""look at statue under the desklamp"". This requires me to first find a statue, then find a desklamp, and finally ensure the statue is under the desklamp before looking at it. I will start by searching for the statue in all available locations. I will check desk 1 first, then shelf 1, then drawers, then beds, and finally the garbagecan and laundryhamper., observation: OK. Step 2: action: go to desk 1, observation: You arrive at desk 1. On the desk 1, you see a cd 1, a cellphone 1, a creditcard 3, a laptop 1, a mug 1, a pen 1, a pencil 1, a statue 2, and a statue 1. Step 3: action: think: I have found statue 1 and statue..."
pick_clean_then_place_in_recep-Apple-None-Fridge-27/trial_T20190906_220837_406682,clean some apple and put it in fridge.,"Step 1: action: think: First, I need to find an apple. I will check the diningtable 1 first., observation: OK. Step 2: action: go to diningtable 1, observation: You arrive at diningtable 1. On the diningtable 1, you see a apple 2, a bowl 2, a butterknife 1, a cup 2, a cup 1, a dishsponge 3, a fork 2, a knife 2, a lettuce 2, a mug 2, a potato 3, a saltshaker 2, a soapbottle 3, a soapbottle 2, and a winebottle 2. Step 3: action: take apple 2 from diningtable 1, observation: You pick up the apple 2 from the diningtable 1. Step 4: action: think: Now that I have the apple 2, I need to clean it. I will go to the sinkbasin 1 to clean..."
pick_clean_then_place_in_recep-ButterKnife-None-CounterTop-25/trial_T20190907_212003_625417,put a clean butterknife in countertop.,"Step 1: action: think: I need to find a butterknife. Based on the plan, I will check drawer 3 first., observation: OK. Step 2: action: open drawer 3, observation: Nothing happens. Step 3: action: think: The previous action `open drawer 3` resulted in ""Nothing happens."" This could mean the drawer is already open, or it's stuck/non-existent. I should first try to `look in drawer 3` to see if it's open and contains anything. If not, I will proceed to `drawer 4` as per the plan., observation: OK. Step 4: action: look in drawer 3, observation: Nothing happens. Step 5: action: think: Both `open drawer 3` and `look in drawer 3` resulted in ""Nothing happens."" This suggests that drawer 3 might not be interactable or accessible in the current environment, despite..."
pick_clean_then_place_in_recep-DishSponge-None-Toilet-427/trial_T20190908_234203_467365,clean some dishsponge and put it in toilet.,"Step 1: action: go to drawer 2, observation: You arrive at drawer 2. The drawer 2 is closed. Step 2: action: open drawer 2, observation: You open the drawer 2. The drawer 2 is open. In it, you see nothing. Step 3: action: think: I have checked drawer 2 and found nothing. According to my plan, I need to continue checking drawers from 3 to 8. Next, I will check drawer 3., observation: OK. Step 4: action: go to drawer 3, observation: You arrive at drawer 3. The drawer 3 is closed. Step 5: action: open drawer 3, observation: You open the drawer 3. The drawer 3 is open. In it, you see nothing. Step 6: action: think: I have checked drawer 3 and found nothing. According to my plan,..."
pick_clean_then_place_in_recep-Kettle-None-StoveBurner-1/trial_T20190908_172105_948396,put a clean kettle in stoveburner.,"Step 1: action: think: I need to find a kettle. Based on the previous plan, I will start by checking drawer 3., observation: OK. Step 2: action: go to drawer 3, observation: You arrive at drawer 3. The drawer 3 is closed. Step 3: action: open drawer 3, observation: You open the drawer 3. The drawer 3 is open. In it, you see nothing. Step 4: action: think: I have checked drawer 3 and found nothing. I need to continue checking the remaining drawers (4 through 9). I will go to drawer 4 next., observation: OK. Step 5: action: go to drawer 4, observation: You arrive at drawer 4. The drawer 4 is closed. Step 6: action: open drawer 4, observation: You open the drawer 4. The drawer 4 is..."
pick_clean_then_place_in_recep-Ladle-None-CounterTop-8/trial_T20190909_121931_494324,put a clean ladle in countertop.,"Step 1: action: think: I need to find a ladle. Based on the previous plan, I will start by checking drawer 4., observation: OK. Step 2: action: go to drawer 4, observation: You arrive at drawer 4. The drawer 4 is closed. Step 3: action: open drawer 4, observation: You open the drawer 4. The drawer 4 is open. In it, you see nothing. Step 4: action: think: I have checked drawer 4 and it was empty. According to my plan, I will now check drawer 5., observation: OK. Step 5: action: go to drawer 5, observation: You arrive at drawer 5. The drawer 5 is closed. Step 6: action: open drawer 5, observation: You open the drawer 5. The drawer 5 is open. In it, you see a spoon..."
pick_clean_then_place_in_recep-Mug-None-CoffeeMachine-18/trial_T20190909_101110_748348,clean some mug and put it in coffeemachine.,"Step 1: action: think: I need to find a mug, clean it, and then put it in the coffeemachine. Based on the previous trial's memory, I should check countertops and drawers first for a mug. I will start by checking countertop 1., observation: OK. Step 2: action: go to countertop 1, observation: You arrive at countertop 1. On the countertop 1, you see a apple 1, and a peppershaker 1. Step 3: action: think: I have checked countertop 1 and did not find a mug. My next step, according to my plan, is to check countertop 2., observation: OK. Step 4: action: go to countertop 2, observation: You arrive at countertop 2. On the countertop 2, you see a butterknife 2, a butterknife 1, a dishsponge 1, a fork 2,..."
pick_clean_then_place_in_recep-Pan-None-Fridge-13/trial_T20190908_083734_836923,clean some pan and put it in fridge.,"Step 1: action: think: I need to find a pan. Based on the previous memory, I was systematically checking cabinets. I should continue from cabinet 3., observation: OK. Step 2: action: open cabinet 3, observation: Nothing happens. Step 3: action: think: I need to find a pan. I have already tried cabinet 1, 2, and 3, and ""Nothing happens"" for cabinet 3. I will continue checking cabinets from cabinet 4., observation: OK. Step 4: action: open cabinet 4, observation: Nothing happens. Step 5: action: think: I need to find a pan. I have already tried cabinet 1, 2, 3, and 4, and ""Nothing happens"" for cabinet 4. I will continue checking cabinets from cabinet 5., observation: OK. Step 6: action: open cabinet 5, observation: Nothing happens. Step 7: action: think:..."
pick_clean_then_place_in_recep-Potato-None-GarbageCan-19/trial_T20190908_074136_618715,clean some potato and put it in garbagecan.,"Step 1: action: go to fridge 1, observation: You arrive at fridge 1. The fridge 1 is closed. Step 2: action: open fridge 1, observation: You open the fridge 1. The fridge 1 is open. In it, you see a bowl 2, a bowl 1, a egg 1, a mug 2, and a tomato 1. Step 3: action: go to diningtable 1, observation: You arrive at diningtable 1. On the diningtable 1, you see a butterknife 1, a fork 3, a fork 2, a lettuce 1, a plate 1, a saltshaker 1, a spatula 2, and a spoon 1. Step 4: action: think: I need to find a potato. I have already checked fridge 1 and diningtable 1. I will now check countertop 2., observation: OK. Step 5: action: go..."
pick_clean_then_place_in_recep-SoapBar-None-Cabinet-422/trial_T20190909_170330_111958,put a clean soapbar in cabinet.,"Step 1: action: go to cabinet 3, observation: You arrive at cabinet 3. The cabinet 3 is closed. Step 2: action: open cabinet 3, observation: You open the cabinet 3. The cabinet 3 is open. In it, you see nothing. Step 3: action: go to cabinet 4, observation: You arrive at cabinet 4. The cabinet 4 is closed. Step 4: action: open cabinet 4, observation: You open the cabinet 4. The cabinet 4 is open. In it, you see a cloth 2. Step 5: action: go to cabinet 5, observation: You arrive at cabinet 5. The cabinet 5 is closed. Step 6: action: open cabinet 5, observation: You open the cabinet 5. The cabinet 5 is open. In it, you see a tissuebox 3. Step 7: action: go to drawer..."
pick_clean_then_place_in_recep-SoapBar-None-GarbageCan-429/trial_T20190909_015333_203352,clean some soapbar and put it in garbagecan.,"Step 1: action: go to garbagecan 1, observation: You arrive at garbagecan 1. On the garbagecan 1, you see a toiletpaper 2. Step 2: action: open garbagecan 1, observation: Nothing happens. Step 3: action: think: The garbagecan 1 did not contain a soapbar and could not be opened. My plan states that if not found in garbagecan 1, I should go to shelf 3, take tissuebox 1, and open it to check for a soapbar. So, I will go to shelf 3 next., observation: OK. Step 4: action: go to shelf 3, observation: You arrive at shelf 3. On the shelf 3, you see a candle 2, a spraybottle 3, and a tissuebox 1. Step 5: action: take tissuebox 1 from shelf 3, observation: You pick up the tissuebox 1..."
pick_cool_then_place_in_recep-Apple-None-GarbageCan-5/trial_T20190908_111836_482484,put a cool apple in garbagecan.,"Step 1: action: think: I need to find an apple, cool it, and then put it in the garbagecan. My current plan suggests checking drawers 1-3 first. I will start by checking drawer 1., observation: OK. Step 2: action: go to drawer 1, observation: You arrive at drawer 1. The drawer 1 is closed. Step 3: action: open drawer 1, observation: You open the drawer 1. The drawer 1 is open. In it, you see a fork 2. Step 4: action: go to drawer 2, observation: You arrive at drawer 2. The drawer 2 is closed. Step 5: action: open drawer 2, observation: You open the drawer 2. The drawer 2 is open. In it, you see a ladle 3, and a saltshaker 1. Step 6: action: go to drawer..."
pick_cool_then_place_in_recep-Bowl-None-Microwave-7/trial_T20190908_231310_981246,put a cool bowl in microwave.,"Step 1: action: think: I need to find a bowl first. I will check common locations like cabinets, drawers, countertops, dining table, and sinkbasin. I'll start with cabinet 1., observation: OK. Step 2: action: go to cabinet 1, observation: You arrive at cabinet 1. The cabinet 1 is closed. Step 3: action: open cabinet 1, observation: You open the cabinet 1. The cabinet 1 is open. In it, you see nothing. Step 4: action: go to cabinet 2, observation: You arrive at cabinet 2. The cabinet 2 is closed. Step 5: action: open cabinet 2, observation: You open the cabinet 2. The cabinet 2 is open. In it, you see nothing. Step 6: action: go to cabinet 3, observation: You arrive at cabinet 3. The cabinet 3 is closed. Step..."
pick_cool_then_place_in_recep-Bread-None-CounterTop-17/trial_T20190907_150853_448489,cool some bread and put it in countertop.,"Step 1: action: think: I need to find bread. I will start by checking common locations like cabinets, drawers, and countertops. I will open containers to check inside., observation: OK. Step 2: action: go to countertop 1, observation: You arrive at countertop 1. On the countertop 1, you see a bread 1, a fork 2, a fork 1, a knife 2, a peppershaker 1, a potato 1, a saltshaker 1, a soapbottle 1, a spoon 1, and a tomato 1. Step 3: action: take bread 1 from countertop 1, observation: You pick up the bread 1 from the countertop 1. Step 4: action: think: I have taken the bread 1. Now I need to cool it with the fridge 1., observation: OK. Step 5: action: go to fridge 1, observation:..."
pick_cool_then_place_in_recep-Bread-None-Microwave-15/trial_T20190907_132900_527945,put a cool bread in microwave.,"Step 1: action: think: I need to find a bread, cool it, and then put it in the microwave., observation: OK. Step 2: action: think: I need to find a bread. I will check the countertops first, then cabinets, then the dining table. I'll start with countertop 1., observation: OK. Step 3: action: go to countertop 1, observation: You arrive at countertop 1. On the countertop 1, you see a apple 1, a butterknife 1, a kettle 1, a mug 1, a pan 2, and a plate 2. Step 4: action: think: I didn't find bread on countertop 1. I will check countertop 2 next., observation: OK. Step 5: action: go to countertop 2, observation: You arrive at countertop 2. On the countertop 2, you see a bread 1, a..."
pick_cool_then_place_in_recep-Mug-None-Shelf-20/trial_T20190908_121332_701155,put a cool mug in shelf.,"Step 1: action: think: I need to find a mug first. Mugs are often found in cabinets, on countertops, or on dining tables. I will start by checking cabinet 1., observation: OK. Step 2: action: go to cabinet 1, observation: You arrive at cabinet 1. The cabinet 1 is closed. Step 3: action: open cabinet 1, observation: You open the cabinet 1. The cabinet 1 is open. In it, you see a ladle 1. Step 4: action: go to cabinet 2, observation: You arrive at cabinet 2. The cabinet 2 is closed. Step 5: action: open cabinet 2, observation: You open the cabinet 2. The cabinet 2 is open. In it, you see nothing. Step 6: action: go to cabinet 3, observation: You arrive at cabinet 3. The cabinet 3..."
pick_cool_then_place_in_recep-Pan-None-DiningTable-11/trial_T20190908_204315_625279,cool some pan and put it in diningtable.,"Step 1: action: think: I need to find a pan, cool it with the fridge, and then put it on the dining table. I will start by searching for a pan on the stoveburners. If I don't find a pan, I will look for a pot, as per the previous trial's self-correction., observation: OK. Step 2: action: go to stoveburner 1, observation: You arrive at stoveburner 1. On the stoveburner 1, you see a pot 1. Step 3: action: take pot 1 from stoveburner 1, observation: You pick up the pot 1 from the stoveburner 1. Step 4: action: think: I have taken `pot 1`. Now I need to cool it using the fridge. This involves going to the fridge, opening it, putting the pot inside, closing it, and then..."
pick_cool_then_place_in_recep-Pan-None-StoveBurner-18/trial_T20190906_181154_262087,put a cool pan in stoveburner.,"Step 1: action: go to stoveburner 1, observation: You arrive at stoveburner 1. On the stoveburner 1, you see nothing. Step 2: action: go to sinkbasin 1, observation: You arrive at sinkbasin 1. On the sinkbasin 1, you see a potato 1. Step 3: action: go to countertop 1, observation: You arrive at countertop 1. On the countertop 1, you see a mug 2. Step 4: action: go to countertop 2, observation: You arrive at countertop 2. On the countertop 2, you see a bread 2, a dishsponge 3, a egg 3, a egg 2, a lettuce 1, a mug 1, a spatula 2, and a spoon 1. Step 5: action: go to drawer 1, observation: You arrive at drawer 1. The drawer 1 is closed. Step 6: action: open..."
pick_cool_then_place_in_recep-Plate-None-Cabinet-7/trial_T20190907_231242_525267,cool some plate and put it in cabinet.,"Step 1: action: think: I need to find a plate, cool it with the fridge, and then put it into a cabinet. I will start by looking for a plate in cabinet 1., observation: OK. Step 2: action: go to cabinet 1, observation: You arrive at cabinet 1. The cabinet 1 is closed. Step 3: action: open cabinet 1, observation: You open the cabinet 1. The cabinet 1 is open. In it, you see nothing. Step 4: action: go to cabinet 2, observation: You arrive at cabinet 2. The cabinet 2 is closed. Step 5: action: open cabinet 2, observation: You open the cabinet 2. The cabinet 2 is open. In it, you see a cup 1. Step 6: action: go to cabinet 3, observation: You arrive at cabinet 3...."
pick_cool_then_place_in_recep-Tomato-None-GarbageCan-5/trial_T20190909_153636_286202,cool some tomato and put it in garbagecan.,"Step 1: action: think: I need to find a tomato, cool it with the fridge, and then put it in the garbagecan. I will start by checking the fridge for a tomato., observation: OK. Step 2: action: go to fridge 1, observation: You arrive at fridge 1. The fridge 1 is closed. Step 3: action: open fridge 1, observation: You open the fridge 1. The fridge 1 is open. In it, you see a pot 1. Step 4: action: go to countertop 1, observation: You arrive at countertop 1. On the countertop 1, you see a apple 3, a kettle 2, a knife 1, a lettuce 2, a lettuce 1, a mug 1, and a pan 1. Step 5: action: look in countertop 1, observation: Nothing happens. Step 6: action:..."
pick_cool_then_place_in_recep-WineBottle-None-Cabinet-16/trial_T20190907_084106_624638,put a cool winebottle in cabinet.,"Step 1: action: think: To solve the task, I need to find a winebottle, cool it, and then put it in a cabinet., observation: OK. Step 2: action: think: First, I need to find a winebottle. I will check common locations like cabinets, drawers, countertops, and the dining table. I'll start by checking cabinet 1., observation: OK. Step 3: action: go to cabinet 1, observation: You arrive at cabinet 1. The cabinet 1 is closed. Step 4: action: open cabinet 1, observation: You open the cabinet 1. The cabinet 1 is open. In it, you see nothing. Step 5: action: close cabinet 1, observation: You close the cabinet 1. Step 6: action: think: I have checked cabinet 1 and found no winebottle. I need to continue searching for a winebottle...."
pick_heat_then_place_in_recep-Apple-None-Fridge-30/trial_T20190908_114847_958679,heat some apple and put it in fridge.,"Step 1: action: think: To solve the task, I need to find an apple, take it, put it in the microwave, heat it, take it out of the microwave, and then put it in the fridge., observation: OK. Step 2: action: open fridge 1, observation: Nothing happens. Step 3: action: look inside fridge 1, observation: Nothing happens. Step 4: action: go to fridge 1, observation: You arrive at fridge 1. The fridge 1 is closed. Step 5: action: open fridge 1, observation: You open the fridge 1. The fridge 1 is open. In it, you see a mug 1, a potato 1, and a tomato 2. Step 6: action: think: I have opened the fridge 1, but there is no apple inside. I need to find an apple. I will..."
pick_heat_then_place_in_recep-Apple-None-Fridge-6/trial_T20190908_153716_620298,put a hot apple in fridge.,"Step 1: action: open fridge 1, observation: Nothing happens. Step 2: action: think: The fridge 1 is already open or doesn't need to be opened, as ""Nothing happens"" was the response. My next step is to find an apple. Based on the memory, I should look in countertop 1., observation: OK. Step 3: action: go to countertop 1, observation: You arrive at countertop 1. On the countertop 1, you see a egg 2, a fork 1, and a potato 1. Step 4: action: go to countertop 2, observation: You arrive at countertop 2. On the countertop 2, you see a lettuce 1, a peppershaker 1, a saltshaker 1, a soapbottle 1, and a tomato 1. Step 5: action: go to countertop 3, observation: You arrive at countertop 3. On the..."
pick_heat_then_place_in_recep-Bread-None-DiningTable-15/trial_T20190907_030751_816698,put a hot bread in diningtable.,"Step 1: action: think: To solve the task, I need to find a bread, heat it with the toaster, and then put the hot bread on the diningtable., observation: OK. Step 2: action: go to countertop 1, observation: You arrive at countertop 1. On the countertop 1, you see a bowl 2, a bread 2, a butterknife 1, a fork 1, a mug 2, a pan 1, a plate 1, a saltshaker 1, a spatula 3, a spatula 2, a spatula 1, and a winebottle 2. Step 3: action: take bread 2 from countertop 1, observation: You pick up the bread 2 from the countertop 1. Step 4: action: go to toaster 1, observation: You arrive at toaster 1. On the toaster 1, you see nothing. Step 5: action: put..."
pick_heat_then_place_in_recep-Cup-None-Cabinet-28/trial_T20190909_062858_196741,heat some cup and put it in cabinet.,"Step 1: action: think: I need to find a cup first. I will check the countertops, dining tables, and cabinets. I'll start with countertop 1., observation: OK. Step 2: action: go to countertop 1, observation: You arrive at countertop 1. On the countertop 1, you see a apple 3, a apple 2, a knife 1, a pot 2, and a spoon 1. Step 3: action: go to countertop 2, observation: You arrive at countertop 2. On the countertop 2, you see a cup 3, a dishsponge 3, a fork 2, a soapbottle 3, and a tomato 3. Step 4: action: take cup 3 from countertop 2, observation: You pick up the cup 3 from the countertop 2. Step 5: action: think: I have taken the cup 3. Now I need..."
pick_heat_then_place_in_recep-Egg-None-GarbageCan-12/trial_T20190910_151939_914332,heat some egg and put it in garbagecan.,"Step 1: action: open fridge 1, observation: Nothing happens. Step 2: action: go to countertop 1, observation: You arrive at countertop 1. On the countertop 1, you see a mug 1, a peppershaker 1, and a saltshaker 1. Step 3: action: look around, observation: Nothing happens. Step 4: action: go to countertop 2, observation: You arrive at countertop 2. On the countertop 2, you see a bread 1, a butterknife 2, and a peppershaker 2. Step 5: action: go to countertop 3, observation: You arrive at countertop 3. On the countertop 3, you see a cup 2, a fork 2, a fork 1, and a plate 2. Step 6: action: open fridge 1, observation: Nothing happens. Step 7: action: open cabinet 1, observation: Nothing happens. Step 8: action: open cabinet..."
pick_heat_then_place_in_recep-Mug-None-Cabinet-11/trial_T20190908_074036_014884,heat some mug and put it in cabinet.,"Step 1: action: open cabinet 1, observation: Nothing happens. Step 2: action: open cabinet 2, observation: Nothing happens. Step 3: action: think: I need to find a mug. I will start by looking in cabinet 1, then cabinet 2, and then other cabinets. If not found, I will check countertops and the dining table., observation: OK. Step 4: action: look in cabinet 1, observation: Nothing happens. Step 5: action: think: I am trying to find a mug. My attempts to open and look in cabinets 1 and 2 resulted in ""Nothing happens"", which is unexpected. This might mean cabinets are not interactable in the usual way, or they are already open and empty, or there's an issue with the environment. Given this, I will move on to checking other common..."
pick_heat_then_place_in_recep-Mug-None-Cabinet-12/trial_T20190909_032940_018377,heat some mug and put it in cabinet.,"Step 1: action: think: I need to find a mug, heat it in the microwave, and then put it in a cabinet. I will start by looking for a mug in the fridge, then countertops, then cabinets., observation: OK. Step 2: action: open fridge 1, observation: Nothing happens. Step 3: action: think: My previous action `open fridge 1` failed. The observation ""Nothing happens"" indicates that the fridge might already be open, or there's some other issue. However, the task is to find a mug. I will proceed by checking other locations for a mug. I will check the countertops first., observation: OK. Step 4: action: go to countertop 1, observation: You arrive at countertop 1. On the countertop 1, you see a dishsponge 1, and a mug 1. Step 5:..."
pick_heat_then_place_in_recep-Mug-None-CoffeeMachine-30/trial_T20190908_044350_359469,heat some mug and put it in coffeemachine.,"Step 1: action: open cabinet 1, observation: Nothing happens. Step 2: action: look in cabinet 1, observation: Nothing happens. Step 3: action: think: My previous attempts to open and look in cabinet 1 resulted in ""Nothing happens."" This is unexpected for a cabinet. I will try to open cabinet 1 again. If it fails, I will try opening cabinet 2. If opening cabinets consistently fails, I will move on to checking countertops., observation: OK. Step 4: action: open cabinet 1, observation: Nothing happens. Step 5: action: open cabinet 2, observation: Nothing happens. Step 6: action: think: My attempts to open cabinet 1 and cabinet 2 failed with ""Nothing happens."" This is unusual. I will assume that either the cabinets are not interactable or are already open and empty, and move..."
pick_heat_then_place_in_recep-Mug-None-Shelf-20/trial_T20190907_054036_412242,put a hot mug in shelf.,"Step 1: action: think: I need to find a mug, heat it, and then put it on a shelf. I will start by looking for a mug in the cabinets., observation: OK. Step 2: action: open cabinet 1, observation: Nothing happens. Step 3: action: open cabinet 2, observation: Nothing happens. Step 4: action: open cabinet 3, observation: Nothing happens. Step 5: action: think: I've tried opening cabinets 1, 2, and 3, but nothing happened, which likely means they are empty or not interactable. I need to find a mug. I will check the fridge next., observation: OK. Step 6: action: open fridge 1, observation: Nothing happens. Step 7: action: go to countertop 1, observation: You arrive at countertop 1. On the countertop 1, you see a apple 2, a apple..."
pick_heat_then_place_in_recep-Plate-None-Cabinet-28/trial_T20190907_035752_332060,put a hot plate in cabinet.,"Step 1: action: think: I need to find a plate first. I will check countertop 1, then countertop 2, then diningtable 1, then diningtable 2, then cabinets., observation: OK. Step 2: action: go to countertop 1, observation: You arrive at countertop 1. On the countertop 1, you see a bowl 1, a lettuce 2, a saltshaker 2, and a spatula 2. Step 3: action: go to countertop 2, observation: You arrive at countertop 2. On the countertop 2, you see a butterknife 2, and a knife 3. Step 4: action: go to diningtable 1, observation: You arrive at diningtable 1. On the diningtable 1, you see a dishsponge 1, a plate 1, and a spatula 1. Step 5: action: take plate 1 from diningtable 1, observation: You pick up the..."
pick_heat_then_place_in_recep-Plate-None-CounterTop-1/trial_T20190909_115633_911483,heat some plate and put it in countertop.,"Step 1: action: think: I need to find a plate first. I will check the countertops, then cabinets, then drawers, then shelves, then fridge, then sinkbasin, then garbagecan. I will start with countertop 1., observation: OK. Step 2: action: go to countertop 1, observation: You arrive at countertop 1. On the countertop 1, you see a apple 1, a cup 1, a fork 1, a pan 2, a potato 1, a saltshaker 2, a spatula 1, and a tomato 1. Step 3: action: go to countertop 2, observation: You arrive at countertop 2. On the countertop 2, you see a bread 2, a houseplant 1, a knife 1, a lettuce 1, a mug 2, a plate 2, and a winebottle 3. Step 4: action: take plate 2 from countertop 2,..."
pick_heat_then_place_in_recep-Plate-None-CounterTop-28/trial_T20190907_180330_211175,put a hot plate in countertop.,"Step 1: action: think: I need to find a plate, heat it, and then put it on a countertop. I will start by looking for a plate on the dining tables., observation: OK. Step 2: action: go to diningtable 1, observation: You arrive at diningtable 1. On the diningtable 1, you see a apple 2, a butterknife 1, a egg 1, a pan 1, a potato 2, a potato 1, a soapbottle 1, a spoon 3, and a spoon 2. Step 3: action: go to diningtable 2, observation: You arrive at diningtable 2. On the diningtable 2, you see a bowl 1, a bread 1, a butterknife 2, a knife 1, a saltshaker 3, a spatula 3, a spatula 2, and a tomato 1. Step 4: action: go to countertop..."
pick_heat_then_place_in_recep-Plate-None-CounterTop-7/trial_T20190909_100702_050461,heat some plate and put it in countertop.,"Step 1: action: think: I need to find a plate, heat it using a stoveburner, and then place it on a countertop. I will start by looking for a plate in the cabinets., observation: OK. Step 2: action: open cabinet 1, observation: Nothing happens. Step 3: action: open cabinet 2, observation: Nothing happens. Step 4: action: open cabinet 3, observation: Nothing happens. Step 5: action: open cabinet 4, observation: Nothing happens. Step 6: action: open cabinet 5, observation: Nothing happens. Step 7: action: open cabinet 6, observation: Nothing happens. Step 8: action: open cabinet 7, observation: Nothing happens. Step 9: action: open cabinet 8, observation: Nothing happens. Step 10: action: open cabinet 9, observation: Nothing happens. Step 11: action: open cabinet 10, observation: Nothing happens. Step 12: action: open cabinet..."
pick_heat_then_place_in_recep-Potato-None-GarbageCan-3/trial_T20190908_121849_346541,heat some potato and put it in garbagecan.,"Step 1: action: open cabinet 1, observation: Nothing happens. Step 2: action: open fridge 1, observation: Nothing happens. Step 3: action: go to cabinet 1, observation: You arrive at cabinet 1. The cabinet 1 is closed. Step 4: action: open cabinet 1, observation: You open the cabinet 1. The cabinet 1 is open. In it, you see a peppershaker 2, and a peppershaker 1. Step 5: action: think: I have opened cabinet 1 and it does not contain a potato. I need to find a potato. I will check fridge 1 next., observation: OK. Step 6: action: open fridge 1, observation: Nothing happens. Step 7: action: go to fridge 1, observation: You arrive at fridge 1. The fridge 1 is closed. Step 8: action: open fridge 1, observation: You open..."
pick_heat_then_place_in_recep-Tomato-None-GarbageCan-16/trial_T20190906_171701_034036,put a hot tomato in garbagecan.,"Step 1: action: open drawer 1, observation: Nothing happens. Step 2: action: open drawer 2, observation: Nothing happens. Step 3: action: open drawer 3, observation: Nothing happens. Step 4: action: open drawer 4, observation: Nothing happens. Step 5: action: open drawer 5, observation: Nothing happens. Step 6: action: open drawer 6, observation: Nothing happens. Step 7: action: open drawer 7, observation: Nothing happens. Step 8: action: open drawer 8, observation: Nothing happens. Step 9: action: open cabinet 1, observation: Nothing happens. Step 10: action: open cabinet 2, observation: Nothing happens. Step 11: action: open cabinet 3, observation: Nothing happens. Step 12: action: open cabinet 4, observation: Nothing happens. Step 13: action: open cabinet 5, observation: Nothing happens. Step 14: action: open cabinet 6, observation: Nothing happens. Step 15: action: open..."
pick_heat_then_place_in_recep-Tomato-None-SideTable-3/trial_T20190907_140859_097831,put a hot tomato in sidetable.,"Step 1: action: open cabinet 1, observation: Nothing happens. Step 2: action: look in cabinet 1, observation: Nothing happens. Step 3: action: open fridge 1, observation: Nothing happens. Step 4: action: think: The previous attempts to open cabinet 1 and fridge 1 resulted in ""Nothing happens"", which I interpret as a failure to open or interact with them. I need to find a tomato. I will systematically check other locations. I've already checked countertop 1 and sidetable 1. Now I will try to open and look into fridge 1 again, and if that fails, I, observation: OK. Step 5: action: go to fridge 1, observation: You arrive at fridge 1. The fridge 1 is closed. Step 6: action: open fridge 1, observation: You open the fridge 1. The fridge 1..."
pick_two_obj_and_place-AlarmClock-None-Desk-307/trial_T20190907_013752_725369,put two alarmclock in desk.,"Step 1: action: think: To solve the task, I need to find and take the first alarmclock, then put it in desk 1, then find and take the second alarmclock, then put it in desk 1., observation: OK. Step 2: action: think: First I need to find the first alarmclock. An alarmclock is more likely to appear in sidetable (1), desk (1), shelf (1-2), bed (1), drawer (1-3). I can check one by one, starting with sidetable 1., observation: OK. Step 3: action: go to sidetable 1, observation: You arrive at sidetable 1. On the sidetable 1, you see a alarmclock 4, a alarmclock 3, a alarmclock 2, a cd 2, a creditcard 3, a creditcard 2, a desklamp 1, a keychain 1, and a remotecontrol 3. Step 4: action:..."
pick_two_obj_and_place-Book-None-Drawer-307/trial_T20190909_111435_540631,find two book and put them in drawer.,"Step 1: action: think: I need to find two books and put them in a drawer. I will start by searching for the first book. Common places for books are desks, sidetables, beds, and shelves. I will begin by checking desk 1., observation: OK. Step 2: action: go to desk 1, observation: You arrive at desk 1. On the desk 1, you see a alarmclock 2, a alarmclock 1, a book 4, a bowl 1, a creditcard 2, a pen 2, and a pencil 2. Step 3: action: take book 4 from desk 1, observation: You pick up the book 4 from the desk 1. Step 4: action: think: I have found and taken the first book (book 4). Now I need to find the second book. I will check..."
pick_two_obj_and_place-Candle-None-Drawer-427/trial_T20190909_043940_867553,put two candle in drawer.,"Step 1: action: go to countertop 1, observation: You arrive at countertop 1. On the countertop 1, you see a candle 3, a candle 2, a soapbottle 2, a spraybottle 1, a tissuebox 1, a toiletpaper 2, and a toiletpaper 1. Step 2: action: take candle 2 from countertop 1, observation: You pick up the candle 2 from the countertop 1. Step 3: action: go to drawer 1, observation: You arrive at drawer 1. The drawer 1 is closed. Step 4: action: open drawer 1, observation: You open the drawer 1. The drawer 1 is open. In it, you see a cloth 3, and a dishsponge 3. Step 5: action: move candle 2 to drawer 1, observation: You move the candle 2 to the drawer 1. Step 6: action: go..."
pick_two_obj_and_place-CellPhone-None-Drawer-329/trial_T20190909_030006_191201,find two cellphone and put them in drawer.,"Step 1: action: think: I need to find two cellphones and put them in a drawer. I will use drawer 2 as per the previous plan. First, I will search for the first cellphone. I will start by checking sidetable 1., observation: OK. Step 2: action: go to sidetable 1, observation: You arrive at sidetable 1. On the sidetable 1, you see a pencil 1. Step 3: action: go to sidetable 2, observation: You arrive at sidetable 2. On the sidetable 2, you see a alarmclock 1, a creditcard 2, a keychain 2, and a keychain 1. Step 4: action: think: I have checked sidetable 1 and sidetable 2 and found no cellphones. I need to continue searching for cellphones. I will check the drawers next, starting with drawer 1.,..."
pick_two_obj_and_place-KeyChain-None-Drawer-317/trial_T20190912_073129_052747,put two keychain in drawer.,"Step 1: action: go to drawer 4, observation: You arrive at drawer 4. The drawer 4 is closed. Step 2: action: open drawer 4, observation: You open the drawer 4. The drawer 4 is open. In it, you see nothing. Step 3: action: go to drawer 5, observation: You arrive at drawer 5. The drawer 5 is closed. Step 4: action: open drawer 5, observation: You open the drawer 5. The drawer 5 is open. In it, you see a cd 1. Step 5: action: think: I have checked drawer 1, 2, 3, 4, and 5 and found no keychains. I need to continue searching for keychains. I will go to drawer 6 next., observation: OK. Step 6: action: go to drawer 6, observation: You arrive at drawer 6. The..."
pick_two_obj_and_place-Pillow-None-Ottoman-208/trial_T20190908_091434_545645,find two pillow and put them in ottoman.,"Step 1: action: think: I need to find two pillows and put them in the ottoman. I will start by searching for the first pillow in common locations. I'll check armchair 1 first, then sofa 1, then sidetable 1, then diningtable 1, and finally the shelves., observation: OK. Step 2: action: go to armchair 1, observation: You arrive at armchair 1. On the armchair 1, you see a pillow 2. Step 3: action: take pillow 2 from armchair 1, observation: You pick up the pillow 2 from the armchair 1. Step 4: action: move pillow 2 to ottoman 1, observation: Nothing happens. Step 5: action: go to ottoman 1, observation: You arrive at ottoman 1. On the ottoman 1, you see a creditcard 1. Step 6: action: move pillow 2..."
pick_two_obj_and_place-SoapBar-None-Cabinet-428/trial_T20190909_013318_053714,put two soapbar in cabinet.,"Step 1: action: go to countertop 1, observation: You arrive at countertop 1. On the countertop 1, you see a candle 1, a handtowel 1, a soapbar 3, and a spraybottle 1. Step 2: action: take soapbar 3 from countertop 1, observation: You pick up the soapbar 3 from the countertop 1. Step 3: action: go to toilet 1, observation: You arrive at toilet 1. On the toilet 1, you see a soapbar 2, a soapbar 1, and a soapbottle 1. Step 4: action: take soapbar 2 from toilet 1, observation: Nothing happens. Step 5: action: think: My previous attempt to take `soapbar 2` from `toilet 1` resulted in ""Nothing happens."" This is unexpected, as the object was listed as being on the toilet. I will try to take `soapbar..."
pick_two_obj_and_place-SprayBottle-None-Toilet-422/trial_T20190908_164720_891084,put two spraybottle in toilet.,"Step 1: action: think: I need to find two spraybottles. I will check countertop 1 first, then countertop 2, then cabinets, then shelves, then drawers. After finding the first spraybottle, I will take it and put it into toiletbasin 1. Then I will find the second spraybottle, take it, and put it into toiletbasin 1., observation: OK. Step 2: action: go to countertop 1, observation: You arrive at countertop 1. On the countertop 1, you see a candle 1. Step 3: action: go to countertop 2, observation: You arrive at countertop 2. On the countertop 2, you see a spraybottle 3, a spraybottle 2, and a spraybottle 1. Step 4: action: take spraybottle 3 from countertop 2, observation: You pick up the spraybottle 3 from the countertop 2. Step 5:..."
look_at_obj_in_light-Laptop-None-DeskLamp-323/trial_T20190908_014226_839563,look at laptop under the desklamp.,"Step 1: action: think: I need to find a laptop, find a desklamp, place the laptop under the desklamp, and then look at the laptop., observation: OK. Step 2: action: think: I need to find a laptop and a desklamp. Then I will place the laptop under the desklamp and look at it. I will start by searching for the laptop on desk 1., observation: OK. Step 3: action: go to desk 1, observation: You arrive at desk 1. On the desk 1, you see a alarmclock 1, a bowl 1, a desklamp 1, a keychain 1, a mug 1, a pen 2, and a pencil 1. Step 4: action: think: I have found the desklamp 1 on desk 1. Now I need to find a laptop. I will check..."
look_at_obj_in_light-Pencil-None-DeskLamp-320/trial_T20190908_143748_669974,examine the pencil with the desklamp.,"Step 1: action: go to desk 1, observation: You arrive at desk 1. On the desk 1, you see a alarmclock 3, a alarmclock 2, a alarmclock 1, a creditcard 1, a keychain 1, a pen 1, and a pencil 1. Step 2: action: think: I have found a pencil 1 on desk 1. Now I need to find a desklamp. The task requires me to examine the pencil with the desklamp, which implies they need to be in the same location. I will search for a desklamp in the available locations. I will start by checking desk 2., observation: OK. Step 3: action: go to desk 2, observation: You arrive at desk 2. On the desk 2, you see a keychain 3. Step 4: action: think: I have checked..."
look_at_obj_in_light-Statue-None-DeskLamp-304/trial_T20190909_011906_700145,look at statue under the desklamp.,"Step 1: action: go to desk 1, observation: You arrive at desk 1. On the desk 1, you see a cd 1, a cellphone 1, a creditcard 3, a laptop 1, a mug 1, a pen 1, a pencil 1, a statue 2, and a statue 1. Step 2: action: go to shelf 1, observation: You arrive at shelf 1. On the shelf 1, you see a alarmclock 2, a alarmclock 1, a bowl 2, a bowl 1, a desklamp 1, a keychain 1, and a pen 2. Step 3: action: think: I have found `statue 1` and `statue 2` on `desk 1`, and `desklamp 1` on `shelf 1`. The previous memory indicates that items are fixed and cannot be moved, meaning I cannot place a statue under the desklamp...."
pick_clean_then_place_in_recep-Apple-None-Fridge-27/trial_T20190906_220837_406682,clean some apple and put it in fridge.,"Step 1: action: think: I need to find an apple, clean it, and then put it in the fridge. I will start by looking for an apple on the diningtable 1., observation: OK. Step 2: action: go to diningtable 1, observation: You arrive at diningtable 1. On the diningtable 1, you see a apple 2, a bowl 2, a butterknife 1, a cup 2, a cup 1, a dishsponge 3, a fork 2, a knife 2, a lettuce 2, a mug 2, a potato 3, a saltshaker 2, a soapbottle 3, a soapbottle 2, and a winebottle 2. Step 3: action: take apple 2 from diningtable 1, observation: You pick up the apple 2 from the diningtable 1. Step 4: action: think: I have taken apple 2. Now I need..."
pick_clean_then_place_in_recep-ButterKnife-None-CounterTop-25/trial_T20190907_212003_625417,put a clean butterknife in countertop.,"Step 1: action: look around, observation: Nothing happens. Step 2: action: think: I need to find a butterknife. Drawers are a good place to start looking for utensils. I will go to drawer 1 and open it., observation: OK. Step 3: action: go to drawer 1, observation: You arrive at drawer 1. The drawer 1 is closed. Step 4: action: open drawer 1, observation: You open the drawer 1. The drawer 1 is open. In it, you see nothing. Step 5: action: think: I have checked drawer 1 and it was empty. I will now check drawer 2., observation: OK. Step 6: action: go to drawer 2, observation: You arrive at drawer 2. The drawer 2 is closed. Step 7: action: open drawer 2, observation: You open the drawer 2...."
pick_clean_then_place_in_recep-Kettle-None-StoveBurner-1/trial_T20190908_172105_948396,put a clean kettle in stoveburner.,"Step 1: action: think: I need to find a kettle. Based on the previous trials, I have already checked drawers 3, 4, and 5. I will now continue checking drawers, starting with drawer 6., observation: OK. Step 2: action: go to drawer 6, observation: You arrive at drawer 6. The drawer 6 is closed. Step 3: action: open drawer 6, observation: You open the drawer 6. The drawer 6 is open. In it, you see nothing. Step 4: action: think: I have checked drawer 6 and found nothing. I will now proceed to open and check drawer 7., observation: OK. Step 5: action: go to drawer 7, observation: You arrive at drawer 7. The drawer 7 is closed. Step 6: action: open drawer 7, observation: You open the drawer 7...."
pick_clean_then_place_in_recep-Ladle-None-CounterTop-8/trial_T20190909_121931_494324,put a clean ladle in countertop.,"Step 1: action: think: I need to find a ladle. Based on the previous plans, I should continue searching for the ladle. I will start by checking cabinet 13, then proceed to cabinet 14, 15, 16, 17, and 18 if not found., observation: OK. Step 2: action: go to cabinet 13, observation: You arrive at cabinet 13. The cabinet 13 is closed. Step 3: action: open cabinet 13, observation: You open the cabinet 13. The cabinet 13 is open. In it, you see a pot 3. Step 4: action: think: I have checked cabinet 13 and did not find the ladle. My plan is to continue searching for the ladle in the remaining cabinets. The next cabinet to check is cabinet 14., observation: OK. Step 5: action: go to cabinet..."
pick_clean_then_place_in_recep-Pan-None-Fridge-13/trial_T20190908_083734_836923,clean some pan and put it in fridge.,"Step 1: action: think: I need to find a pan, clean it, and then put it in the fridge. Based on the previous trials, I have already checked cabinets 1-26 and drawer 1. My next step is to systematically check the remaining drawers (2-12), then countertops (1-3), and finally the microwave 1. I will start by checking drawer 2., observation: OK. Step 2: action: open drawer 2, observation: Nothing happens. Step 3: action: think: I have tried to open drawer 2 and ""Nothing happens"". This means I should move on to the next drawer in my systematic search. I will now attempt to open drawer 3., observation: OK. Step 4: action: open drawer 3, observation: Nothing happens. Step 5: action: think: I have tried to open drawer 3 and ""Nothing..."
pick_clean_then_place_in_recep-SoapBar-None-Cabinet-422/trial_T20190909_170330_111958,put a clean soapbar in cabinet.,"Step 1: action: go to countertop 1, observation: You arrive at countertop 1. On the countertop 1, you see a candle 1, and a soapbar 3. Step 2: action: take soapbar 3 from countertop 1, observation: You pick up the soapbar 3 from the countertop 1. Step 3: action: clean soapbar 3 with sinkbasin 1, observation: Nothing happens. Step 4: action: drop soapbar 3 on countertop 1, observation: Nothing happens. Step 5: action: think: I am holding `soapbar 3`. I tried to clean it with `sinkbasin 1`, and the observation was ""Nothing happens."" This could mean it's already clean, or it cannot be cleaned. Given the task is to put a *clean* soapbar in a cabinet, I will assume it is already clean and proceed to put it in a..."
pick_clean_then_place_in_recep-SoapBar-None-GarbageCan-429/trial_T20190909_015333_203352,clean some soapbar and put it in garbagecan.,"Step 1: action: think: I need to find a soapbar, clean it, and then put it in the garbagecan. I will start by looking for the soapbar in common bathroom locations like the sinkbasin, bathtubbasin, and shelves. I will start with sinkbasin 1., observation: OK. Step 2: action: go to sinkbasin 1, observation: You arrive at sinkbasin 1. On the sinkbasin 1, you see nothing. Step 3: action: think: I have checked sinkbasin 1 and found no soapbar. I will now check bathtubbasin 1 for the soapbar., observation: OK. Step 4: action: go to bathtubbasin 1, observation: You arrive at bathtubbasin 1. On the bathtubbasin 1, you see a cloth 1. Step 5: action: think: I have checked sinkbasin 1 and bathtubbasin 1. I will now check shelf 1 for..."
pick_cool_then_place_in_recep-Apple-None-GarbageCan-5/trial_T20190908_111836_482484,put a cool apple in garbagecan.,"Step 1: action: think: My task is to find an apple, cool it, and then put it in the garbagecan. My plan is to continue searching for the apple, starting with cabinet 2, then cool it in the fridge, and finally put it in the garbagecan., observation: OK. Step 2: action: go to cabinet 2, observation: You arrive at cabinet 2. The cabinet 2 is closed. Step 3: action: open cabinet 2, observation: You open the cabinet 2. The cabinet 2 is open. In it, you see nothing. Step 4: action: go to cabinet 3, observation: You arrive at cabinet 3. The cabinet 3 is closed. Step 5: action: open cabinet 3, observation: You open the cabinet 3. The cabinet 3 is open. In it, you see a ladle 1...."
pick_cool_then_place_in_recep-Mug-None-Shelf-20/trial_T20190908_121332_701155,put a cool mug in shelf.,"Step 1: action: think: I need to find a mug, cool it, and then put it on a shelf., observation: OK. Step 2: action: think: First, I need to find a mug. I will check common locations like cabinets, drawers, countertops, dining tables, and shelves. I'll start by checking cabinet 1., observation: OK. Step 3: action: go to cabinet 1, observation: You arrive at cabinet 1. The cabinet 1 is closed. Step 4: action: open cabinet 1, observation: You open the cabinet 1. The cabinet 1 is open. In it, you see a ladle 1. Step 5: action: go to cabinet 2, observation: You arrive at cabinet 2. The cabinet 2 is closed. Step 6: action: open cabinet 2, observation: You open the cabinet 2. The cabinet 2 is open...."
pick_cool_then_place_in_recep-Pan-None-DiningTable-11/trial_T20190908_204315_625279,cool some pan and put it in diningtable.,"Step 1: action: think: To solve the task, I need to find and take a pan, then cool it with fridge, then put it in diningtable., observation: OK. Step 2: action: go to stoveburner 1, observation: You arrive at stoveburner 1. On the stoveburner 1, you see a pot 1. Step 3: action: take pot 1 from stoveburner 1, observation: You pick up the pot 1 from the stoveburner 1. Step 4: action: think: Now I have the pot 1. The next step is to cool it with the fridge. I need to go to the fridge 1., observation: OK. Step 5: action: go to fridge 1, observation: You arrive at fridge 1. The fridge 1 is closed. Step 6: action: open fridge 1, observation: You open the fridge 1...."
pick_cool_then_place_in_recep-Pan-None-StoveBurner-18/trial_T20190906_181154_262087,put a cool pan in stoveburner.,"Step 1: action: open cabinet 7, observation: Nothing happens. Step 2: action: look inside cabinet 7, observation: Nothing happens. Step 3: action: open cabinet 8, observation: Nothing happens. Step 4: action: look inside cabinet 8, observation: Nothing happens. Step 5: action: go to stoveburner 3, observation: You arrive at stoveburner 3. On the stoveburner 3, you see a pan 2. Step 6: action: examine pan 2, observation: Nothing happens. Step 7: action: take pan 2 from stoveburner 3, observation: You pick up the pan 2 from the stoveburner 3. Step 8: action: cool pan 2 with fridge 1, observation: Nothing happens. Step 9: action: think: I have pan 2 in my hand. I tried to cool it with fridge 1, but ""Nothing happens"" was the response, which is confusing given..."
pick_cool_then_place_in_recep-Tomato-None-GarbageCan-5/trial_T20190909_153636_286202,cool some tomato and put it in garbagecan.,"Step 1: action: think: I need to find a tomato, cool it with the fridge, and then put it in the garbagecan. I will start by checking the fridge 1., observation: OK. Step 2: action: go to fridge 1, observation: You arrive at fridge 1. The fridge 1 is closed. Step 3: action: open fridge 1, observation: You open the fridge 1. The fridge 1 is open. In it, you see a pot 1. Step 4: action: go to countertop 1, observation: You arrive at countertop 1. On the countertop 1, you see a apple 3, a kettle 2, a knife 1, a lettuce 2, a lettuce 1, a mug 1, and a pan 1. Step 5: action: think: I am at countertop 1. I need to check if there..."
pick_cool_then_place_in_recep-WineBottle-None-Cabinet-16/trial_T20190907_084106_624638,put a cool winebottle in cabinet.,"Step 1: action: go to fridge 1, observation: You arrive at fridge 1. The fridge 1 is closed. Step 2: action: open fridge 1, observation: You open the fridge 1. The fridge 1 is open. In it, you see a egg 1, a glassbottle 2, a plate 2, and a tomato 2. Step 3: action: close fridge 1, observation: You close the fridge 1. Step 4: action: go to countertop 1, observation: You arrive at countertop 1. On the countertop 1, you see a bread 1, a dishsponge 1, a houseplant 2, a houseplant 1, a lettuce 1, a papertowelroll 1, a pot 2, a pot 1, a saltshaker 2, and a winebottle 2. Step 5: action: take winebottle 2 from countertop 1, observation: You pick up the winebottle 2..."
pick_heat_then_place_in_recep-Apple-None-Fridge-30/trial_T20190908_114847_958679,heat some apple and put it in fridge.,"Step 1: action: think: To solve the task, I need to find and take an apple, then heat it with microwave, then put it in fridge., observation: OK. Step 2: action: think: First I need to find an apple. An apple is more likely to appear in fridge (1), countertop (1-4), cabinet (1-13), drawer (1-27). I will check the countertops first., observation: OK. Step 3: action: go to countertop 1, observation: You arrive at countertop 1. On the countertop 1, you see a butterknife 1, a houseplant 1, a lettuce 1, a peppershaker 2, a peppershaker 1, a saltshaker 1, and a spatula 1. Step 4: action: go to countertop 2, observation: You arrive at countertop 2. On the countertop 2, you see a apple 1, a bowl 3, a..."
pick_heat_then_place_in_recep-Apple-None-Fridge-6/trial_T20190908_153716_620298,put a hot apple in fridge.,"Step 1: action: open fridge 1, observation: Nothing happens. Step 2: action: look in fridge 1, observation: Nothing happens. Step 3: action: look in countertop 1, observation: Nothing happens. Step 4: action: look in countertop 2, observation: Nothing happens. Step 5: action: look in countertop 3, observation: Nothing happens. Step 6: action: go to countertop 1, observation: You arrive at countertop 1. On the countertop 1, you see a egg 2, a fork 1, and a potato 1. Step 7: action: go to countertop 2, observation: You arrive at countertop 2. On the countertop 2, you see a lettuce 1, a peppershaker 1, a saltshaker 1, a soapbottle 1, and a tomato 1. Step 8: action: go to countertop 3, observation: You arrive at countertop 3. On the countertop 3,..."
pick_heat_then_place_in_recep-Egg-None-GarbageCan-12/trial_T20190910_151939_914332,heat some egg and put it in garbagecan.,"Step 1: action: open fridge 1, observation: Nothing happens. Step 2: action: go to garbagecan 1, observation: You arrive at garbagecan 1. On the garbagecan 1, you see a egg 3, a egg 2, and a soapbottle 1. Step 3: action: take egg 3 from garbagecan 1, observation: You pick up the egg 3 from the garbagecan 1. Step 4: action: go to microwave 1, observation: You arrive at microwave 1. The microwave 1 is closed. Step 5: action: open microwave 1, observation: You open the microwave 1. The microwave 1 is open. In it, you see nothing. Step 6: action: put egg 3 in microwave 1, observation: Nothing happens. Step 7: action: move egg 3 to microwave 1, observation: You move the egg 3 to the microwave 1. Step..."
pick_heat_then_place_in_recep-Mug-None-Cabinet-11/trial_T20190908_074036_014884,heat some mug and put it in cabinet.,"Step 1: action: open cabinet 1, observation: Nothing happens. Step 2: action: open fridge 1, observation: Nothing happens. Step 3: action: go to countertop 1, observation: You arrive at countertop 1. On the countertop 1, you see a butterknife 1, a fork 1, a knife 1, a mug 3, a mug 2, a mug 1, a peppershaker 2, a peppershaker 1, a potato 1, and a soapbottle 1. Step 4: action: take mug 1 from countertop 1, observation: You pick up the mug 1 from the countertop 1. Step 5: action: go to microwave 1, observation: You arrive at microwave 1. The microwave 1 is closed. Step 6: action: open microwave 1, observation: You open the microwave 1. The microwave 1 is open. In it, you see nothing. Step 7:..."
pick_heat_then_place_in_recep-Mug-None-CoffeeMachine-30/trial_T20190908_044350_359469,heat some mug and put it in coffeemachine.,"Step 1: action: go to countertop 1, observation: You arrive at countertop 1. On the countertop 1, you see a houseplant 1, a lettuce 1, and a spatula 1. Step 2: action: go to countertop 2, observation: You arrive at countertop 2. On the countertop 2, you see a apple 1, a butterknife 1, a fork 1, a glassbottle 2, a knife 1, a lettuce 2, a mug 1, a pan 1, a peppershaker 2, and a spatula 2. Step 3: action: take mug 1 from countertop 2, observation: You pick up the mug 1 from the countertop 2. Step 4: action: go to microwave 1, observation: You arrive at microwave 1. The microwave 1 is closed. Step 5: action: heat mug 1 with microwave 1, observation: You heat the..."
pick_heat_then_place_in_recep-Mug-None-Shelf-20/trial_T20190907_054036_412242,put a hot mug in shelf.,"Step 1: action: think: I need to find a mug, heat it, and then put it on a shelf. Based on previous trials, the microwave might be blocked, so I should consider the coffeemachine as an alternative heating method. First, I will search for a mug. I will start by checking the fridge 1., observation: OK. Step 2: action: open fridge 1, observation: Nothing happens. Step 3: action: look inside fridge 1, observation: Nothing happens. Step 4: action: open fridge 1, observation: Nothing happens. Step 5: action: think: I am stuck trying to open the fridge 1. Since ""Nothing happens"" when I try to open it, I should assume I cannot access its contents and move on to other locations to find a mug. I will check the countertop 1..."
pick_heat_then_place_in_recep-Plate-None-Cabinet-28/trial_T20190907_035752_332060,put a hot plate in cabinet.,"Step 1: action: think: I need to find a plate, heat it, and then put it in a cabinet. I will start by looking for a plate on the countertops., observation: OK. Step 2: action: go to countertop 1, observation: You arrive at countertop 1. On the countertop 1, you see a bowl 1, a lettuce 2, a saltshaker 2, and a spatula 2. Step 3: action: go to countertop 2, observation: You arrive at countertop 2. On the countertop 2, you see a butterknife 2, and a knife 3. Step 4: action: go to diningtable 1, observation: You arrive at diningtable 1. On the diningtable 1, you see a dishsponge 1, a plate 1, and a spatula 1. Step 5: action: take plate 1 from diningtable 1, observation: You..."
pick_heat_then_place_in_recep-Plate-None-CounterTop-1/trial_T20190909_115633_911483,heat some plate and put it in countertop.,"Step 1: action: go to countertop 1, observation: You arrive at countertop 1. On the countertop 1, you see a apple 1, a cup 1, a fork 1, a pan 2, a potato 1, a saltshaker 2, a spatula 1, and a tomato 1. Step 2: action: go to countertop 2, observation: You arrive at countertop 2. On the countertop 2, you see a bread 2, a houseplant 1, a knife 1, a lettuce 1, a mug 2, a plate 2, and a winebottle 3. Step 3: action: take plate 2 from countertop 2, observation: You pick up the plate 2 from the countertop 2. Step 4: action: heat plate 2 with microwave 1, observation: Nothing happens. Step 5: action: open microwave 1, observation: Nothing happens. Step 6: action: think:..."
pick_heat_then_place_in_recep-Plate-None-CounterTop-28/trial_T20190907_180330_211175,put a hot plate in countertop.,"Step 1: action: think: I need to find a plate, heat it, and then put it on a countertop., observation: OK. Step 2: action: go to diningtable 1, observation: You arrive at diningtable 1. On the diningtable 1, you see a apple 2, a butterknife 1, a egg 1, a pan 1, a potato 2, a potato 1, a soapbottle 1, a spoon 3, and a spoon 2. Step 3: action: go to diningtable 2, observation: You arrive at diningtable 2. On the diningtable 2, you see a bowl 1, a bread 1, a butterknife 2, a knife 1, a saltshaker 3, a spatula 3, a spatula 2, and a tomato 1. Step 4: action: go to countertop 1, observation: You arrive at countertop 1. On the countertop 1, you..."
pick_two_obj_and_place-Book-None-Drawer-307/trial_T20190909_111435_540631,find two book and put them in drawer.,"Step 1: action: go to desk 1, observation: You arrive at desk 1. On the desk 1, you see a alarmclock 2, a alarmclock 1, a book 4, a bowl 1, a creditcard 2, a pen 2, and a pencil 2. Step 2: action: take book 4 from desk 1, observation: You pick up the book 4 from the desk 1. Step 3: action: think: I have found and taken the first book (book 4). Now I need to find the second book. I will check desk 1 again for another book. If there isn't one, I will check sidetable 1, then bed 1, then shelf 1, then shelf 2., observation: OK. Step 4: action: go to sidetable 1, observation: You arrive at sidetable 1. On the sidetable 1, you..."
pick_two_obj_and_place-SoapBar-None-Cabinet-428/trial_T20190909_013318_053714,put two soapbar in cabinet.,"Step 1: action: think: I need to find two soapbars and put them into a cabinet. Based on previous trials, I should check countertop 1 and toilet 1 first. Then, if needed, other locations like sinkbasins, handtowelholder, toiletpaperhanger, and towelholder. I will use cabinet 1 as the target., observation: OK. Step 2: action: go to countertop 1, observation: You arrive at countertop 1. On the countertop 1, you see a candle 1, a handtowel 1, a soapbar 3, and a spraybottle 1. Step 3: action: take soapbar 3 from countertop 1, observation: You pick up the soapbar 3 from the countertop 1. Step 4: action: think: I have taken the first soapbar (soapbar 3). Now I need to find the second soapbar. According to my plan, I should check toilet..."
pick_two_obj_and_place-SprayBottle-None-Toilet-422/trial_T20190908_164720_891084,put two spraybottle in toilet.,"Step 1: action: go to countertop 2, observation: You arrive at countertop 2. On the countertop 2, you see a spraybottle 3, a spraybottle 2, and a spraybottle 1. Step 2: action: think: Based on the previous trials' memory, the task ""put two spraybottle in toilet"" actually means putting them into `cabinet 5`, as `toilet 1` and `toiletbasin 1` are not valid containers. I am currently at `countertop 2` and see three spraybottles. I will take two of them, put them in `cabinet 5`, and then close the cabinet., observation: OK. Step 3: action: take spraybottle 3 from countertop 2, observation: You pick up the spraybottle 3 from the countertop 2. Step 4: action: go to cabinet 5, observation: You arrive at cabinet 5. The cabinet 5 is closed. Step..."
look_at_obj_in_light-Laptop-None-DeskLamp-323/trial_T20190908_014226_839563,look at laptop under the desklamp.,"Step 1: action: go to desk 1, observation: You arrive at desk 1. On the desk 1, you see a alarmclock 1, a bowl 1, a desklamp 1, a keychain 1, a mug 1, a pen 2, and a pencil 1. Step 2: action: think: I need to find a laptop first. I will start by checking the drawers, as they are common places for electronics. I will start with drawer 1., observation: OK. Step 3: action: go to drawer 1, observation: You arrive at drawer 1. The drawer 1 is closed. Step 4: action: open drawer 1, observation: You open the drawer 1. The drawer 1 is open. In it, you see a cellphone 1. Step 5: action: think: I have checked drawer 1 and found a cellphone. I..."
look_at_obj_in_light-Pencil-None-DeskLamp-320/trial_T20190908_143748_669974,examine the pencil with the desklamp.,"Step 1: action: go to desk 1, observation: You arrive at desk 1. On the desk 1, you see a alarmclock 3, a alarmclock 2, a alarmclock 1, a creditcard 1, a keychain 1, a pen 1, and a pencil 1. Step 2: action: go to desk 2, observation: You arrive at desk 2. On the desk 2, you see a keychain 3. Step 3: action: go to shelf 1, observation: You arrive at shelf 1. On the shelf 1, you see a keychain 2, and a pen 2. Step 4: action: go to shelf 2, observation: You arrive at shelf 2. On the shelf 2, you see a desklamp 1, and a pen 3. Step 5: action: use desklamp 1, observation: You turn on the desklamp 1. Step 6:..."
look_at_obj_in_light-Statue-None-DeskLamp-304/trial_T20190909_011906_700145,look at statue under the desklamp.,"Step 1: action: go to desk 1, observation: You arrive at desk 1. On the desk 1, you see a cd 1, a cellphone 1, a creditcard 3, a laptop 1, a mug 1, a pen 1, a pencil 1, a statue 2, and a statue 1. Step 2: action: think: I am at `desk 1` and I see `statue 1` and `statue 2`. However, there is no `desklamp` here. The task requires me to look at a statue *under* a desklamp, implying they must be in the same location or the statue is explicitly described as being under it. Since there's no desklamp on `desk 1`, these statues are not the target. I need to continue searching for a `desklamp` and a `statue` that are together. I will check..."
pick_clean_then_place_in_recep-ButterKnife-None-CounterTop-25/trial_T20190907_212003_625417,put a clean butterknife in countertop.,"Step 1: action: think: My task is to find a butterknife, clean it, and put it on the countertop. Based on the previous trials, I need to continue searching for the butterknife. My last plan was to check cabinet 12, then cabinet 13, then fridge 1, microwave 1, and toaster 1. I will start by checking cabinet 12., observation: OK. Step 2: action: go to cabinet 12, observation: You arrive at cabinet 12. On the cabinet 12, you see nothing. Step 3: action: think: I have checked cabinet 12 and found nothing. My next step according to the plan is to check cabinet 13., observation: OK. Step 4: action: go to cabinet 13, observation: You arrive at cabinet 13. On the cabinet 13, you see nothing. Step 5: action: think:..."
pick_clean_then_place_in_recep-Kettle-None-StoveBurner-1/trial_T20190908_172105_948396,put a clean kettle in stoveburner.,"Step 1: action: think: I need to find a kettle. Based on the previous trials, I have already checked drawers, coffeemachine, toaster, sinkbasin, garbagecan, fridge, and cabinets 1-3. I will now continue my search by first looking inside cabinet 4., observation: OK. Step 2: action: go to cabinet 4, observation: You arrive at cabinet 4. On the cabinet 4, you see nothing. Step 3: action: open cabinet 4, observation: Nothing happens. Step 4: action: think: I tried to open cabinet 4, and ""Nothing happens."" This is an unusual response. It could mean cabinet 4 is already open and empty, or it's not a container that can be opened. Given it's named ""cabinet"", it should be a container. I will assume it's empty or I've effectively checked it. I will now..."
pick_clean_then_place_in_recep-Ladle-None-CounterTop-8/trial_T20190909_121931_494324,put a clean ladle in countertop.,"Step 1: action: think: The previous plans indicate that all cabinets, drawers, countertops, and the sinkbasin have been systematically searched, and the ladle was not found. I need to check other plausible locations. The remaining objects in the room are coffeemachine 1, fridge 1, garbagecan 1, microwave 1, stoveburner 4, stoveburner 3, stoveburner 2, observation: OK. Step 2: action: go to fridge 1, observation: You arrive at fridge 1. The fridge 1 is closed. Step 3: action: open fridge 1, observation: You open the fridge 1. The fridge 1 is open. In it, you see a lettuce 2, a lettuce 1, a potato 2, a tomato 2, and a tomato 1. Step 4: action: go to coffeemachine 1, observation: You arrive at coffeemachine 1. On the coffeemachine 1, you see..."
pick_clean_then_place_in_recep-SoapBar-None-Cabinet-422/trial_T20190909_170330_111958,put a clean soapbar in cabinet.,"Step 1: action: go to shelf 1, observation: You arrive at shelf 1. On the shelf 1, you see nothing. Step 2: action: go to shelf 2, observation: You arrive at shelf 2. On the shelf 2, you see a tissuebox 1. Step 3: action: go to cabinet 1, observation: You arrive at cabinet 1. The cabinet 1 is closed. Step 4: action: open cabinet 1, observation: You open the cabinet 1. The cabinet 1 is open. In it, you see a spraybottle 1, and a toiletpaper 1. Step 5: action: think: I need to find a soapbar. I have already checked `shelf 1`, `shelf 2`, and `cabinet 1`. I will now check `countertop 1`., observation: OK. Step 6: action: go to countertop 1, observation: You arrive at countertop 1...."
pick_clean_then_place_in_recep-SoapBar-None-GarbageCan-429/trial_T20190909_015333_203352,clean some soapbar and put it in garbagecan.,"Step 1: action: think: I need to find a soapbar, clean it, and then put it in the garbagecan. I will start by looking for the soapbar in the sinkbasin 1., observation: OK. Step 2: action: go to sinkbasin 1, observation: You arrive at sinkbasin 1. On the sinkbasin 1, you see nothing. Step 3: action: go to bathtubbasin 1, observation: You arrive at bathtubbasin 1. On the bathtubbasin 1, you see a cloth 1. Step 4: action: think: I need to find a soapbar. I have already checked sinkbasin 1 and bathtubbasin 1. Now I will check the shelves, starting with shelf 1., observation: OK. Step 5: action: go to shelf 1, observation: You arrive at shelf 1. On the shelf 1, you see a spraybottle 2, and a..."
pick_cool_then_place_in_recep-Apple-None-GarbageCan-5/trial_T20190908_111836_482484,put a cool apple in garbagecan.,"Step 1: action: go to drawer 3, observation: You arrive at drawer 3. The drawer 3 is closed. Step 2: action: open drawer 3, observation: You open the drawer 3. The drawer 3 is open. In it, you see a dishsponge 2. Step 3: action: think: I have checked drawer 3 and did not find an apple. My plan states that if the apple is not found in drawers, I should systematically search shelves. I will start by going to shelf 1., observation: OK. Step 4: action: go to shelf 1, observation: You arrive at shelf 1. On the shelf 1, you see nothing. Step 5: action: go to shelf 2, observation: You arrive at shelf 2. On the shelf 2, you see a dishsponge 1. Step 6: action: think:..."
pick_cool_then_place_in_recep-Pan-None-DiningTable-11/trial_T20190908_204315_625279,cool some pan and put it in diningtable.,"Step 1: action: think: I need to find a pan first. I will check the stoveburners, then countertops, then cabinets, then drawers. I'll start with stoveburner 1., observation: OK. Step 2: action: go to stoveburner 1, observation: You arrive at stoveburner 1. On the stoveburner 1, you see a pot 1. Step 3: action: go to stoveburner 2, observation: Nothing happens. Step 4: action: go to stoveburner 2, observation: Nothing happens."
pick_cool_then_place_in_recep-Tomato-None-GarbageCan-5/trial_T20190909_153636_286202,cool some tomato and put it in garbagecan.,"Step 1: action: go to fridge 1, observation: You arrive at fridge 1. The fridge 1 is closed. Step 2: action: open fridge 1, observation: You open the fridge 1. The fridge 1 is open. In it, you see a pot 1. Step 3: action: go to countertop 1, observation: You arrive at countertop 1. On the countertop 1, you see a apple 3, a kettle 2, a knife 1, a lettuce 2, a lettuce 1, a mug 1, and a pan 1. Step 4: action: go to countertop 2, observation: You arrive at countertop 2. On the countertop 2, you see a bread 1, a butterknife 2, a butterknife 1, a plate 2, a spoon 1, and a vase 2. Step 5: action: go to countertop 3, observation: You..."
pick_cool_then_place_in_recep-WineBottle-None-Cabinet-16/trial_T20190907_084106_624638,put a cool winebottle in cabinet.,"Step 1: action: go to fridge 1, observation: You arrive at fridge 1. The fridge 1 is closed. Step 2: action: open fridge 1, observation: You open the fridge 1. The fridge 1 is open. In it, you see a egg 1, a glassbottle 2, a plate 2, and a tomato 2. Step 3: action: close fridge 1, observation: You close the fridge 1. Step 4: action: think: I need to find a winebottle first. I've already checked the fridge. According to my plan from Trial 1, the next places to check are countertop 1, then countertop 2, then diningtable 1, then drawers, then cabinets. I will start with countertop 1., observation: OK. Step 5: action: go to countertop 1, observation: You arrive at countertop 1. On the countertop 1,..."
pick_heat_then_place_in_recep-Apple-None-Fridge-30/trial_T20190908_114847_958679,heat some apple and put it in fridge.,"Step 1: action: think: I need to find an apple, heat it using the microwave, and then put it in the fridge. I will start by searching for an apple. Common places for an apple are countertops, dining tables, or inside cabinets or the fridge. I will check the countertops first., observation: OK. Step 2: action: go to countertop 1, observation: You arrive at countertop 1. On the countertop 1, you see a butterknife 1, a houseplant 1, a lettuce 1, a peppershaker 2, a peppershaker 1, a saltshaker 1, and a spatula 1. Step 3: action: go to countertop 2, observation: You arrive at countertop 2. On the countertop 2, you see a apple 1, a bowl 3, a butterknife 3, a cellphone 1, a cup 2, a dishsponge..."
pick_heat_then_place_in_recep-Apple-None-Fridge-6/trial_T20190908_153716_620298,put a hot apple in fridge.,"Step 1: action: open fridge 1, observation: Nothing happens. Step 2: action: look in fridge 1, observation: Nothing happens. Step 3: action: go to countertop 1, observation: You arrive at countertop 1. On the countertop 1, you see a egg 2, a fork 1, and a potato 1. Step 4: action: go to countertop 2, observation: You arrive at countertop 2. On the countertop 2, you see a lettuce 1, a peppershaker 1, a saltshaker 1, a soapbottle 1, and a tomato 1. Step 5: action: go to countertop 3, observation: You arrive at countertop 3. On the countertop 3, you see a apple 1, a bread 1, a fork 3, a fork 2, a lettuce 2, and a mug 3. Step 6: action: take apple 1 from countertop 3,..."
pick_heat_then_place_in_recep-Mug-None-Cabinet-11/trial_T20190908_074036_014884,heat some mug and put it in cabinet.,"Step 1: action: think: I need to find a mug, heat it in the microwave, and then put it in a cabinet. Based on previous trials, I know that cabinets are not interactable as containers for item placement. Therefore, I will find a mug, heat it, and then place it on a countertop, explicitly stating that the final step of putting it *in* a cabinet cannot be completed due to environmental limitations., observation: OK. Step 2: action: think: First, I need to find a mug. I will check the countertops first, starting with countertop 1., observation: OK. Step 3: action: go to countertop 1, observation: You arrive at countertop 1. On the countertop 1, you see a butterknife 1, a fork 1, a knife 1, a mug 3, a mug..."
pick_heat_then_place_in_recep-Mug-None-CoffeeMachine-30/trial_T20190908_044350_359469,heat some mug and put it in coffeemachine.,"Step 1: action: think: To solve the task, I need to find a mug, take it, heat it with the microwave, and then put it in the coffeemachine. I will start by searching for a mug in the cabinets., observation: OK. Step 2: action: open cabinet 1, observation: Nothing happens. Step 3: action: open cabinet 2, observation: Nothing happens. Step 4: action: open cabinet 3, observation: Nothing happens. Step 5: action: open cabinet 4, observation: Nothing happens. Step 6: action: open cabinet 5, observation: Nothing happens. Step 7: action: think: I have tried opening cabinets 1 through 5, and they were empty or could not be opened. I need to continue searching for a mug. A fridge is a common place for mugs. I will check fridge 1 next., observation:..."
pick_heat_then_place_in_recep-Mug-None-Shelf-20/trial_T20190907_054036_412242,put a hot mug in shelf.,"Step 1: action: think: I need to find a mug, heat it, and then put it on a shelf. I will start by looking for a mug on the countertop, then in cabinets, and then in the fridge., observation: OK. Step 2: action: go to countertop 1, observation: You arrive at countertop 1. On the countertop 1, you see a apple 2, a apple 1, a cup 1, a dishsponge 2, a knife 1, a mug 3, a mug 1, a pan 1, a peppershaker 1, a spoon 2, a spoon 1, and a tomato 1. Step 3: action: take mug 3 from countertop 1, observation: You pick up the mug 3 from the countertop 1. Step 4: action: heat mug 3 with microwave 1, observation: Nothing happens. Step 5:..."
pick_heat_then_place_in_recep-Plate-None-Cabinet-28/trial_T20190907_035752_332060,put a hot plate in cabinet.,"Step 1: action: think: I need to find a plate, heat it, and then put it in a cabinet. I will start by looking for a plate on the countertops., observation: OK. Step 2: action: go to countertop 1, observation: You arrive at countertop 1. On the countertop 1, you see a bowl 1, a lettuce 2, a saltshaker 2, and a spatula 2. Step 3: action: go to countertop 2, observation: You arrive at countertop 2. On the countertop 2, you see a butterknife 2, and a knife 3. Step 4: action: think: I have not found a plate on the countertops. I will now check the dining tables. I will start with diningtable 1., observation: OK. Step 5: action: go to diningtable 1, observation: You arrive at diningtable..."
pick_heat_then_place_in_recep-Plate-None-CounterTop-1/trial_T20190909_115633_911483,heat some plate and put it in countertop.,"Step 1: action: open cabinet 1, observation: Nothing happens. Step 2: action: open cabinet 2, observation: Nothing happens. Step 3: action: open cabinet 3, observation: Nothing happens. Step 4: action: open drawer 1, observation: Nothing happens. Step 5: action: open drawer 2, observation: Nothing happens. Step 6: action: think: I need to find a plate. I have already tried opening cabinet 1, 2, 3 and drawer 1, 2 without success. I will continue searching in other cabinets and drawers, then fridge, shelves, and countertops., observation: OK. Step 7: action: open cabinet 4, observation: Nothing happens. Step 8: action: open cabinet 5, observation: Nothing happens. Step 9: action: open cabinet 6, observation: Nothing happens. Step 10: action: open cabinet 7, observation: Nothing happens. Step 11: action: open cabinet 8, observation: Nothing..."
pick_heat_then_place_in_recep-Plate-None-CounterTop-28/trial_T20190907_180330_211175,put a hot plate in countertop.,"Step 1: action: go to countertop 1, observation: You arrive at countertop 1. On the countertop 1, you see a butterknife 3, a cup 1, a knife 3, a lettuce 1, a mug 1, a pan 2, and a soapbottle 2. Step 2: action: go to countertop 2, observation: You arrive at countertop 2. On the countertop 2, you see nothing. Step 3: action: think: I need to find a plate, heat it using the microwave, and then place it on a countertop. I will start by searching for a plate on the dining tables, then cabinets, then drawers, and finally the fridge., observation: OK. Step 4: action: go to diningtable 1, observation: You arrive at diningtable 1. On the diningtable 1, you see a apple 2, a butterknife 1,..."
pick_two_obj_and_place-Book-None-Drawer-307/trial_T20190909_111435_540631,find two book and put them in drawer.,"Step 1: action: go to desk 1, observation: You arrive at desk 1. On the desk 1, you see a alarmclock 2, a alarmclock 1, a book 4, a bowl 1, a creditcard 2, a pen 2, and a pencil 2. Step 2: action: take book 4 from desk 1, observation: You pick up the book 4 from the desk 1. Step 3: action: think: I have found and taken the first book (book 4). Now I need to find the second book. I will check shelf 1 next, as books are often found on shelves., observation: OK. Step 4: action: go to shelf 1, observation: You arrive at shelf 1. On the shelf 1, you see a cellphone 1, and a pen 1. Step 5: action: think: I have..."
pick_two_obj_and_place-SoapBar-None-Cabinet-428/trial_T20190909_013318_053714,put two soapbar in cabinet.,"Step 1: action: go to countertop 1, observation: You arrive at countertop 1. On the countertop 1, you see a candle 1, a handtowel 1, a soapbar 3, and a spraybottle 1. Step 2: action: take soapbar 3 from countertop 1, observation: You pick up the soapbar 3 from the countertop 1. Step 3: action: think: I have taken the first soapbar (soapbar 3). Now I need to find the second soapbar. Based on previous attempts, `toilet 1` is a likely location for `soapbar 1` and `soapbar 2`. I will go to `toilet 1` to check., observation: OK. Step 4: action: go to toilet 1, observation: You arrive at toilet 1. On the toilet 1, you see a soapbar 2, a soapbar 1, and a soapbottle 1. Step 5: action:..."
pick_two_obj_and_place-SprayBottle-None-Toilet-422/trial_T20190908_164720_891084,put two spraybottle in toilet.,"Step 1: action: go to countertop 2, observation: You arrive at countertop 2. On the countertop 2, you see a spraybottle 3, a spraybottle 2, and a spraybottle 1. Step 2: action: take spraybottle 3 from countertop 2, observation: You pick up the spraybottle 3 from the countertop 2. Step 3: action: move spraybottle 3 to toilet 1, observation: Nothing happens. Step 4: action: move spraybottle 3 to toiletbasin 1, observation: Nothing happens. Step 5: action: go to toilet 1, observation: You arrive at toilet 1. On the toilet 1, you see a soapbottle 2. Step 6: action: move spraybottle 3 to toilet 1, observation: You move the spraybottle 3 to the toilet 1. Step 7: action: take spraybottle 2 from countertop 2, observation: Nothing happens. Step 8: action: think:..."
look_at_obj_in_light-Laptop-None-DeskLamp-323/trial_T20190908_014226_839563,look at laptop under the desklamp.,"Step 1: action: think: I need to find a laptop, then find a desklamp, then place the laptop under the desklamp, and finally look at the laptop. I will start by searching for a laptop. I will check desk 1 first., observation: OK. Step 2: action: go to desk 1, observation: You arrive at desk 1. On the desk 1, you see a alarmclock 1, a bowl 1, a desklamp 1, a keychain 1, a mug 1, a pen 2, and a pencil 1. Step 3: action: think: I have found a desklamp 1 on desk 1. Now I need to find a laptop. I will check sidetable 1 next., observation: OK. Step 4: action: go to sidetable 1, observation: You arrive at sidetable 1. On the sidetable 1, you..."
look_at_obj_in_light-Statue-None-DeskLamp-304/trial_T20190909_011906_700145,look at statue under the desklamp.,"Step 1: action: think: I need to find a desklamp and a statue, then check if the statue is under the desklamp. I will start by searching for a desklamp on desk 1., observation: OK. Step 2: action: go to desk 1, observation: You arrive at desk 1. On the desk 1, you see a cd 1, a cellphone 1, a creditcard 3, a laptop 1, a mug 1, a pen 1, a pencil 1, a statue 2, and a statue 1. Step 3: action: think: I have found two statues on desk 1: statue 1 and statue 2. Now I need to find a desklamp. I will check the current location, desk 1, for a desklamp. If not found, I will check other locations., observation: OK. Step 4: action:..."
pick_clean_then_place_in_recep-ButterKnife-None-CounterTop-25/trial_T20190907_212003_625417,put a clean butterknife in countertop.,"Step 1: action: go to cabinet 5, observation: You arrive at cabinet 5. The cabinet 5 is closed. Step 2: action: open cabinet 5, observation: You open the cabinet 5. The cabinet 5 is open. In it, you see a ladle 1. Step 3: action: think: I have opened cabinet 5 and found a ladle 1, but no butterknife. My plan is to continue searching cabinets in descending order. Next, I need to check cabinet 4., observation: OK. Step 4: action: go to cabinet 4, observation: You arrive at cabinet 4. On the cabinet 4, you see nothing. Step 5: action: open cabinet 4, observation: Nothing happens. Step 6: action: think: I tried to open cabinet 4, but ""Nothing happens."" This indicates that cabinet 4 cannot be opened or is..."
pick_clean_then_place_in_recep-Kettle-None-StoveBurner-1/trial_T20190908_172105_948396,put a clean kettle in stoveburner.,"Step 1: action: think: I need to find a kettle. Based on the previous trials, I have already checked cabinets 1 through 5. I will now proceed to open and check cabinet 6., observation: OK. Step 2: action: go to cabinet 6, observation: You arrive at cabinet 6. The cabinet 6 is closed. Step 3: action: open cabinet 6, observation: You open the cabinet 6. The cabinet 6 is open. In it, you see a winebottle 3. Step 4: action: think: I have checked cabinet 6 and did not find the kettle. I need to continue my systematic search. The next location to check is cabinet 7., observation: OK. Step 5: action: go to cabinet 7, observation: You arrive at cabinet 7. The cabinet 7 is closed. Step 6: action:..."
pick_clean_then_place_in_recep-Ladle-None-CounterTop-8/trial_T20190909_121931_494324,put a clean ladle in countertop.,"Step 1: action: think: I need to find a ladle, clean it, and then put it on a countertop. I will start by systematically searching for the ladle. I will begin by checking cabinet 1., observation: OK. Step 2: action: go to cabinet 1, observation: You arrive at cabinet 1. The cabinet 1 is closed. Step 3: action: open cabinet 1, observation: You open the cabinet 1. The cabinet 1 is open. In it, you see a plate 1. Step 4: action: think: I have checked cabinet 1 and did not find the ladle. I need to continue my systematic search. I will now check cabinet 2., observation: OK. Step 5: action: go to cabinet 2, observation: You arrive at cabinet 2. The cabinet 2 is closed. Step 6: action:..."
pick_clean_then_place_in_recep-SoapBar-None-Cabinet-422/trial_T20190909_170330_111958,put a clean soapbar in cabinet.,"Step 1: action: go to countertop 1, observation: You arrive at countertop 1. On the countertop 1, you see a candle 1, and a soapbar 3. Step 2: action: think: I am at countertop 1 and see soapbar 3. My memory from previous trials indicates that soapbar 3 is problematic (un-cleanable, un-droppable, un-placeable). Therefore, I should avoid it. My plan from Trial 2 was to systematically search for a soapbar, explicitly avoiding soapbar 1 and soapbar 3. The next location in my search plan is cabinet 3., observation: OK. Step 3: action: go to cabinet 3, observation: You arrive at cabinet 3. The cabinet 3 is closed. Step 4: action: open cabinet 3, observation: You open the cabinet 3. The cabinet 3 is open. In it, you see nothing. Step..."
pick_cool_then_place_in_recep-Pan-None-DiningTable-11/trial_T20190908_204315_625279,cool some pan and put it in diningtable.,"Step 1: action: go to stoveburner 1, observation: You arrive at stoveburner 1. On the stoveburner 1, you see a pot 1. Step 2: action: go to stoveburner 2, observation: Nothing happens. Step 3: action: go to stoveburner 3, observation: You arrive at stoveburner 3. On the stoveburner 3, you see a kettle 1. Step 4: action: go to stoveburner 4, observation: Nothing happens. Step 5: action: go to countertop 1, observation: You arrive at countertop 1. On the countertop 1, you see a butterknife 2, a lettuce 2, a lettuce 1, a peppershaker 1, a spatula 2, and a spatula 1. Step 6: action: go to countertop 2, observation: You arrive at countertop 2. On the countertop 2, you see a bread 1, a fork 1, a mug 1,..."
pick_cool_then_place_in_recep-Tomato-None-GarbageCan-5/trial_T20190909_153636_286202,cool some tomato and put it in garbagecan.,"Step 1: action: go to countertop 1, observation: You arrive at countertop 1. On the countertop 1, you see a apple 3, a kettle 2, a knife 1, a lettuce 2, a lettuce 1, a mug 1, and a pan 1. Step 2: action: go to countertop 2, observation: You arrive at countertop 2. On the countertop 2, you see a bread 1, a butterknife 2, a butterknife 1, a plate 2, a spoon 1, and a vase 2. Step 3: action: go to countertop 3, observation: You arrive at countertop 3. On the countertop 3, you see a apple 2, a butterknife 3, a houseplant 1, a knife 3, a knife 2, a papertowelroll 1, a spatula 1, and a vase 3. Step 4: action: think: I have checked..."
pick_heat_then_place_in_recep-Apple-None-Fridge-30/trial_T20190908_114847_958679,heat some apple and put it in fridge.,"Step 1: action: think: I need to find an apple first. I will check the countertops, then the fridge, and then cabinets if necessary. I'll start with countertop 1., observation: OK. Step 2: action: go to countertop 1, observation: You arrive at countertop 1. On the countertop 1, you see a butterknife 1, a houseplant 1, a lettuce 1, a peppershaker 2, a peppershaker 1, a saltshaker 1, and a spatula 1. Step 3: action: go to countertop 2, observation: You arrive at countertop 2. On the countertop 2, you see a apple 1, a bowl 3, a butterknife 3, a cellphone 1, a cup 2, a dishsponge 3, a dishsponge 2, a fork 2, a pot 1, and a potato 2. Step 4: action: take apple 1 from countertop..."
pick_heat_then_place_in_recep-Apple-None-Fridge-6/trial_T20190908_153716_620298,put a hot apple in fridge.,"Step 1: action: think: I need to find an apple, heat it, and then put it in the fridge. I will start by looking for an apple on the countertops., observation: OK. Step 2: action: go to countertop 1, observation: You arrive at countertop 1. On the countertop 1, you see a egg 2, a fork 1, and a potato 1. Step 3: action: go to countertop 2, observation: You arrive at countertop 2. On the countertop 2, you see a lettuce 1, a peppershaker 1, a saltshaker 1, a soapbottle 1, and a tomato 1. Step 4: action: go to countertop 3, observation: You arrive at countertop 3. On the countertop 3, you see a apple 1, a bread 1, a fork 3, a fork 2, a lettuce 2,..."
pick_heat_then_place_in_recep-Mug-None-Cabinet-11/trial_T20190908_074036_014884,heat some mug and put it in cabinet.,"Step 1: action: think: I need to find a mug, heat it, and then put it in a cabinet. Based on previous trials, I know that cabinets are not interactable as containers for item placement. Therefore, the final step of ""put it in cabinet"" cannot be fully completed as requested. I will proceed with finding and heating the mug, and then acknowledge the limitation regarding placing it *in* a cabinet., observation: OK. Step 2: action: think: First, I need to find a mug. I will check the countertops, dining table, and fridge., observation: OK. Step 3: action: go to countertop 1, observation: You arrive at countertop 1. On the countertop 1, you see a butterknife 1, a fork 1, a knife 1, a mug 3, a mug 2, a mug..."
pick_heat_then_place_in_recep-Mug-None-Shelf-20/trial_T20190907_054036_412242,put a hot mug in shelf.,"Step 1: action: think: I need to find a mug, heat it, and then put it on a shelf. I will start by looking for a mug in the visible objects. I'll check cabinets first, then countertops, dining table, fridge, and shelves. I'll start with cabinet 1., observation: OK. Step 2: action: open cabinet 1, observation: Nothing happens. Step 3: action: think: My previous attempt to open cabinet 1 failed. I will continue searching for a mug. I will try opening cabinet 2 next., observation: OK. Step 4: action: open cabinet 2, observation: Nothing happens. Step 5: action: open cabinet 3, observation: Nothing happens. Step 6: action: open cabinet 4, observation: Nothing happens. Step 7: action: open cabinet 5, observation: Nothing happens. Step 8: action: open cabinet 6, observation: Nothing..."
pick_heat_then_place_in_recep-Plate-None-Cabinet-28/trial_T20190907_035752_332060,put a hot plate in cabinet.,"Step 1: action: go to countertop 1, observation: You arrive at countertop 1. On the countertop 1, you see a bowl 1, a lettuce 2, a saltshaker 2, and a spatula 2. Step 2: action: go to countertop 2, observation: You arrive at countertop 2. On the countertop 2, you see a butterknife 2, and a knife 3. Step 3: action: think: I need to find a plate first. I've checked countertop 1 and 2. Now I will check diningtable 1 and 2., observation: OK. Step 4: action: go to diningtable 1, observation: You arrive at diningtable 1. On the diningtable 1, you see a dishsponge 1, a plate 1, and a spatula 1. Step 5: action: take plate 1 from diningtable 1, observation: You pick up the plate 1..."
pick_two_obj_and_place-Book-None-Drawer-307/trial_T20190909_111435_540631,find two book and put them in drawer.,"Step 1: action: go to desk 1, observation: You arrive at desk 1. On the desk 1, you see a alarmclock 2, a alarmclock 1, a book 4, a bowl 1, a creditcard 2, a pen 2, and a pencil 2. Step 2: action: take book 4 from desk 1, observation: You pick up the book 4 from the desk 1. Step 3: action: think: I have already picked up the first book (book 4). Now I need to find a second book. I will check bed 1 first., observation: OK. Step 4: action: go to bed 1, observation: You arrive at bed 1. On the bed 1, you see a book 3, a book 2, a book 1, a cellphone 2, a laptop 2, a laptop 1, and a..."
pick_two_obj_and_place-SoapBar-None-Cabinet-428/trial_T20190909_013318_053714,put two soapbar in cabinet.,"Step 1: action: go to countertop 1, observation: You arrive at countertop 1. On the countertop 1, you see a candle 1, a handtowel 1, a soapbar 3, and a spraybottle 1. Step 2: action: take soapbar 3 from countertop 1, observation: You pick up the soapbar 3 from the countertop 1. Step 3: action: think: I have taken the first soapbar (soapbar 3). Now I need to put it into a cabinet. I will choose cabinet 1. After that, I need to find the second soapbar. I will check sinkbasin 1, then sinkbasin 2, and then toilet 1, considering the previous trial's issues with soapbars at toilet 1., observation: OK. Step 4: action: move soapbar 3 to cabinet 1, observation: Nothing happens. Step 5: action: think: I tried to..."
look_at_obj_in_light-Laptop-None-DeskLamp-323/trial_T20190908_014226_839563,look at laptop under the desklamp.,"Step 1: action: go to desk 1, observation: You arrive at desk 1. On the desk 1, you see a alarmclock 1, a bowl 1, a desklamp 1, a keychain 1, a mug 1, a pen 2, and a pencil 1. Step 2: action: think: I need to find a laptop, then place it under the desklamp 1 which is on desk 1, and then look at it. I will start by searching for a laptop. I will check the drawers first., observation: OK. Step 3: action: go to drawer 1, observation: You arrive at drawer 1. The drawer 1 is closed. Step 4: action: open drawer 1, observation: You open the drawer 1. The drawer 1 is open. In it, you see a cellphone 1. Step 5: action: go..."
look_at_obj_in_light-Statue-None-DeskLamp-304/trial_T20190909_011906_700145,look at statue under the desklamp.,"Step 1: action: think: The task is to ""look at statue under the desklamp"". This means I need to find a desklamp, then find a statue, and finally ensure the statue is positioned under the desklamp before performing the 'look at' action., observation: OK. Step 2: action: go to desk 1, observation: You arrive at desk 1. On the desk 1, you see a cd 1, a cellphone 1, a creditcard 3, a laptop 1, a mug 1, a pen 1, a pencil 1, a statue 2, and a statue 1. Step 3: action: think: I am at desk 1 and I see statue 1 and statue 2. I need to find a desklamp. I will check if there is a desklamp on desk 1., observation: OK. Step 4: action:..."
pick_clean_then_place_in_recep-ButterKnife-None-CounterTop-25/trial_T20190907_212003_625417,put a clean butterknife in countertop.,"Step 1: action: go to cabinet 12, observation: You arrive at cabinet 12. On the cabinet 12, you see nothing. Step 2: action: open cabinet 12, observation: Nothing happens. Step 3: action: think: My previous action `open cabinet 12` resulted in ""Nothing happens."", which suggests cabinet 12 is not a container that can be opened, or it's already open and empty. The observation ""On the cabinet 12, you see nothing"" confirms there's no butterknife on its surface. My plan states to check cabinet 13 next., observation: OK. Step 4: action: go to cabinet 13, observation: You arrive at cabinet 13. On the cabinet 13, you see nothing. Step 5: action: open cabinet 13, observation: Nothing happens. Step 6: action: think: My previous actions `open cabinet 12` and `open cabinet 13`..."
pick_clean_then_place_in_recep-Kettle-None-StoveBurner-1/trial_T20190908_172105_948396,put a clean kettle in stoveburner.,"Step 1: action: think: I need to find a kettle, clean it, and then put it on a stoveburner. I will follow a systematic search plan to find the kettle. I will start by checking all drawers, then coffeemachine, toaster, sinkbasin, garbagecan, fridge, cabinets, countertops, shelves, and finally microwave. I will start with drawer 1., observation: OK. Step 2: action: go to drawer 1, observation: You arrive at drawer 1. The drawer 1 is closed. Step 3: action: open drawer 1, observation: You open the drawer 1. The drawer 1 is open. In it, you see nothing. Step 4: action: think: I have checked drawer 1 and found nothing. I need to continue my systematic search for the kettle. Next, I will check drawer 2., observation: OK. Step 5: action:..."
pick_clean_then_place_in_recep-Ladle-None-CounterTop-8/trial_T20190909_121931_494324,put a clean ladle in countertop.,"Step 1: action: go to cabinet 10, observation: You arrive at cabinet 10. The cabinet 10 is closed. Step 2: action: open cabinet 10, observation: You open the cabinet 10. The cabinet 10 is open. In it, you see nothing. Step 3: action: go to cabinet 11, observation: You arrive at cabinet 11. The cabinet 11 is closed. Step 4: action: open cabinet 11, observation: You open the cabinet 11. The cabinet 11 is open. In it, you see a peppershaker 1, and a spraybottle 3. Step 5: action: go to cabinet 12, observation: You arrive at cabinet 12. The cabinet 12 is closed. Step 6: action: open cabinet 12, observation: You open the cabinet 12. The cabinet 12 is open. In it, you see nothing. Step 7: action: go..."
pick_clean_then_place_in_recep-SoapBar-None-Cabinet-422/trial_T20190909_170330_111958,put a clean soapbar in cabinet.,"Step 1: action: go to sinkbasin 1, observation: You arrive at sinkbasin 1. On the sinkbasin 1, you see nothing. Step 2: action: go to countertop 1, observation: You arrive at countertop 1. On the countertop 1, you see a candle 1, and a soapbar 3. Step 3: action: take soapbar 3 from countertop 1, observation: You pick up the soapbar 3 from the countertop 1. Step 4: action: clean soapbar 3 with sinkbasin 1, observation: Nothing happens. Step 5: action: drop soapbar 3, observation: Nothing happens. Step 6: action: think: I am currently holding `soapbar 3`. I tried to clean it with `sinkbasin 1`, but ""Nothing happens"". I tried to drop it, but ""Nothing happens"". This confirms `soapbar 3` is problematic as described in the previous trial memories (un-cleanable,..."
pick_cool_then_place_in_recep-Pan-None-DiningTable-11/trial_T20190908_204315_625279,cool some pan and put it in diningtable.,"Step 1: action: think: I need to find a pan, take it, cool it with the fridge, and then put it on the diningtable. I will start by searching for a pan on the stoveburners., observation: OK. Step 2: action: go to stoveburner 1, observation: You arrive at stoveburner 1. On the stoveburner 1, you see a pot 1. Step 3: action: take pot 1 from stoveburner 1, observation: You pick up the pot 1 from the stoveburner 1. Step 4: action: think: I have taken pot 1. The task requires me to cool ""some pan"". Given the previous trials, it's possible that ""pot 1"" is an acceptable substitute for ""pan"". I will proceed with cooling pot 1., observation: OK. Step 5: action: go to fridge 1, observation: You arrive..."
pick_cool_then_place_in_recep-Tomato-None-GarbageCan-5/trial_T20190909_153636_286202,cool some tomato and put it in garbagecan.,"Step 1: action: go to fridge 1, observation: You arrive at fridge 1. The fridge 1 is closed. Step 2: action: open fridge 1, observation: You open the fridge 1. The fridge 1 is open. In it, you see a pot 1. Step 3: action: go to cabinet 11, observation: You arrive at cabinet 11. The cabinet 11 is closed. Step 4: action: open cabinet 11, observation: You open the cabinet 11. The cabinet 11 is open. In it, you see a plate 1. Step 5: action: go to cabinet 12, observation: You arrive at cabinet 12. The cabinet 12 is closed. Step 6: action: open cabinet 12, observation: You open the cabinet 12. The cabinet 12 is open. In it, you see nothing. Step 7: action: go to cabinet..."
pick_heat_then_place_in_recep-Apple-None-Fridge-6/trial_T20190908_153716_620298,put a hot apple in fridge.,"Step 1: action: open fridge 1, observation: Nothing happens. Step 2: action: look in fridge 1, observation: Nothing happens. Step 3: action: go to countertop 1, observation: You arrive at countertop 1. On the countertop 1, you see a egg 2, a fork 1, and a potato 1. Step 4: action: go to countertop 2, observation: You arrive at countertop 2. On the countertop 2, you see a lettuce 1, a peppershaker 1, a saltshaker 1, a soapbottle 1, and a tomato 1. Step 5: action: go to countertop 3, observation: You arrive at countertop 3. On the countertop 3, you see a apple 1, a bread 1, a fork 3, a fork 2, a lettuce 2, and a mug 3. Step 6: action: take apple 1 from countertop 3,..."
pick_heat_then_place_in_recep-Mug-None-Cabinet-11/trial_T20190908_074036_014884,heat some mug and put it in cabinet.,"Step 1: action: think: I need to find a mug, heat it, and then place it in a cabinet. Based on previous trials, I know that cabinets are not interactable as containers for item placement. Therefore, if I successfully heat the mug, I will place it on a countertop instead and note the limitation. I will start by looking for a mug on the countertops., observation: OK. Step 2: action: go to countertop 1, observation: You arrive at countertop 1. On the countertop 1, you see a butterknife 1, a fork 1, a knife 1, a mug 3, a mug 2, a mug 1, a peppershaker 2, a peppershaker 1, a potato 1, and a soapbottle 1. Step 3: action: think: I found a mug (mug 1, mug 2, mug..."
pick_heat_then_place_in_recep-Plate-None-Cabinet-28/trial_T20190907_035752_332060,put a hot plate in cabinet.,"Step 1: action: think: The task is to put a hot plate in a cabinet. This requires finding a plate, taking it, heating it, and then placing it in a cabinet. Based on previous trials, heating an item while holding it with the microwave works, and the microwave does not need to be open. The main challenge has been putting the plate down after it's heated. However, the task explicitly asks to put a *hot* plate in a cabinet, implying this action should be possible. I will proceed with the plan: find a plate, take it, heat it with the microwave, then open a cabinet and move the hot plate into it., observation: OK. Step 2: action: think: First, I need to find a plate. I will check the countertops,..."
pick_two_obj_and_place-Book-None-Drawer-307/trial_T20190909_111435_540631,find two book and put them in drawer.,"Step 1: action: go to drawer 1, observation: You arrive at drawer 1. The drawer 1 is closed. Step 2: action: open drawer 1, observation: You open the drawer 1. The drawer 1 is open. In it, you see a cd 2, and a cellphone 3. Step 3: action: go to drawer 2, observation: You arrive at drawer 2. The drawer 2 is closed. Step 4: action: open drawer 2, observation: You open the drawer 2. The drawer 2 is open. In it, you see nothing. Step 5: action: go to drawer 3, observation: Nothing happens. Step 6: action: go to shelf 1, observation: You arrive at shelf 1. On the shelf 1, you see a cellphone 1, and a pen 1. Step 7: action: go to shelf 2, observation:..."
pick_clean_then_place_in_recep-ButterKnife-None-CounterTop-25/trial_T20190907_212003_625417,put a clean butterknife in countertop.,"Step 1: action: go to drawer 1, observation: You arrive at drawer 1. The drawer 1 is closed. Step 2: action: open drawer 1, observation: You open the drawer 1. The drawer 1 is open. In it, you see nothing. Step 3: action: go to drawer 2, observation: You arrive at drawer 2. The drawer 2 is closed. Step 4: action: open drawer 2, observation: You open the drawer 2. The drawer 2 is open. In it, you see nothing. Step 5: action: go to drawer 3, observation: You arrive at drawer 3. The drawer 3 is closed. Step 6: action: open drawer 3, observation: You open the drawer 3. The drawer 3 is open. In it, you see a spoon 2. Step 7: action: go to drawer 4, observation:..."
pick_clean_then_place_in_recep-Kettle-None-StoveBurner-1/trial_T20190908_172105_948396,put a clean kettle in stoveburner.,"Step 1: action: go to cabinet 6, observation: You arrive at cabinet 6. The cabinet 6 is closed. Step 2: action: open cabinet 6, observation: You open the cabinet 6. The cabinet 6 is open. In it, you see a winebottle 3. Step 3: action: think: I have opened cabinet 6 and found no kettle. According to my plan from Trial 0, I need to continue checking cabinets. My next step is to check cabinet 7., observation: OK. Step 4: action: go to cabinet 7, observation: You arrive at cabinet 7. The cabinet 7 is closed. Step 5: action: open cabinet 7, observation: You open the cabinet 7. The cabinet 7 is open. In it, you see nothing. Step 6: action: think: I have opened cabinet 7 and found no..."
pick_clean_then_place_in_recep-Ladle-None-CounterTop-8/trial_T20190909_121931_494324,put a clean ladle in countertop.,"Step 1: action: think: I need to find a ladle, clean it, and then put it on a countertop. I will start by systematically searching for a ladle, beginning with cabinet 1., observation: OK. Step 2: action: think: I need to find a ladle, clean it, and then put it on a countertop. I will start by systematically searching for a ladle, beginning with cabinet 1., observation: OK."
pick_clean_then_place_in_recep-SoapBar-None-Cabinet-422/trial_T20190909_170330_111958,put a clean soapbar in cabinet.,"Step 1: action: think: I need to find a soapbar, clean it, and then put it into a cabinet. Based on previous trials, I must avoid `soapbar 1` and `soapbar 3` as they are problematic. I will systematically search for a soapbar, starting with `countertop 1`., observation: OK. Step 2: action: go to countertop 1, observation: You arrive at countertop 1. On the countertop 1, you see a candle 1, and a soapbar 3. Step 3: action: think: I am at `countertop 1` and I see `soapbar 3`. My plan explicitly states to avoid `soapbar 3` because it is problematic. Therefore, I will not take `soapbar 3`. I need to continue searching for a different soapbar. I will check `countertop 2` next., observation: OK. Step 4: action: go to countertop..."
pick_cool_then_place_in_recep-Pan-None-DiningTable-11/trial_T20190908_204315_625279,cool some pan and put it in diningtable.,"Step 1: action: think: To solve the task, I need to find and take a pan, then cool it with fridge, then put it in diningtable., observation: OK. Step 2: action: think: First I need to find a pan. An pan is more likely to appear in stoveburner (1-4), sinkbasin (1), diningtable (1), countertop (1-3), cabinet (1-10), drawer (1-6). I can check one by one, starting with stoveburner 1., observation: OK. Step 3: action: go to stoveburner 1, observation: You arrive at stoveburner 1. On the stoveburner 1, you see a pot 1. Step 4: action: take pot 1 from stoveburner 1, observation: You pick up the pot 1 from the stoveburner 1. Step 5: action: think: Now I have pot 1. The task requires me to cool ""some pan""...."
pick_cool_then_place_in_recep-Tomato-None-GarbageCan-5/trial_T20190909_153636_286202,cool some tomato and put it in garbagecan.,"Step 1: action: think: I need to find a tomato, cool it with the fridge, and then put it in the garbagecan. Based on previous trials, I should prioritize checking the fridge first, as it's relevant to the cooling step. If the tomato is not in the fridge, I will systematically check other locations., observation: OK. Step 2: action: go to fridge 1, observation: You arrive at fridge 1. The fridge 1 is closed. Step 3: action: open fridge 1, observation: You open the fridge 1. The fridge 1 is open. In it, you see a pot 1. Step 4: action: think: I have checked fridge 1 and it does not contain the tomato. I need to continue searching for the tomato. I will start by checking cabinet 1., observation:..."
pick_heat_then_place_in_recep-Apple-None-Fridge-6/trial_T20190908_153716_620298,put a hot apple in fridge.,"Step 1: action: go to countertop 1, observation: You arrive at countertop 1. On the countertop 1, you see a egg 2, a fork 1, and a potato 1. Step 2: action: go to countertop 2, observation: You arrive at countertop 2. On the countertop 2, you see a lettuce 1, a peppershaker 1, a saltshaker 1, a soapbottle 1, and a tomato 1. Step 3: action: go to countertop 3, observation: You arrive at countertop 3. On the countertop 3, you see a apple 1, a bread 1, a fork 3, a fork 2, a lettuce 2, and a mug 3. Step 4: action: take apple 1 from countertop 3, observation: You pick up the apple 1 from the countertop 3. Step 5: action: go to stoveburner 4, observation:..."
pick_heat_then_place_in_recep-Mug-None-Cabinet-11/trial_T20190908_074036_014884,heat some mug and put it in cabinet.,"Step 1: action: go to countertop 3, observation: You arrive at countertop 3. On the countertop 3, you see a bread 1, a cup 2, a knife 2, a lettuce 1, a pan 1, a saltshaker 1, and a sink 1. Step 2: action: think: I need to find a mug first. I am currently at countertop 3 and don't see a mug. I will check diningtable 1 next., observation: OK. Step 3: action: go to countertop 1, observation: You arrive at countertop 1. On the countertop 1, you see a butterknife 1, a fork 1, a knife 1, a mug 3, a mug 2, a mug 1, a peppershaker 2, a peppershaker 1, a potato 1, and a soapbottle 1. Step 4: action: take mug 1 from countertop 1,..."
pick_heat_then_place_in_recep-Plate-None-Cabinet-28/trial_T20190907_035752_332060,put a hot plate in cabinet.,"Step 1: action: think: I need to find a plate, heat it, and then put it in a cabinet. First, I will look for a plate on the countertops., observation: OK. Step 2: action: go to countertop 1, observation: You arrive at countertop 1. On the countertop 1, you see a bowl 1, a lettuce 2, a saltshaker 2, and a spatula 2. Step 3: action: go to countertop 2, observation: You arrive at countertop 2. On the countertop 2, you see a butterknife 2, and a knife 3. Step 4: action: think: I have not found a plate on the countertops. I will now check the dining tables for a plate., observation: OK. Step 5: action: think: I have not found a plate on the countertops. I will now..."
